sku,producto,handle,url,ancho_px,alto_px,formato,relacion_aspecto,megapixeles,n_imagenes_producto,productos_con_esta_imagen,alt_presente,imagen_repetida,clasificacion
OYL260416001,Juego de 4 llantas 18 pulgadas Mercedes-Benz – OYL260416001,oyl260416001-18-mercedes-benz,https://cdn.shopify.com/s/files/1/0995/6920/5581/files/wheel-design-001_3f908267-4cb4-4168-9745-d7a3ef22acee.jpg,151,133,jpg,1.135,0.02,1,1,si,no,baja resolución
OYL260416002,Juego de 4 llantas 18 pulgadas Volkswagen – OYL260416002,oyl260416002-18-volkswagen,https://cdn.shopify.com/s/files/1/0995/6920/5581/files/wheel-design-002_fcbdccb0-ef30-4d52-9b3d-bc61acdce804.jpg,167,248,jpg,0.673,0.04,1,1,si,no,baja resolución
OYL260416003,Juego de 4 llantas 17 pulgadas Audi – OYL260416003,oyl260416003-17-audi,https://cdn.shopify.com/s/files/1/0995/6920/5581/files/wheel-design-003_136ad086-5ea2-4262-8d3f-5f156292842f.jpg,158,147,jpg,1.075,0.02,1,1,si,no,baja resolución
OYL260416004,Juego de 4 llantas 18 pulgadas Audi – OYL260416004,oyl260416004-18-audi,https://cdn.shopify.com/s/files/1/0995/6920/5581/files/wheel-design-004_64ca8fe6-daaa-4e5c-a14a-fc3c62415755.jpg,140,131,jpg,1.069,0.02,1,1,si,no,baja resolución
OYL260416005,Juego de 4 llantas 16 pulgadas Volkswagen – OYL260416005,oyl260416005-16-volkswagen,https://cdn.shopify.com/s/files/1/0995/6920/5581/files/wheel-design-005_52ff5705-6c20-493d-992a-bd4e64c689bc.jpg,147,131,jpg,1.122,0.02,1,1,si,no,baja resolución
OYL260416006,Juego de 4 llantas 17 pulgadas Mercedes-Benz – OYL260416006,oyl260416006-17-mercedes-benz,https://cdn.shopify.com/s/files/1/0995/6920/5581/files/wheel-design-006_9780313b-ec59-40b0-a82d-6cb2b8ff57e4.jpg,138,138,jpg,1.000,0.02,1,1,si,no,baja resolución
OYL260416007,Juego de 4 llantas 18 pulgadas Volkswagen – OYL260416007,oyl260416007-18-volkswagen,https://cdn.shopify.com/s/files/1/0995/6920/5581/files/wheel-design-007_b9ad14ac-a1e2-44b7-baf2-9ea3344e4ec9.jpg,138,131,jpg,1.053,0.02,1,1,si,no,baja resolución
OYL260416008,Juego de 4 llantas 18 pulgadas Volkswagen – OYL260416008,oyl260416008-18-volkswagen,https://cdn.shopify.com/s/files/1/0995/6920/5581/files/wheel-design-008_841e3ce9-f642-4bb5-8e00-99e8abb50476.jpg,133,126,jpg,1.056,0.02,1,1,si,no,baja resolución
OYL260416009,Juego de 4 llantas 19 pulgadas Audi – OYL260416009,oyl260416009-19-audi,https://cdn.shopify.com/s/files/1/0995/6920/5581/files/wheel-design-009_30f48c03-8f57-4f01-93a7-4d3054e9d0d1.jpg,131,128,jpg,1.023,0.02,1,1,si,no,baja resolución
OYL260416010,Juego de 4 llantas 18 pulgadas Volkswagen – OYL260416010,oyl260416010-18-volkswagen,https://cdn.shopify.com/s/files/1/0995/6920/5581/files/wheel-design-010_4da3b5ed-99e6-4b2c-80fb-8b0af91c14db.png,128,123,png,1.041,0.02,1,1,si,no,baja resolución
OYL260416011,Juego de 4 llantas 18 pulgadas Mercedes-Benz – OYL260416011,oyl260416011-18-mercedes-benz,https://cdn.shopify.com/s/files/1/0995/6920/5581/files/wheel-design-011_ee9283e2-5223-46e7-964a-328e02da16d8.png,675,681,png,0.991,0.46,1,1,si,no,baja resolución
OYL260416012,Juego de 4 llantas 18 pulgadas Volkswagen – OYL260416012,oyl260416012-18-volkswagen,https://cdn.shopify.com/s/files/1/0995/6920/5581/files/wheel-design-012_dc2d1afc-37a5-46b6-8e85-4d313f4f5d64.png,167,154,png,1.084,0.03,1,1,si,no,baja resolución
OYL260416013,Juego de 4 llantas 18 pulgadas Mercedes-Benz – OYL260416013,oyl260416013-18-mercedes-benz,https://cdn.shopify.com/s/files/1/0995/6920/5581/files/wheel-design-013_ec9b89c2-fc8a-4ae8-84d7-74a467e4d9e3.png,120,116,png,1.034,0.01,1,1,si,no,baja resolución
OYL260416014,Juego de 4 llantas 18 pulgadas BMW – OYL260416014,oyl260416014-18-bmw,https://cdn.shopify.com/s/files/1/0995/6920/5581/files/wheel-design-014_8765aa93-280e-440a-97fd-6ebfb6211bae.jpg,133,126,jpg,1.056,0.02,1,2,si,si,baja resolución
OYL260416015,Juego de 4 llantas 18 pulgadas BMW – OYL260416015,oyl260416015-18-bmw,https://cdn.shopify.com/s/files/1/0995/6920/5581/files/wheel-design-014_52dd364d-f935-47ab-8f99-c5dd0531d88b.jpg,133,126,jpg,1.056,0.02,1,2,si,si,baja resolución
OYL260416016,Juego de 4 llantas 17 pulgadas Audi – OYL260416016,oyl260416016-17-audi,https://cdn.shopify.com/s/files/1/0995/6920/5581/files/wheel-design-015_08ad844c-fafd-4960-817c-74b06865bf3b.jpg,156,158,jpg,0.987,0.02,1,6,si,si,baja resolución
OYL260416017,Juego de 4 llantas 18 pulgadas Vehículos europeos – OYL260416017,oyl260416017-18-vehiculos-europeos,https://cdn.shopify.com/s/files/1/0995/6920/5581/files/wheel-design-015_d120915f-d016-43c4-9c3b-4c3c50412980.jpg,156,158,jpg,0.987,0.02,1,6,si,si,baja resolución
OYL260416018,Juego de 4 llantas 19 pulgadas Audi – OYL260416018,oyl260416018-19-audi,https://cdn.shopify.com/s/files/1/0995/6920/5581/files/wheel-design-015_909cbf2b-650d-470f-b70f-b867a5d9cc0c.jpg,156,158,jpg,0.987,0.02,1,6,si,si,baja resolución
OYL260416019,Juego de 4 llantas 19 pulgadas Vehículos europeos – OYL260416019,oyl260416019-19-vehiculos-europeos,https://cdn.shopify.com/s/files/1/0995/6920/5581/files/wheel-design-015_7d964a5b-c148-48b4-82c5-117962dfab7d.jpg,156,158,jpg,0.987,0.02,1,6,si,si,baja resolución
OYL260416020,Juego de 4 llantas 20 pulgadas Audi – OYL260416020,oyl260416020-20-audi,https://cdn.shopify.com/s/files/1/0995/6920/5581/files/wheel-design-015_1e5558fa-2c82-4473-a12b-7cd0c74f4129.jpg,156,158,jpg,0.987,0.02,1,6,si,si,baja resolución
OYL260416021,Juego de 4 llantas 21 pulgadas Audi – OYL260416021,oyl260416021-21-audi,https://cdn.shopify.com/s/files/1/0995/6920/5581/files/wheel-design-015_670832a9-f4b4-4622-92ae-ebe10f53d965.jpg,156,158,jpg,0.987,0.02,1,6,si,si,baja resolución
OYL260416022,Juego de 4 llantas 18 pulgadas BMW – OYL260416022,oyl260416022-18-bmw,https://cdn.shopify.com/s/files/1/0995/6920/5581/files/wheel-design-016_0322a0b6-eae1-4d1e-8e18-4101d8fe2c39.png,141,133,png,1.060,0.02,1,1,si,no,baja resolución
OYL260416023,Juego de 4 llantas 18 pulgadas BMW – OYL260416023,oyl260416023-18-bmw,https://cdn.shopify.com/s/files/1/0995/6920/5581/files/wheel-design-017_fe57e593-28c8-4cd3-927d-3e90fc009dd8.jpg,156,151,jpg,1.033,0.02,1,1,si,no,baja resolución
OYL260416024,Juego de 4 llantas 20 pulgadas BMW – OYL260416024,oyl260416024-20-bmw,https://cdn.shopify.com/s/files/1/0995/6920/5581/files/wheel-design-018_7ff437ae-bbce-4fbe-a8a7-8a31d8ab8c7f.jpg,133,121,jpg,1.099,0.02,1,2,si,si,baja resolución
OYL260416025,Juego de 4 llantas 20 pulgadas BMW – OYL260416025,oyl260416025-20-bmw,https://cdn.shopify.com/s/files/1/0995/6920/5581/files/wheel-design-018_3ee07e97-8248-41ee-b0ca-d052922dad68.jpg,133,121,jpg,1.099,0.02,1,2,si,si,baja resolución
OYL260416026,Juego de 4 llantas 19 pulgadas Mercedes-Benz – OYL260416026,oyl260416026-19-mercedes-benz,https://cdn.shopify.com/s/files/1/0995/6920/5581/files/wheel-design-019_b8c43bc4-68e2-4f84-8cee-c5f24c97cc8c.png,199,204,png,0.975,0.04,1,8,si,si,baja resolución
OYL260416027,Juego de 4 llantas 19 pulgadas Mercedes-Benz – OYL260416027,oyl260416027-19-mercedes-benz,https://cdn.shopify.com/s/files/1/0995/6920/5581/files/wheel-design-019_e87a5d39-9107-4f4d-9563-d01756921af8.png,199,204,png,0.975,0.04,1,8,si,si,baja resolución
OYL260416028,Juego de 4 llantas 20 pulgadas Mercedes-Benz – OYL260416028,oyl260416028-20-mercedes-benz,https://cdn.shopify.com/s/files/1/0995/6920/5581/files/wheel-design-019_ac9fb3fb-1cd7-4c9b-a77c-b7d9e3dcaf49.png,199,204,png,0.975,0.04,1,8,si,si,baja resolución
OYL260416029,Juego de 4 llantas 20 pulgadas Mercedes-Benz – OYL260416029,oyl260416029-20-mercedes-benz,https://cdn.shopify.com/s/files/1/0995/6920/5581/files/wheel-design-019_3ba773eb-eafe-42a6-852d-ecc1704ff786.png,199,204,png,0.975,0.04,1,8,si,si,baja resolución
OYL260416030,Juego de 4 llantas 21 pulgadas Mercedes-Benz – OYL260416030,oyl260416030-21-mercedes-benz,https://cdn.shopify.com/s/files/1/0995/6920/5581/files/wheel-design-019_d8893434-5605-4e35-8f12-7facb900f76f.png,199,204,png,0.975,0.04,1,8,si,si,baja resolución
OYL260416031,Juego de 4 llantas 21 pulgadas Mercedes-Benz – OYL260416031,oyl260416031-21-mercedes-benz,https://cdn.shopify.com/s/files/1/0995/6920/5581/files/wheel-design-019_45e353fc-fa15-47c3-ac84-3286d9df9feb.png,199,204,png,0.975,0.04,1,8,si,si,baja resolución
OYL260416032,Juego de 4 llantas 22 pulgadas Mercedes-Benz – OYL260416032,oyl260416032-22-mercedes-benz,https://cdn.shopify.com/s/files/1/0995/6920/5581/files/wheel-design-019_2c9f286c-b086-4e20-8081-2bf370423f32.png,199,204,png,0.975,0.04,1,8,si,si,baja resolución
OYL260416033,Juego de 4 llantas 22 pulgadas Mercedes-Benz – OYL260416033,oyl260416033-22-mercedes-benz,https://cdn.shopify.com/s/files/1/0995/6920/5581/files/wheel-design-019_69cc1b10-ba9b-4ab3-a10f-762173f75002.png,199,204,png,0.975,0.04,1,8,si,si,baja resolución
OYL260416034,Juego de 4 llantas 19 pulgadas Mercedes-Benz – OYL260416034,oyl260416034-19-mercedes-benz,https://cdn.shopify.com/s/files/1/0995/6920/5581/files/wheel-design-020_d60832ed-ed22-408b-b769-35725ee580fd.png,174,165,png,1.055,0.03,1,6,si,si,baja resolución
OYL260416035,Juego de 4 llantas 19 pulgadas Mercedes-Benz – OYL260416035,oyl260416035-19-mercedes-benz,https://cdn.shopify.com/s/files/1/0995/6920/5581/files/wheel-design-020_f45e3f3e-64d7-4d7b-988b-784027545139.png,174,165,png,1.055,0.03,1,6,si,si,baja resolución
OYL260416036,Juego de 4 llantas 19 pulgadas Mercedes-Benz – OYL260416036,oyl260416036-19-mercedes-benz,https://cdn.shopify.com/s/files/1/0995/6920/5581/files/wheel-design-020_5f5261ae-eef6-4654-ae9d-71cc5275253f.png,174,165,png,1.055,0.03,1,6,si,si,baja resolución
OYL260416037,Juego de 4 llantas 20 pulgadas Mercedes-Benz – OYL260416037,oyl260416037-20-mercedes-benz,https://cdn.shopify.com/s/files/1/0995/6920/5581/files/wheel-design-020_d4e42b2b-3860-4031-9e36-384eb7ec85c8.png,174,165,png,1.055,0.03,1,6,si,si,baja resolución
OYL260416038,Juego de 4 llantas 22 pulgadas Mercedes-Benz – OYL260416038,oyl260416038-22-mercedes-benz,https://cdn.shopify.com/s/files/1/0995/6920/5581/files/wheel-design-020_c5df5745-fe47-47f4-8576-621428073406.png,174,165,png,1.055,0.03,1,6,si,si,baja resolución
OYL260416039,Juego de 4 llantas 22 pulgadas Mercedes-Benz – OYL260416039,oyl260416039-22-mercedes-benz,https://cdn.shopify.com/s/files/1/0995/6920/5581/files/wheel-design-020_c16baad5-b504-4fe7-9f9a-5003da45b47b.png,174,165,png,1.055,0.03,1,6,si,si,baja resolución
OYL260416040,Juego de 4 llantas 18 pulgadas BMW – OYL260416040,oyl260416040-18-bmw,https://cdn.shopify.com/s/files/1/0995/6920/5581/files/wheel-design-021_f434ca44-d0c2-4d85-92c8-ea0a57f1fbb7.jpg,156,151,jpg,1.033,0.02,1,1,si,no,baja resolución
OYL260416041,Juego de 4 llantas 17 pulgadas BMW – OYL260416041,oyl260416041-17-bmw,https://cdn.shopify.com/s/files/1/0995/6920/5581/files/wheel-design-022_0f849e56-e9f9-4d01-9aa1-caef1dfaf014.jpg,160,147,jpg,1.088,0.02,1,1,si,no,baja resolución
OYL260416042,Juego de 4 llantas 20 pulgadas BMW – OYL260416042,oyl260416042-20-bmw,https://cdn.shopify.com/s/files/1/0995/6920/5581/files/wheel-design-023_48f87832-55f0-4fa8-83ce-bc34f6129541.jpg,190,190,jpg,1.000,0.04,1,7,si,si,baja resolución
OYL260416043,Juego de 4 llantas 20 pulgadas BMW – OYL260416043,oyl260416043-20-bmw,https://cdn.shopify.com/s/files/1/0995/6920/5581/files/wheel-design-023_6d14f14f-790f-4d51-ba41-d4e7aa3f3b4f.jpg,190,190,jpg,1.000,0.04,1,7,si,si,baja resolución
OYL260416044,Juego de 4 llantas 20 pulgadas BMW – OYL260416044,oyl260416044-20-bmw,https://cdn.shopify.com/s/files/1/0995/6920/5581/files/wheel-design-023_87895ae2-b42e-4dea-8da1-511d8aa9ecb6.jpg,190,190,jpg,1.000,0.04,1,7,si,si,baja resolución
OYL260416045,Juego de 4 llantas 20 pulgadas BMW – OYL260416045,oyl260416045-20-bmw,https://cdn.shopify.com/s/files/1/0995/6920/5581/files/wheel-design-023_1c7d7ce5-338e-4f0c-9aa8-d45dcd575659.jpg,190,190,jpg,1.000,0.04,1,7,si,si,baja resolución
OYL260416046,Juego de 4 llantas 20 pulgadas BMW – OYL260416046,oyl260416046-20-bmw,https://cdn.shopify.com/s/files/1/0995/6920/5581/files/wheel-design-023_86c6abd4-362b-4010-9dbc-389860260c3f.jpg,190,190,jpg,1.000,0.04,1,7,si,si,baja resolución
OYL260416047,Juego de 4 llantas 20 pulgadas BMW – OYL260416047,oyl260416047-20-bmw,https://cdn.shopify.com/s/files/1/0995/6920/5581/files/wheel-design-023_3bc5c4ca-a3ec-4e5c-8d86-611aa496b3e1.jpg,190,190,jpg,1.000,0.04,1,7,si,si,baja resolución
OYL260416048,Juego de 4 llantas 20 pulgadas BMW – OYL260416048,oyl260416048-20-bmw,https://cdn.shopify.com/s/files/1/0995/6920/5581/files/wheel-design-023_6e66855b-bae7-4d70-8200-0c91ec2f1420.jpg,190,190,jpg,1.000,0.04,1,7,si,si,baja resolución
OYL260416049,Juego de 4 llantas 20 pulgadas BMW – OYL260416049,oyl260416049-20-bmw,https://cdn.shopify.com/s/files/1/0995/6920/5581/files/wheel-design-024_3a6cd131-c44a-4f89-bb12-d0a648a4fc1e.jpg,158,158,jpg,1.000,0.02,1,3,si,si,baja resolución
OYL260416050,Juego de 4 llantas 20 pulgadas BMW – OYL260416050,oyl260416050-20-bmw,https://cdn.shopify.com/s/files/1/0995/6920/5581/files/wheel-design-024_369245cc-afe0-415c-9a26-5aa2abbe3cad.jpg,158,158,jpg,1.000,0.02,1,3,si,si,baja resolución
OYL260416051,Juego de 4 llantas 22 pulgadas BMW – OYL260416051,oyl260416051-22-bmw,https://cdn.shopify.com/s/files/1/0995/6920/5581/files/wheel-design-024_ddf44797-ebaa-4f50-831d-068e4a05a0dc.jpg,158,158,jpg,1.000,0.02,1,3,si,si,baja resolución
OYL260416052,Juego de 4 llantas 22 pulgadas BMW – OYL260416052,oyl260416052-22-bmw,https://cdn.shopify.com/s/files/1/0995/6920/5581/files/wheel-design-025_d252dd31-7876-41a2-b8a8-16892b315da2.png,186,160,png,1.163,0.03,1,3,si,si,baja resolución
OYL260416053,Juego de 4 llantas 22 pulgadas BMW – OYL260416053,oyl260416053-22-bmw,https://cdn.shopify.com/s/files/1/0995/6920/5581/files/wheel-design-025_1571ed12-f153-47ff-9bbc-c0a132a83eb3.png,186,160,png,1.163,0.03,1,3,si,si,baja resolución
OYL260416054,Juego de 4 llantas 22 pulgadas BMW – OYL260416054,oyl260416054-22-bmw,https://cdn.shopify.com/s/files/1/0995/6920/5581/files/wheel-design-025_6495cefe-8b77-445f-b88f-6e7eb46aa1ca.png,186,160,png,1.163,0.03,1,3,si,si,baja resolución
OYL260416055,Juego de 4 llantas 18 pulgadas Audi – OYL260416055,oyl260416055-18-audi,https://cdn.shopify.com/s/files/1/0995/6920/5581/files/wheel-design-026_cd57c487-f34a-4334-98f0-88a8a2563b01.png,199,156,png,1.276,0.03,1,2,si,si,baja resolución
OYL260416056,Juego de 4 llantas 19 pulgadas Audi – OYL260416056,oyl260416056-19-audi,https://cdn.shopify.com/s/files/1/0995/6920/5581/files/wheel-design-026_1e405512-2b1a-45b8-9cd0-7a79e229b04a.png,199,156,png,1.276,0.03,1,2,si,si,baja resolución
OYL260416057,Juego de 4 llantas 19 pulgadas Audi – OYL260416057,oyl260416057-19-audi,https://cdn.shopify.com/s/files/1/0995/6920/5581/files/wheel-design-027_c798c475-45aa-4ca3-b689-fc553f8a0cc0.jpg,190,167,jpg,1.138,0.03,1,1,si,no,baja resolución
OYL260416058,Juego de 4 llantas 18 pulgadas BMW – OYL260416058,oyl260416058-18-bmw,https://cdn.shopify.com/s/files/1/0995/6920/5581/files/wheel-design-028_7ddfa580-c546-48ec-a9bf-1d72183b3dd5.jpg,144,142,jpg,1.014,0.02,1,1,si,no,baja resolución
OYL260416059,Juego de 4 llantas 17 pulgadas Audi – OYL260416059,oyl260416059-17-audi,https://cdn.shopify.com/s/files/1/0995/6920/5581/files/wheel-design-029_51d875cf-512e-470f-84f7-6b9611613125.png,176,167,png,1.054,0.03,1,6,si,si,baja resolución
OYL260416060,Juego de 4 llantas 17 pulgadas Audi – OYL260416060,oyl260416060-17-audi,https://cdn.shopify.com/s/files/1/0995/6920/5581/files/wheel-design-029_a9492e24-336c-42a0-a36a-4e79ce69615d.png,176,167,png,1.054,0.03,1,6,si,si,baja resolución
OYL260416061,Juego de 4 llantas 18 pulgadas Audi – OYL260416061,oyl260416061-18-audi,https://cdn.shopify.com/s/files/1/0995/6920/5581/files/wheel-design-029_6300e57d-9a56-488f-89ca-ddb1ebb4e6c5.png,176,167,png,1.054,0.03,1,6,si,si,baja resolución
OYL260416062,Juego de 4 llantas 19 pulgadas Audi – OYL260416062,oyl260416062-19-audi,https://cdn.shopify.com/s/files/1/0995/6920/5581/files/wheel-design-029_99806223-2168-4ddb-8a22-57266f8acc76.png,176,167,png,1.054,0.03,1,6,si,si,baja resolución
OYL260416063,Juego de 4 llantas 20 pulgadas Audi – OYL260416063,oyl260416063-20-audi,https://cdn.shopify.com/s/files/1/0995/6920/5581/files/wheel-design-029_087b539b-a681-4749-a62b-6cf6ea10f8fb.png,176,167,png,1.054,0.03,1,6,si,si,baja resolución
OYL260416064,Juego de 4 llantas 20 pulgadas Audi – OYL260416064,oyl260416064-20-audi,https://cdn.shopify.com/s/files/1/0995/6920/5581/files/wheel-design-029_4e201b25-930d-42a9-b1e7-7956f86048db.png,176,167,png,1.054,0.03,1,6,si,si,baja resolución
OYL260416065,Juego de 4 llantas 19 pulgadas BMW – OYL260416065,oyl260416065-19-bmw,https://cdn.shopify.com/s/files/1/0995/6920/5581/files/wheel-design-030_af971f5b-cc48-4d6b-bf68-b3fe39cdf69f.png,204,188,png,1.085,0.04,1,16,si,si,baja resolución
OYL260416066,Juego de 4 llantas 19 pulgadas BMW – OYL260416066,oyl260416066-19-bmw,https://cdn.shopify.com/s/files/1/0995/6920/5581/files/wheel-design-030_f3d310dd-5de2-46e8-ae84-7de3d07b14f4.png,204,188,png,1.085,0.04,1,16,si,si,baja resolución
OYL260416067,Juego de 4 llantas 20 pulgadas BMW – OYL260416067,oyl260416067-20-bmw,https://cdn.shopify.com/s/files/1/0995/6920/5581/files/wheel-design-030_37dca5cb-faac-4799-8d8b-9b70c5790a1d.png,204,188,png,1.085,0.04,1,16,si,si,baja resolución
OYL260416068,Juego de 4 llantas 20 pulgadas BMW – OYL260416068,oyl260416068-20-bmw,https://cdn.shopify.com/s/files/1/0995/6920/5581/files/wheel-design-030_6a2200f8-6d16-494e-af1b-cdb69d73cce0.png,204,188,png,1.085,0.04,1,16,si,si,baja resolución
OYL260416069,Juego de 4 llantas 20 pulgadas BMW – OYL260416069,oyl260416069-20-bmw,https://cdn.shopify.com/s/files/1/0995/6920/5581/files/wheel-design-030_ce57f9e9-0944-4bd3-bbc2-3afb6d7f26f7.png,204,188,png,1.085,0.04,1,16,si,si,baja resolución
OYL260416070,Juego de 4 llantas 20 pulgadas BMW – OYL260416070,oyl260416070-20-bmw,https://cdn.shopify.com/s/files/1/0995/6920/5581/files/wheel-design-030_5c169912-e9af-48fe-8912-4576dc289c49.png,204,188,png,1.085,0.04,1,16,si,si,baja resolución
OYL260416071,Juego de 4 llantas 20 pulgadas BMW – OYL260416071,oyl260416071-20-bmw,https://cdn.shopify.com/s/files/1/0995/6920/5581/files/wheel-design-030_956bccf2-92d6-45db-b9aa-fce9f9caa03e.png,204,188,png,1.085,0.04,1,16,si,si,baja resolución
OYL260416072,Juego de 4 llantas 20 pulgadas BMW – OYL260416072,oyl260416072-20-bmw,https://cdn.shopify.com/s/files/1/0995/6920/5581/files/wheel-design-030_4b7bcf93-5d68-4731-b2bd-6b2c81dd60e4.png,204,188,png,1.085,0.04,1,16,si,si,baja resolución
OYL260416073,Juego de 4 llantas 20 pulgadas BMW – OYL260416073,oyl260416073-20-bmw,https://cdn.shopify.com/s/files/1/0995/6920/5581/files/wheel-design-030_1667c3a6-5bb0-455e-9693-55506ab1f9a7.png,204,188,png,1.085,0.04,1,16,si,si,baja resolución
OYL260416074,Juego de 4 llantas 20 pulgadas BMW – OYL260416074,oyl260416074-20-bmw,https://cdn.shopify.com/s/files/1/0995/6920/5581/files/wheel-design-030_535fb164-9e86-4484-a036-4cf74e3c03f2.png,204,188,png,1.085,0.04,1,16,si,si,baja resolución
OYL260416075,Juego de 4 llantas 22 pulgadas BMW – OYL260416075,oyl260416075-22-bmw,https://cdn.shopify.com/s/files/1/0995/6920/5581/files/wheel-design-030_437e9dc2-d288-4d8e-aa43-860a27945509.png,204,188,png,1.085,0.04,1,16,si,si,baja resolución
OYL260416076,Juego de 4 llantas 22 pulgadas BMW – OYL260416076,oyl260416076-22-bmw,https://cdn.shopify.com/s/files/1/0995/6920/5581/files/wheel-design-030_71d84a41-f631-4cbe-8e91-154b0f3fe801.png,204,188,png,1.085,0.04,1,16,si,si,baja resolución
OYL260416077,Juego de 4 llantas 22 pulgadas BMW – OYL260416077,oyl260416077-22-bmw,https://cdn.shopify.com/s/files/1/0995/6920/5581/files/wheel-design-030_9daabf2e-f850-4f49-bd26-3d825e182fda.png,204,188,png,1.085,0.04,1,16,si,si,baja resolución
OYL260416078,Juego de 4 llantas 22 pulgadas BMW – OYL260416078,oyl260416078-22-bmw,https://cdn.shopify.com/s/files/1/0995/6920/5581/files/wheel-design-030_9355d857-90fe-4d7f-af59-88ddc0958684.png,204,188,png,1.085,0.04,1,16,si,si,baja resolución
OYL260416079,Juego de 4 llantas 22 pulgadas BMW – OYL260416079,oyl260416079-22-bmw,https://cdn.shopify.com/s/files/1/0995/6920/5581/files/wheel-design-030_2f512070-157a-479d-b0a1-79a6e1d4f158.png,204,188,png,1.085,0.04,1,16,si,si,baja resolución
OYL260416080,Juego de 4 llantas 22 pulgadas BMW – OYL260416080,oyl260416080-22-bmw,https://cdn.shopify.com/s/files/1/0995/6920/5581/files/wheel-design-030_43249915-5ae9-4977-a3f0-dc3c39d3e8d0.png,204,188,png,1.085,0.04,1,16,si,si,baja resolución
OYL260416081,Juego de 4 llantas 18 pulgadas BMW – OYL260416081,oyl260416081-18-bmw,https://cdn.shopify.com/s/files/1/0995/6920/5581/files/wheel-design-031_fce7b2fe-33c1-4611-9dca-265ec4fabe83.png,167,156,png,1.071,0.03,1,1,si,no,baja resolución
OYL260416082,Juego de 4 llantas 18 pulgadas BMW – OYL260416082,oyl260416082-18-bmw,https://cdn.shopify.com/s/files/1/0995/6920/5581/files/wheel-design-032_41143a3f-bbd0-46b5-a75c-30aeb4ff3192.png,163,156,png,1.045,0.03,1,1,si,no,baja resolución
OYL260416083,Juego de 4 llantas 18 pulgadas BMW – OYL260416083,oyl260416083-18-bmw,https://cdn.shopify.com/s/files/1/0995/6920/5581/files/wheel-design-033_176c7df8-5c45-4c5f-bfbb-27d7a98e1598.png,170,156,png,1.090,0.03,1,2,si,si,baja resolución
OYL260416084,Juego de 4 llantas 18 pulgadas BMW – OYL260416084,oyl260416084-18-bmw,https://cdn.shopify.com/s/files/1/0995/6920/5581/files/wheel-design-033_25af0a47-a7a1-429e-982a-3c3266ad82e3.png,170,156,png,1.090,0.03,1,2,si,si,baja resolución
OYL260416085,Juego de 4 llantas 17 pulgadas BMW – OYL260416085,oyl260416085-17-bmw,https://cdn.shopify.com/s/files/1/0995/6920/5581/files/wheel-design-034_309bf903-7899-41be-8823-b9d5d77a79ad.png,165,160,png,1.031,0.03,1,3,si,si,baja resolución
OYL260416086,Juego de 4 llantas 19 pulgadas BMW – OYL260416086,oyl260416086-19-bmw,https://cdn.shopify.com/s/files/1/0995/6920/5581/files/wheel-design-034_dae3f041-c674-49dc-9e0b-065a8dd03b7c.png,165,160,png,1.031,0.03,1,3,si,si,baja resolución
OYL260416087,Juego de 4 llantas 19 pulgadas BMW – OYL260416087,oyl260416087-19-bmw,https://cdn.shopify.com/s/files/1/0995/6920/5581/files/wheel-design-034_b850172d-7416-49f9-b290-c2d5ccdf63e8.png,165,160,png,1.031,0.03,1,3,si,si,baja resolución
OYL260416088,Juego de 4 llantas 18 pulgadas Mercedes-Benz – OYL260416088,oyl260416088-18-mercedes-benz,https://cdn.shopify.com/s/files/1/0995/6920/5581/files/wheel-design-035_39e0d4cf-f642-4001-b73c-312f80e42cdd.png,154,156,png,0.987,0.02,1,1,si,no,baja resolución
OYL260416089,Juego de 4 llantas 19 pulgadas Audi – OYL260416089,oyl260416089-19-audi,https://cdn.shopify.com/s/files/1/0995/6920/5581/files/wheel-design-036_082edc50-938c-43db-939d-be6a09b9d401.png,190,167,png,1.138,0.03,1,4,no,si,baja resolución
OYL260416090,Juego de 4 llantas 19 pulgadas Audi – OYL260416090,oyl260416090-19-audi,https://cdn.shopify.com/s/files/1/0995/6920/5581/files/wheel-design-036_30235fb2-f965-48e1-b6ef-ed2d6a9e32ac.png,190,167,png,1.138,0.03,1,4,si,si,baja resolución
OYL260416091,Juego de 4 llantas 20 pulgadas Audi – OYL260416091,oyl260416091-20-audi,https://cdn.shopify.com/s/files/1/0995/6920/5581/files/wheel-design-036_4acb95fe-d362-4624-b5f6-86b712d7e6fa.png,190,167,png,1.138,0.03,1,4,si,si,baja resolución
OYL260416092,Juego de 4 llantas 20 pulgadas Audi – OYL260416092,oyl260416092-20-audi,https://cdn.shopify.com/s/files/1/0995/6920/5581/files/wheel-design-036_cc467d4b-083c-42a4-b30d-96c7c67f840c.png,190,167,png,1.138,0.03,1,4,si,si,baja resolución
OYL260416093,Juego de 4 llantas 20 pulgadas Audi – OYL260416093,oyl260416093-20-audi,https://cdn.shopify.com/s/files/1/0995/6920/5581/files/wheel-design-037_efe718f4-31e6-454a-8158-8245f446c919.png,183,163,png,1.123,0.03,1,1,si,no,baja resolución
OYL260416094,Juego de 4 llantas 17 pulgadas Audi – OYL260416094,oyl260416094-17-audi,https://cdn.shopify.com/s/files/1/0995/6920/5581/files/wheel-design-038_e859722e-fb04-406a-a560-0c3d2875d6c1.png,927,899,png,1.031,0.83,1,8,si,si,imagen repetida
OYL260416095,Juego de 4 llantas 17 pulgadas Vehículos europeos – OYL260416095,oyl260416095-17-vehiculos-europeos,https://cdn.shopify.com/s/files/1/0995/6920/5581/files/wheel-design-038_92a1b733-efe6-4a82-a00c-59499549ee63.png,927,899,png,1.031,0.83,1,8,si,si,imagen repetida
OYL260416096,Juego de 4 llantas 18 pulgadas Audi – OYL260416096,oyl260416096-18-audi,https://cdn.shopify.com/s/files/1/0995/6920/5581/files/wheel-design-038_cde510bb-de6d-4820-b51f-f36a7f4a98e0.png,927,899,png,1.031,0.83,1,8,si,si,imagen repetida
OYL260416097,Juego de 4 llantas 18 pulgadas Audi – OYL260416097,oyl260416097-18-audi,https://cdn.shopify.com/s/files/1/0995/6920/5581/files/wheel-design-038_01eb7669-2b83-4b59-8259-d9ada999a5db.png,927,899,png,1.031,0.83,1,8,si,si,imagen repetida
OYL260416098,Juego de 4 llantas 18 pulgadas Vehículos europeos – OYL260416098,oyl260416098-18-vehiculos-europeos,https://cdn.shopify.com/s/files/1/0995/6920/5581/files/wheel-design-038_39bba82e-d76f-4aa2-97d4-bba6b6412248.png,927,899,png,1.031,0.83,1,8,si,si,imagen repetida
OYL260416099,Juego de 4 llantas 19 pulgadas Audi – OYL260416099,oyl260416099-19-audi,https://cdn.shopify.com/s/files/1/0995/6920/5581/files/wheel-design-038_8d61c48d-08bb-409c-9da3-3eb0ef4a4971.png,927,899,png,1.031,0.83,1,8,si,si,imagen repetida
OYL260416100,Juego de 4 llantas 20 pulgadas Audi – OYL260416100,oyl260416100-20-audi,https://cdn.shopify.com/s/files/1/0995/6920/5581/files/wheel-design-038_28c1acf0-c137-492d-9312-24f844f22ffc.png,927,899,png,1.031,0.83,1,8,si,si,imagen repetida
OYL260416101,Juego de 4 llantas 21 pulgadas Audi – OYL260416101,oyl260416101-21-audi,https://cdn.shopify.com/s/files/1/0995/6920/5581/files/wheel-design-038_83c576f2-b856-4413-ba40-bec34b25467c.png,927,899,png,1.031,0.83,1,8,si,si,imagen repetida
OYL260416102,Juego de 4 llantas 20 pulgadas Audi – OYL260416102,oyl260416102-20-audi,https://cdn.shopify.com/s/files/1/0995/6920/5581/files/wheel-design-039_e180fafe-1a49-407b-aa13-bf0edfe2d614.png,890,899,png,0.990,0.80,1,2,no,si,imagen repetida
OYL260416103,Juego de 4 llantas 23 pulgadas Audi – OYL260416103,oyl260416103-23-audi,https://cdn.shopify.com/s/files/1/0995/6920/5581/files/wheel-design-039_32453468-fe8f-4007-b2c0-31992d382a0b.png,890,899,png,0.990,0.80,1,2,no,si,imagen repetida
OYL260416104,Juego de 4 llantas 18 pulgadas Mercedes-Benz – OYL260416104,oyl260416104-18-mercedes-benz,https://cdn.shopify.com/s/files/1/0995/6920/5581/files/wheel-design-040_34184ea2-a495-4635-8a13-e143bc3ad903.png,916,873,png,1.049,0.80,1,9,si,si,imagen repetida
OYL260416105,Juego de 4 llantas 18 pulgadas Mercedes-Benz – OYL260416105,oyl260416105-18-mercedes-benz,https://cdn.shopify.com/s/files/1/0995/6920/5581/files/wheel-design-040_b109675a-9cc5-4939-8ffd-221fc7a54dd9.png,916,873,png,1.049,0.80,1,9,si,si,imagen repetida
OYL260416106,Juego de 4 llantas 18 pulgadas Mercedes-Benz – OYL260416106,oyl260416106-18-mercedes-benz,https://cdn.shopify.com/s/files/1/0995/6920/5581/files/wheel-design-040_b231b023-e384-4e95-8bd2-51e3c3cdb41b.png,916,873,png,1.049,0.80,1,9,si,si,imagen repetida
OYL260416107,Juego de 4 llantas 18 pulgadas Mercedes-Benz – OYL260416107,oyl260416107-18-mercedes-benz,https://cdn.shopify.com/s/files/1/0995/6920/5581/files/wheel-design-040_1148eb1d-321a-4fea-9d40-ab43f052d996.png,916,873,png,1.049,0.80,1,9,no,si,imagen repetida
OYL260416108,Juego de 4 llantas 19 pulgadas Mercedes-Benz – OYL260416108,oyl260416108-19-mercedes-benz,https://cdn.shopify.com/s/files/1/0995/6920/5581/files/wheel-design-040_767655f8-c2b7-4acc-ba2b-100db646d5e9.png,916,873,png,1.049,0.80,1,9,si,si,imagen repetida
OYL260416109,Juego de 4 llantas 19 pulgadas Mercedes-Benz – OYL260416109,oyl260416109-19-mercedes-benz,https://cdn.shopify.com/s/files/1/0995/6920/5581/files/wheel-design-040_0215516e-0ef2-4c1f-9620-26fcf023ff55.png,916,873,png,1.049,0.80,1,9,si,si,imagen repetida
OYL260416110,Juego de 4 llantas 20 pulgadas Mercedes-Benz – OYL260416110,oyl260416110-20-mercedes-benz,https://cdn.shopify.com/s/files/1/0995/6920/5581/files/wheel-design-040_3f4cfd55-563d-440e-9a6c-9a42d481d256.png,916,873,png,1.049,0.80,1,9,no,si,imagen repetida
OYL260416111,Juego de 4 llantas 20 pulgadas Mercedes-Benz – OYL260416111,oyl260416111-20-mercedes-benz,https://cdn.shopify.com/s/files/1/0995/6920/5581/files/wheel-design-040_b29d34a1-6e0a-414e-8e0e-66ee2bb2aca1.png,916,873,png,1.049,0.80,1,9,si,si,imagen repetida
OYL260416112,Juego de 4 llantas 20 pulgadas Mercedes-Benz – OYL260416112,oyl260416112-20-mercedes-benz,https://cdn.shopify.com/s/files/1/0995/6920/5581/files/wheel-design-040_6be9d283-0302-41de-9468-fdf63bec6f82.png,916,873,png,1.049,0.80,1,9,no,si,imagen repetida
OYL260416113,Juego de 4 llantas 18 pulgadas Mercedes-Benz – OYL260416113,oyl260416113-18-mercedes-benz,https://cdn.shopify.com/s/files/1/0995/6920/5581/files/wheel-design-041_64e4b67f-647d-4462-a87b-122a32ae4c14.png,893,890,png,1.003,0.79,1,13,si,si,imagen repetida
OYL260416114,Juego de 4 llantas 18 pulgadas Mercedes-Benz – OYL260416114,oyl260416114-18-mercedes-benz,https://cdn.shopify.com/s/files/1/0995/6920/5581/files/wheel-design-041_7c206ecd-6043-42dd-bfa2-9a77b15b78f7.png,893,890,png,1.003,0.79,1,13,si,si,imagen repetida
OYL260416115,Juego de 4 llantas 18 pulgadas Mercedes-Benz – OYL260416115,oyl260416115-18-mercedes-benz,https://cdn.shopify.com/s/files/1/0995/6920/5581/files/wheel-design-041_5fa74d7c-5c1b-4ee4-82a9-12ad0ae67e23.png,893,890,png,1.003,0.79,1,13,si,si,imagen repetida
OYL260416116,Juego de 4 llantas 18 pulgadas Mercedes-Benz – OYL260416116,oyl260416116-18-mercedes-benz,https://cdn.shopify.com/s/files/1/0995/6920/5581/files/wheel-design-041_0f508d94-9c95-411d-9b96-57a506b72337.png,893,890,png,1.003,0.79,1,13,si,si,imagen repetida
OYL260416117,Juego de 4 llantas 18 pulgadas Vehículos europeos – OYL260416117,oyl260416117-18-vehiculos-europeos,https://cdn.shopify.com/s/files/1/0995/6920/5581/files/wheel-design-041_9f557e66-0d0d-4596-8b27-cad8ca31d388.png,893,890,png,1.003,0.79,1,13,no,si,imagen repetida
OYL260416118,Juego de 4 llantas 19 pulgadas Mercedes-Benz – OYL260416118,oyl260416118-19-mercedes-benz,https://cdn.shopify.com/s/files/1/0995/6920/5581/files/wheel-design-041_f59a6d7e-7298-48cf-b53a-ea39116b21f3.png,893,890,png,1.003,0.79,1,13,si,si,imagen repetida
OYL260416119,Juego de 4 llantas 19 pulgadas Mercedes-Benz – OYL260416119,oyl260416119-19-mercedes-benz,https://cdn.shopify.com/s/files/1/0995/6920/5581/files/wheel-design-041_f45e2401-8637-4431-b62f-d78803048bc8.png,893,890,png,1.003,0.79,1,13,si,si,imagen repetida
OYL260416120,Juego de 4 llantas 19 pulgadas Mercedes-Benz – OYL260416120,oyl260416120-19-mercedes-benz,https://cdn.shopify.com/s/files/1/0995/6920/5581/files/wheel-design-041_281b79b4-7b6a-478e-b1bf-703d98010b91.png,893,890,png,1.003,0.79,1,13,no,si,imagen repetida
OYL260416121,Juego de 4 llantas 19 pulgadas Mercedes-Benz – OYL260416121,oyl260416121-19-mercedes-benz,https://cdn.shopify.com/s/files/1/0995/6920/5581/files/wheel-design-041_074a98a7-a577-4b31-aa84-768197d7f89b.png,893,890,png,1.003,0.79,1,13,no,si,imagen repetida
OYL260416122,Juego de 4 llantas 20 pulgadas Mercedes-Benz – OYL260416122,oyl260416122-20-mercedes-benz,https://cdn.shopify.com/s/files/1/0995/6920/5581/files/wheel-design-041_d57ff3ce-c3ae-4f13-abff-625db1f591b7.png,893,890,png,1.003,0.79,1,13,si,si,imagen repetida
OYL260416123,Juego de 4 llantas 20 pulgadas Mercedes-Benz – OYL260416123,oyl260416123-20-mercedes-benz,https://cdn.shopify.com/s/files/1/0995/6920/5581/files/wheel-design-041_9dac4849-0938-4898-985d-684069ee4da6.png,893,890,png,1.003,0.79,1,13,si,si,imagen repetida
OYL260416124,Juego de 4 llantas 20 pulgadas Mercedes-Benz – OYL260416124,oyl260416124-20-mercedes-benz,https://cdn.shopify.com/s/files/1/0995/6920/5581/files/wheel-design-041_5efdd395-cad0-430f-8f14-32ecb6577dd9.png,893,890,png,1.003,0.79,1,13,si,si,imagen repetida
OYL260416125,Juego de 4 llantas 20 pulgadas Mercedes-Benz – OYL260416125,oyl260416125-20-mercedes-benz,https://cdn.shopify.com/s/files/1/0995/6920/5581/files/wheel-design-041_f5b1defb-20e0-4ee8-bcfd-c51e8be7a2d6.png,893,890,png,1.003,0.79,1,13,si,si,imagen repetida
OYL260416126,Juego de 4 llantas 19 pulgadas Mercedes-Benz – OYL260416126,oyl260416126-19-mercedes-benz,https://cdn.shopify.com/s/files/1/0995/6920/5581/files/wheel-design-042_9e97cd82-1d9d-4953-abd8-51c637c4945d.png,910,902,png,1.009,0.82,1,1,si,no,mejorable
OYL260416127,Juego de 4 llantas 18 pulgadas Mercedes-Benz – OYL260416127,oyl260416127-18-mercedes-benz,https://cdn.shopify.com/s/files/1/0995/6920/5581/files/wheel-design-043_2d3e6443-6727-460c-9099-31c40ed0f53e.png,908,888,png,1.023,0.81,1,8,si,si,imagen repetida
OYL260416128,Juego de 4 llantas 18 pulgadas Mercedes-Benz – OYL260416128,oyl260416128-18-mercedes-benz,https://cdn.shopify.com/s/files/1/0995/6920/5581/files/wheel-design-043_db3e9723-df8a-48dc-bc19-08d9402eac66.png,908,888,png,1.023,0.81,1,8,si,si,imagen repetida
OYL260416129,Juego de 4 llantas 19 pulgadas Mercedes-Benz – OYL260416129,oyl260416129-19-mercedes-benz,https://cdn.shopify.com/s/files/1/0995/6920/5581/files/wheel-design-043_246da483-e9d6-4d60-a92c-d24178f48421.png,908,888,png,1.023,0.81,1,8,si,si,imagen repetida
OYL260416130,Juego de 4 llantas 19 pulgadas Mercedes-Benz – OYL260416130,oyl260416130-19-mercedes-benz,https://cdn.shopify.com/s/files/1/0995/6920/5581/files/wheel-design-043_e5dff30c-289d-4a65-89cc-ed0883a9f447.png,908,888,png,1.023,0.81,1,8,si,si,imagen repetida
OYL260416131,Juego de 4 llantas 20 pulgadas Mercedes-Benz – OYL260416131,oyl260416131-20-mercedes-benz,https://cdn.shopify.com/s/files/1/0995/6920/5581/files/wheel-design-043_4887dd6f-ad19-4b85-8f94-80299d84d3ff.png,908,888,png,1.023,0.81,1,8,si,si,imagen repetida
OYL260416132,Juego de 4 llantas 20 pulgadas Mercedes-Benz – OYL260416132,oyl260416132-20-mercedes-benz,https://cdn.shopify.com/s/files/1/0995/6920/5581/files/wheel-design-043_0bb7f1d8-b7c4-4326-ae54-e99bae9ba159.png,908,888,png,1.023,0.81,1,8,si,si,imagen repetida
OYL260416133,Juego de 4 llantas 21 pulgadas Mercedes-Benz – OYL260416133,oyl260416133-21-mercedes-benz,https://cdn.shopify.com/s/files/1/0995/6920/5581/files/wheel-design-043_68fc16a5-3985-46de-ba2b-a710db86f3dd.png,908,888,png,1.023,0.81,1,8,si,si,imagen repetida
OYL260416134,Juego de 4 llantas 21 pulgadas Mercedes-Benz – OYL260416134,oyl260416134-21-mercedes-benz,https://cdn.shopify.com/s/files/1/0995/6920/5581/files/wheel-design-043_4ae9e0bb-7dde-405c-930d-debc0082ef35.png,908,888,png,1.023,0.81,1,8,si,si,imagen repetida
OYL260416135,Juego de 4 llantas 19 pulgadas Mercedes-Benz – OYL260416135,oyl260416135-19-mercedes-benz,https://cdn.shopify.com/s/files/1/0995/6920/5581/files/wheel-design-044_7422b667-1185-483a-802b-0cf2b26825a5.png,882,868,png,1.016,0.77,1,11,si,si,imagen repetida
OYL260416136,Juego de 4 llantas 19 pulgadas Mercedes-Benz – OYL260416136,oyl260416136-19-mercedes-benz,https://cdn.shopify.com/s/files/1/0995/6920/5581/files/wheel-design-044_ee49988c-a4eb-449d-b6fb-7627ab83c428.png,882,868,png,1.016,0.77,1,11,si,si,imagen repetida
OYL260416137,Juego de 4 llantas 20 pulgadas Mercedes-Benz – OYL260416137,oyl260416137-20-mercedes-benz,https://cdn.shopify.com/s/files/1/0995/6920/5581/files/wheel-design-044_b3291c91-ece7-421d-9664-3bbd1f892ed6.png,882,868,png,1.016,0.77,1,11,si,si,imagen repetida
OYL260416138,Juego de 4 llantas 20 pulgadas Mercedes-Benz – OYL260416138,oyl260416138-20-mercedes-benz,https://cdn.shopify.com/s/files/1/0995/6920/5581/files/wheel-design-044_9c20f822-a2ef-4161-85e7-3c29093472e9.png,882,868,png,1.016,0.77,1,11,no,si,imagen repetida
OYL260416139,Juego de 4 llantas 20 pulgadas Mercedes-Benz – OYL260416139,oyl260416139-20-mercedes-benz,https://cdn.shopify.com/s/files/1/0995/6920/5581/files/wheel-design-044_4ca354b4-8b4a-4afb-a2e7-3b3fa5023757.png,882,868,png,1.016,0.77,1,11,si,si,imagen repetida
OYL260416140,Juego de 4 llantas 20 pulgadas Mercedes-Benz – OYL260416140,oyl260416140-20-mercedes-benz,https://cdn.shopify.com/s/files/1/0995/6920/5581/files/wheel-design-044_e092cc9a-a591-4f74-a32a-97cb1a0f77f4.png,882,868,png,1.016,0.77,1,11,si,si,imagen repetida
OYL260416141,Juego de 4 llantas 21 pulgadas Mercedes-Benz – OYL260416141,oyl260416141-21-mercedes-benz,https://cdn.shopify.com/s/files/1/0995/6920/5581/files/wheel-design-044_e48b78fc-6c70-4a76-b2dc-04be7c9c1ce5.png,882,868,png,1.016,0.77,1,11,no,si,imagen repetida
OYL260416142,Juego de 4 llantas 21 pulgadas Mercedes-Benz – OYL260416142,oyl260416142-21-mercedes-benz,https://cdn.shopify.com/s/files/1/0995/6920/5581/files/wheel-design-044_5ec71541-3ce5-42a3-9b7c-e7f7e8eafc36.png,882,868,png,1.016,0.77,1,11,si,si,imagen repetida
OYL260416143,Juego de 4 llantas 22 pulgadas Mercedes-Benz – OYL260416143,oyl260416143-22-mercedes-benz,https://cdn.shopify.com/s/files/1/0995/6920/5581/files/wheel-design-044_83acadb8-783b-4d9a-ac8f-6226a456db69.png,882,868,png,1.016,0.77,1,11,si,si,imagen repetida
OYL260416144,Juego de 4 llantas 22 pulgadas Mercedes-Benz – OYL260416144,oyl260416144-22-mercedes-benz,https://cdn.shopify.com/s/files/1/0995/6920/5581/files/wheel-design-044_c5724f54-d096-40ae-9444-ed53d1c563bb.png,882,868,png,1.016,0.77,1,11,si,si,imagen repetida
OYL260416145,Juego de 4 llantas 22 pulgadas Mercedes-Benz – OYL260416145,oyl260416145-22-mercedes-benz,https://cdn.shopify.com/s/files/1/0995/6920/5581/files/wheel-design-044_ac67e6d8-8cd2-4891-9c14-21e6306fe27a.png,882,868,png,1.016,0.77,1,11,si,si,imagen repetida
OYL260416146,Juego de 4 llantas 19 pulgadas Mercedes-Benz – OYL260416146,oyl260416146-19-mercedes-benz,https://cdn.shopify.com/s/files/1/0995/6920/5581/files/wheel-design-045_1915ccdb-2fdd-4fef-a5a1-ed54098918e8.png,190,179,png,1.061,0.03,1,5,no,si,baja resolución
OYL260416147,Juego de 4 llantas 19 pulgadas Mercedes-Benz – OYL260416147,oyl260416147-19-mercedes-benz,https://cdn.shopify.com/s/files/1/0995/6920/5581/files/wheel-design-045_1ae586a3-de5c-47ce-b2b0-6dd0e724fe99.png,190,179,png,1.061,0.03,1,5,si,si,baja resolución
OYL260416148,Juego de 4 llantas 20 pulgadas Mercedes-Benz – OYL260416148,oyl260416148-20-mercedes-benz,https://cdn.shopify.com/s/files/1/0995/6920/5581/files/wheel-design-045_b1a1f1a9-51f8-4462-8cd4-7c68e632677e.png,190,179,png,1.061,0.03,1,5,si,si,baja resolución
OYL260416149,Juego de 4 llantas 20 pulgadas Mercedes-Benz – OYL260416149,oyl260416149-20-mercedes-benz,https://cdn.shopify.com/s/files/1/0995/6920/5581/files/wheel-design-045_4f889db7-83b8-43c9-9ef1-b576c1aa575a.png,190,179,png,1.061,0.03,1,5,si,si,baja resolución
OYL260416150,Juego de 4 llantas 20 pulgadas Mercedes-Benz – OYL260416150,oyl260416150-20-mercedes-benz,https://cdn.shopify.com/s/files/1/0995/6920/5581/files/wheel-design-045_28d7d029-157d-4965-b9f3-3ce9a5243b3d.png,190,179,png,1.061,0.03,1,5,si,si,baja resolución
OYL260416151,Juego de 4 llantas 19 pulgadas Mercedes-Benz – OYL260416151,oyl260416151-19-mercedes-benz,https://cdn.shopify.com/s/files/1/0995/6920/5581/files/wheel-design-046_e81b26f9-709b-4910-b893-b39e439bb695.png,186,176,png,1.057,0.03,1,4,no,si,baja resolución
OYL260416152,Juego de 4 llantas 19 pulgadas Mercedes-Benz – OYL260416152,oyl260416152-19-mercedes-benz,https://cdn.shopify.com/s/files/1/0995/6920/5581/files/wheel-design-046_f8b08402-442a-4663-9a3a-1372f87d9bfd.png,186,176,png,1.057,0.03,1,4,si,si,baja resolución
OYL260416153,Juego de 4 llantas 20 pulgadas Mercedes-Benz – OYL260416153,oyl260416153-20-mercedes-benz,https://cdn.shopify.com/s/files/1/0995/6920/5581/files/wheel-design-046_f39473c7-1437-4105-9118-3398c4388716.png,186,176,png,1.057,0.03,1,4,si,si,baja resolución
OYL260416154,Juego de 4 llantas 20 pulgadas Mercedes-Benz – OYL260416154,oyl260416154-20-mercedes-benz,https://cdn.shopify.com/s/files/1/0995/6920/5581/files/wheel-design-046_62b20ca9-1d84-4945-88a1-149af2702784.png,186,176,png,1.057,0.03,1,4,no,si,baja resolución
OYL260416155,Juego de 4 llantas 20 pulgadas BMW – OYL260416155,oyl260416155-20-bmw,https://cdn.shopify.com/s/files/1/0995/6920/5581/files/wheel-design-047_feb8096f-4b37-4de3-8830-2a9172cf14eb.png,929,916,png,1.014,0.85,1,2,no,si,imagen repetida
OYL260416156,Juego de 4 llantas 20 pulgadas BMW – OYL260416156,oyl260416156-20-bmw,https://cdn.shopify.com/s/files/1/0995/6920/5581/files/wheel-design-047_403bd4a5-6398-45b4-99a3-e4fd972dd8eb.png,929,916,png,1.014,0.85,1,2,si,si,imagen repetida
OYL260416157,Juego de 4 llantas 19 pulgadas BMW – OYL260416157,oyl260416157-19-bmw,https://cdn.shopify.com/s/files/1/0995/6920/5581/files/wheel-design-048_76026deb-7811-46b9-8f6b-b54265d7682d.png,897,906,png,0.990,0.81,1,7,si,si,imagen repetida
OYL260416158,Juego de 4 llantas 19 pulgadas BMW – OYL260416158,oyl260416158-19-bmw,https://cdn.shopify.com/s/files/1/0995/6920/5581/files/wheel-design-048_754367f5-4059-4e75-891e-284f764333d5.png,897,906,png,0.990,0.81,1,7,si,si,imagen repetida
OYL260416159,Juego de 4 llantas 19 pulgadas BMW – OYL260416159,oyl260416159-19-bmw,https://cdn.shopify.com/s/files/1/0995/6920/5581/files/wheel-design-048_4c642a22-9fcd-4ddf-bbb0-c5e4c9575a5f.png,897,906,png,0.990,0.81,1,7,si,si,imagen repetida
OYL260416160,Juego de 4 llantas 19 pulgadas BMW – OYL260416160,oyl260416160-19-bmw,https://cdn.shopify.com/s/files/1/0995/6920/5581/files/wheel-design-048_b0187ab6-0094-4b27-9bae-b482a5b2ef67.png,897,906,png,0.990,0.81,1,7,si,si,imagen repetida
OYL260416161,Juego de 4 llantas 20 pulgadas BMW – OYL260416161,oyl260416161-20-bmw,https://cdn.shopify.com/s/files/1/0995/6920/5581/files/wheel-design-048_3a2fe9f0-4083-478e-a9cc-a2c06e16cd8f.png,897,906,png,0.990,0.81,1,7,si,si,imagen repetida
OYL260416162,Juego de 4 llantas 20 pulgadas BMW – OYL260416162,oyl260416162-20-bmw,https://cdn.shopify.com/s/files/1/0995/6920/5581/files/wheel-design-048_1fc97486-6f6d-4571-83c9-85792d432055.png,897,906,png,0.990,0.81,1,7,si,si,imagen repetida
OYL260416163,Juego de 4 llantas 20 pulgadas BMW – OYL260416163,oyl260416163-20-bmw,https://cdn.shopify.com/s/files/1/0995/6920/5581/files/wheel-design-048_f1cba944-b3c7-441f-9d66-91120db931d4.png,897,906,png,0.990,0.81,1,7,si,si,imagen repetida
OYL260416164,Juego de 4 llantas 20 pulgadas BMW – OYL260416164,oyl260416164-20-bmw,https://cdn.shopify.com/s/files/1/0995/6920/5581/files/wheel-design-049_e32d1817-f946-4aa5-9706-fc8c273014e9.png,915,873,png,1.048,0.80,1,7,si,si,imagen repetida
OYL260416165,Juego de 4 llantas 20 pulgadas BMW – OYL260416165,oyl260416165-20-bmw,https://cdn.shopify.com/s/files/1/0995/6920/5581/files/wheel-design-049_93f8e6e7-202e-4825-b3cd-c31820ac450d.png,915,873,png,1.048,0.80,1,7,si,si,imagen repetida
OYL260416166,Juego de 4 llantas 20 pulgadas BMW – OYL260416166,oyl260416166-20-bmw,https://cdn.shopify.com/s/files/1/0995/6920/5581/files/wheel-design-049_b9c64bc8-86e8-4df5-a05c-8aad580b7838.png,915,873,png,1.048,0.80,1,7,si,si,imagen repetida
OYL260416167,Juego de 4 llantas 21 pulgadas BMW – OYL260416167,oyl260416167-21-bmw,https://cdn.shopify.com/s/files/1/0995/6920/5581/files/wheel-design-049_452d7f94-caef-47f2-990f-4022d88e4517.png,915,873,png,1.048,0.80,1,7,si,si,imagen repetida
OYL260416168,Juego de 4 llantas 21 pulgadas BMW – OYL260416168,oyl260416168-21-bmw,https://cdn.shopify.com/s/files/1/0995/6920/5581/files/wheel-design-049_626bd61f-948d-4869-9e22-a13ccf6e9d23.png,915,873,png,1.048,0.80,1,7,no,si,imagen repetida
OYL260416169,Juego de 4 llantas 21 pulgadas BMW – OYL260416169,oyl260416169-21-bmw,https://cdn.shopify.com/s/files/1/0995/6920/5581/files/wheel-design-049_aa75d792-3c06-4802-8295-d48e6922ca64.png,915,873,png,1.048,0.80,1,7,si,si,imagen repetida
OYL260416170,Juego de 4 llantas 21 pulgadas BMW – OYL260416170,oyl260416170-21-bmw,https://cdn.shopify.com/s/files/1/0995/6920/5581/files/wheel-design-049_d1e994a7-d74d-4b5c-8f21-2e50acd8147c.png,915,873,png,1.048,0.80,1,7,si,si,imagen repetida
OYL260416171,Juego de 4 llantas 19 pulgadas BMW – OYL260416171,oyl260416171-19-bmw,https://cdn.shopify.com/s/files/1/0995/6920/5581/files/wheel-design-050_8471aed9-fb88-4507-a373-c37b50a790e2.png,892,930,png,0.959,0.83,1,3,si,si,imagen repetida
OYL260416172,Juego de 4 llantas 19 pulgadas BMW – OYL260416172,oyl260416172-19-bmw,https://cdn.shopify.com/s/files/1/0995/6920/5581/files/wheel-design-050_69290e39-153a-49cb-8981-cbd6066ebff9.png,892,930,png,0.959,0.83,1,3,no,si,imagen repetida
OYL260416173,Juego de 4 llantas 19 pulgadas BMW – OYL260416173,oyl260416173-19-bmw,https://cdn.shopify.com/s/files/1/0995/6920/5581/files/wheel-design-050_553d9b9f-d785-4834-bfde-8d5edde19f5c.png,892,930,png,0.959,0.83,1,3,si,si,imagen repetida
OYL260416174,Juego de 4 llantas 18 pulgadas Volkswagen – OYL260416174,oyl260416174-18-volkswagen,https://cdn.shopify.com/s/files/1/0995/6920/5581/files/wheel-design-051_bac09328-95df-4fa6-b0ee-d95fa02a79ed.png,190,165,png,1.152,0.03,1,4,si,si,baja resolución
OYL260416175,Juego de 4 llantas 18 pulgadas Volkswagen – OYL260416175,oyl260416175-18-volkswagen,https://cdn.shopify.com/s/files/1/0995/6920/5581/files/wheel-design-051_d2d19b4a-34a8-4450-b246-80fb29fab9b0.png,190,165,png,1.152,0.03,1,4,si,si,baja resolución
OYL260416176,Juego de 4 llantas 19 pulgadas Volkswagen – OYL260416176,oyl260416176-19-volkswagen,https://cdn.shopify.com/s/files/1/0995/6920/5581/files/wheel-design-051_23399fe1-5cea-48dc-8fbe-5c0b9d45ff02.png,190,165,png,1.152,0.03,1,4,si,si,baja resolución
OYL260416177,Juego de 4 llantas 19 pulgadas Volkswagen – OYL260416177,oyl260416177-19-volkswagen,https://cdn.shopify.com/s/files/1/0995/6920/5581/files/wheel-design-051_4878dafd-803d-415d-b823-f08bbddf331f.png,190,165,png,1.152,0.03,1,4,si,si,baja resolución
OYL260416178,Juego de 4 llantas 17 pulgadas Volkswagen – OYL260416178,oyl260416178-17-volkswagen,https://cdn.shopify.com/s/files/1/0995/6920/5581/files/wheel-design-052_0f045503-1197-4309-8b8b-64cea04a4939.png,197,181,png,1.088,0.04,1,2,si,si,baja resolución
OYL260416179,Juego de 4 llantas 18 pulgadas Volkswagen – OYL260416179,oyl260416179-18-volkswagen,https://cdn.shopify.com/s/files/1/0995/6920/5581/files/wheel-design-052_e9f65664-021e-4f5e-a335-7c616db6188b.png,197,181,png,1.088,0.04,1,2,si,si,baja resolución
OYL260416180,Juego de 4 llantas 19 pulgadas Mercedes-Benz – OYL260416180,oyl260416180-19-mercedes-benz,https://cdn.shopify.com/s/files/1/0995/6920/5581/files/wheel-design-053_d750500a-0896-4ff3-b271-709b9b5fc6a6.png,225,213,png,1.056,0.05,1,4,si,si,baja resolución
OYL260416181,Juego de 4 llantas 19 pulgadas Mercedes-Benz – OYL260416181,oyl260416181-19-mercedes-benz,https://cdn.shopify.com/s/files/1/0995/6920/5581/files/wheel-design-053_c21ba9c5-de1e-4c26-b92f-64fc97b40a92.png,225,213,png,1.056,0.05,1,4,no,si,baja resolución
OYL260416182,Juego de 4 llantas 20 pulgadas Mercedes-Benz – OYL260416182,oyl260416182-20-mercedes-benz,https://cdn.shopify.com/s/files/1/0995/6920/5581/files/wheel-design-053_0a551dba-2da1-43f5-87fb-37c95f971142.png,225,213,png,1.056,0.05,1,4,si,si,baja resolución
OYL260416183,Juego de 4 llantas 20 pulgadas Mercedes-Benz – OYL260416183,oyl260416183-20-mercedes-benz,https://cdn.shopify.com/s/files/1/0995/6920/5581/files/wheel-design-053_95f2f32a-d954-40a5-bb1e-65570a354bd2.png,225,213,png,1.056,0.05,1,4,si,si,baja resolución
OYL260416184,Juego de 4 llantas 19 pulgadas BMW – OYL260416184,oyl260416184-19-bmw,https://cdn.shopify.com/s/files/1/0995/6920/5581/files/wheel-design-054_070e8ad7-c672-46d9-a1dd-36689c05f30f.png,199,189,png,1.053,0.04,1,4,si,si,baja resolución
OYL260416185,Juego de 4 llantas 19 pulgadas BMW – OYL260416185,oyl260416185-19-bmw,https://cdn.shopify.com/s/files/1/0995/6920/5581/files/wheel-design-054_ccfc3d61-024b-4dd0-9ddb-2c27af8fc32f.png,199,189,png,1.053,0.04,1,4,si,si,baja resolución
OYL260416186,Juego de 4 llantas 20 pulgadas BMW – OYL260416186,oyl260416186-20-bmw,https://cdn.shopify.com/s/files/1/0995/6920/5581/files/wheel-design-054_e2ce1384-1aa7-4475-b176-af3cf96d07a4.png,199,189,png,1.053,0.04,1,4,si,si,baja resolución
OYL260416187,Juego de 4 llantas 20 pulgadas BMW – OYL260416187,oyl260416187-20-bmw,https://cdn.shopify.com/s/files/1/0995/6920/5581/files/wheel-design-054_35db49ec-846b-4292-9a99-a0f32191328e.png,199,189,png,1.053,0.04,1,4,no,si,baja resolución
OYL260416188,Juego de 4 llantas 17 pulgadas Audi – OYL260416188,oyl260416188-17-audi,https://cdn.shopify.com/s/files/1/0995/6920/5581/files/wheel-design-055_08e87b07-14b6-4b96-a3ee-4a98f1dcb059.png,176,149,png,1.181,0.03,1,4,no,si,baja resolución
OYL260416189,Juego de 4 llantas 18 pulgadas Audi – OYL260416189,oyl260416189-18-audi,https://cdn.shopify.com/s/files/1/0995/6920/5581/files/wheel-design-055_ff6842fb-a359-45e2-8611-c4b30af4732b.png,176,149,png,1.181,0.03,1,4,si,si,baja resolución
OYL260416190,Juego de 4 llantas 19 pulgadas Audi – OYL260416190,oyl260416190-19-audi,https://cdn.shopify.com/s/files/1/0995/6920/5581/files/wheel-design-055_fec59398-1863-4ea1-a662-09fc765296c3.png,176,149,png,1.181,0.03,1,4,no,si,baja resolución
OYL260416191,Juego de 4 llantas 21 pulgadas Audi – OYL260416191,oyl260416191-21-audi,https://cdn.shopify.com/s/files/1/0995/6920/5581/files/wheel-design-055_b0447dac-60d9-43d0-8eac-5ef1bd673687.png,176,149,png,1.181,0.03,1,4,si,si,baja resolución
OYL260416192,Juego de 4 llantas 20 pulgadas Audi – OYL260416192,oyl260416192-20-audi,https://cdn.shopify.com/s/files/1/0995/6920/5581/files/wheel-design-056_5d7831dc-3753-4866-bb73-9d325b55b23d.jpg,188,190,jpg,0.989,0.04,1,2,si,si,baja resolución
OYL260416193,Juego de 4 llantas 22 pulgadas Audi – OYL260416193,oyl260416193-22-audi,https://cdn.shopify.com/s/files/1/0995/6920/5581/files/wheel-design-056_9b1a2aa5-c055-4c86-843f-73edd19e89c4.jpg,188,190,jpg,0.989,0.04,1,2,no,si,baja resolución
OYL260416194,Juego de 4 llantas 19 pulgadas Mercedes-Benz – OYL260416194,oyl260416194-19-mercedes-benz,https://cdn.shopify.com/s/files/1/0995/6920/5581/files/wheel-design-057_f26ea81d-7af1-49da-88ed-7bdb5c663a95.png,230,215,png,1.070,0.05,1,4,si,si,baja resolución
OYL260416195,Juego de 4 llantas 20 pulgadas Mercedes-Benz – OYL260416195,oyl260416195-20-mercedes-benz,https://cdn.shopify.com/s/files/1/0995/6920/5581/files/wheel-design-057_d3f083f1-05b0-4278-9ff7-27fe9e404b5b.png,230,215,png,1.070,0.05,1,4,no,si,baja resolución
OYL260416196,Juego de 4 llantas 21 pulgadas Mercedes-Benz – OYL260416196,oyl260416196-21-mercedes-benz,https://cdn.shopify.com/s/files/1/0995/6920/5581/files/wheel-design-057_5da3d08f-d3ee-42d4-b5ed-b9a3b04a1600.png,230,215,png,1.070,0.05,1,4,si,si,baja resolución
OYL260416197,Juego de 4 llantas 21 pulgadas Mercedes-Benz – OYL260416197,oyl260416197-21-mercedes-benz,https://cdn.shopify.com/s/files/1/0995/6920/5581/files/wheel-design-057_1b451250-e732-459a-a41f-e9b32aa66f19.png,230,215,png,1.070,0.05,1,4,si,si,baja resolución
OYL260416198,Juego de 4 llantas 18 pulgadas Mercedes-Benz – OYL260416198,oyl260416198-18-mercedes-benz,https://cdn.shopify.com/s/files/1/0995/6920/5581/files/wheel-design-058_973ab949-4bd2-469b-8b76-bf39401ab7b6.jpg,222,172,jpg,1.291,0.04,1,3,si,si,baja resolución
OYL260416199,Juego de 4 llantas 19 pulgadas Mercedes-Benz – OYL260416199,oyl260416199-19-mercedes-benz,https://cdn.shopify.com/s/files/1/0995/6920/5581/files/wheel-design-058_a36ac871-215c-4e44-84a1-a2468fbc923b.jpg,222,172,jpg,1.291,0.04,1,3,si,si,baja resolución
OYL260416200,Juego de 4 llantas 19 pulgadas Mercedes-Benz – OYL260416200,oyl260416200-19-mercedes-benz,https://cdn.shopify.com/s/files/1/0995/6920/5581/files/wheel-design-058_ec536d4f-796c-4443-83fb-baff8df2e3aa.jpg,222,172,jpg,1.291,0.04,1,3,si,si,baja resolución
OYL260416201,Juego de 4 llantas 19 pulgadas BMW – OYL260416201,oyl260416201-19-bmw,https://cdn.shopify.com/s/files/1/0995/6920/5581/files/wheel-design-059_44eb7d5a-b4c0-48f4-815b-f7b007b496d3.png,624,591,png,1.056,0.37,1,8,si,si,baja resolución
OYL260416202,Juego de 4 llantas 19 pulgadas BMW – OYL260416202,oyl260416202-19-bmw,https://cdn.shopify.com/s/files/1/0995/6920/5581/files/wheel-design-059_8a668226-3815-4307-b4ce-739458f978dc.png,624,591,png,1.056,0.37,1,8,si,si,baja resolución
OYL260416203,Juego de 4 llantas 20 pulgadas BMW – OYL260416203,oyl260416203-20-bmw,https://cdn.shopify.com/s/files/1/0995/6920/5581/files/wheel-design-059_68f9a27e-5f92-4ec3-ba6f-32aff63b6ed1.png,624,591,png,1.056,0.37,1,8,si,si,baja resolución
OYL260416204,Juego de 4 llantas 20 pulgadas BMW – OYL260416204,oyl260416204-20-bmw,https://cdn.shopify.com/s/files/1/0995/6920/5581/files/wheel-design-059_c78cd375-a57f-4af2-a0a0-e321c8ec1c91.png,624,591,png,1.056,0.37,1,8,si,si,baja resolución
OYL260416205,Juego de 4 llantas 20 pulgadas BMW – OYL260416205,oyl260416205-20-bmw,https://cdn.shopify.com/s/files/1/0995/6920/5581/files/wheel-design-059_1b1b892e-b09b-4341-85f8-cd1275dee947.png,624,591,png,1.056,0.37,1,8,si,si,baja resolución
OYL260416206,Juego de 4 llantas 20 pulgadas BMW – OYL260416206,oyl260416206-20-bmw,https://cdn.shopify.com/s/files/1/0995/6920/5581/files/wheel-design-059_741b3fa3-a1b2-49e9-b4e1-103b33976c21.png,624,591,png,1.056,0.37,1,8,no,si,baja resolución
OYL260416207,Juego de 4 llantas 20 pulgadas BMW – OYL260416207,oyl260416207-20-bmw,https://cdn.shopify.com/s/files/1/0995/6920/5581/files/wheel-design-059_3a821004-637b-4f4e-a653-cac3da3218f3.png,624,591,png,1.056,0.37,1,8,no,si,baja resolución
OYL260416208,Juego de 4 llantas 20 pulgadas BMW – OYL260416208,oyl260416208-20-bmw,https://cdn.shopify.com/s/files/1/0995/6920/5581/files/wheel-design-059_0ec7c1fe-1dd5-48f7-a961-c07e990af93f.png,624,591,png,1.056,0.37,1,8,no,si,baja resolución
OYL260416209,Juego de 4 llantas 19 pulgadas Audi – OYL260416209,oyl260416209-19-audi,https://cdn.shopify.com/s/files/1/0995/6920/5581/files/wheel-design-060_d4abf0e9-c4a3-43e1-89b7-122afcfd6e2a.jpg,183,188,jpg,0.973,0.03,1,2,si,si,baja resolución
OYL260416210,Juego de 4 llantas 19 pulgadas Vehículos europeos – OYL260416210,oyl260416210-19-vehiculos-europeos,https://cdn.shopify.com/s/files/1/0995/6920/5581/files/wheel-design-060_d992482f-9337-42fe-8c97-2382ac633ba8.jpg,183,188,jpg,0.973,0.03,1,2,si,si,baja resolución
OYL260416211,Juego de 4 llantas 21 pulgadas BMW – OYL260416211,oyl260416211-21-bmw,https://cdn.shopify.com/s/files/1/0995/6920/5581/files/wheel-design-061_681d9c5e-663a-478f-957f-bd1e2ec86928.png,199,151,png,1.318,0.03,1,4,si,si,baja resolución
OYL260416212,Juego de 4 llantas 22 pulgadas BMW – OYL260416212,oyl260416212-22-bmw,https://cdn.shopify.com/s/files/1/0995/6920/5581/files/wheel-design-061_51e059d3-5d28-4d35-aef3-f3a42c0632dc.png,199,151,png,1.318,0.03,1,4,si,si,baja resolución
OYL260416213,Juego de 4 llantas 22 pulgadas BMW – OYL260416213,oyl260416213-22-bmw,https://cdn.shopify.com/s/files/1/0995/6920/5581/files/wheel-design-061_65fe318b-331e-4987-aa90-7be4a499008d.png,199,151,png,1.318,0.03,1,4,no,si,baja resolución
OYL260416214,Juego de 4 llantas 22 pulgadas BMW – OYL260416214,oyl260416214-22-bmw,https://cdn.shopify.com/s/files/1/0995/6920/5581/files/wheel-design-061_f10519d5-d2e3-4ac0-b81f-01c028b1cbe0.png,199,151,png,1.318,0.03,1,4,si,si,baja resolución
OYL260416215,Juego de 4 llantas 18 pulgadas Mercedes-Benz – OYL260416215,oyl260416215-18-mercedes-benz,https://cdn.shopify.com/s/files/1/0995/6920/5581/files/wheel-design-062_edc7eaa7-2c73-42a8-8a53-fb5cbf1d3fd8.png,208,200,png,1.040,0.04,1,7,si,si,baja resolución
OYL260416216,Juego de 4 llantas 18 pulgadas Mercedes-Benz – OYL260416216,oyl260416216-18-mercedes-benz,https://cdn.shopify.com/s/files/1/0995/6920/5581/files/wheel-design-062_2e09d1d9-c557-4816-9039-d85a254ad721.png,208,200,png,1.040,0.04,1,7,si,si,baja resolución
OYL260416217,Juego de 4 llantas 19 pulgadas Mercedes-Benz – OYL260416217,oyl260416217-19-mercedes-benz,https://cdn.shopify.com/s/files/1/0995/6920/5581/files/wheel-design-062_25f09de3-1e96-42dc-b8e8-433dd4edcf50.png,208,200,png,1.040,0.04,1,7,si,si,baja resolución
OYL260416218,Juego de 4 llantas 19 pulgadas Mercedes-Benz – OYL260416218,oyl260416218-19-mercedes-benz,https://cdn.shopify.com/s/files/1/0995/6920/5581/files/wheel-design-062_aea883a2-7313-4151-af96-3ef50bd34e3e.png,208,200,png,1.040,0.04,1,7,si,si,baja resolución
OYL260416219,Juego de 4 llantas 20 pulgadas Mercedes-Benz – OYL260416219,oyl260416219-20-mercedes-benz,https://cdn.shopify.com/s/files/1/0995/6920/5581/files/wheel-design-062_558bfad8-bb3e-4b61-8ca6-e91e4e9fa9f9.png,208,200,png,1.040,0.04,1,7,si,si,baja resolución
OYL260416220,Juego de 4 llantas 20 pulgadas Mercedes-Benz – OYL260416220,oyl260416220-20-mercedes-benz,https://cdn.shopify.com/s/files/1/0995/6920/5581/files/wheel-design-062_bd8eff4f-4388-4eba-91ef-7b5370735980.png,208,200,png,1.040,0.04,1,7,si,si,baja resolución
OYL260416221,Juego de 4 llantas 21 pulgadas Mercedes-Benz – OYL260416221,oyl260416221-21-mercedes-benz,https://cdn.shopify.com/s/files/1/0995/6920/5581/files/wheel-design-062_ac2b71bf-6cbc-45f0-b3f2-a276a505bceb.png,208,200,png,1.040,0.04,1,7,no,si,baja resolución
OYL260416222,Juego de 4 llantas 20 pulgadas Mercedes-Benz – OYL260416222,oyl260416222-20-mercedes-benz,https://cdn.shopify.com/s/files/1/0995/6920/5581/files/wheel-design-063_5074c7a2-156d-4ee7-a45a-d3997c8482e0.jpg,231,186,jpg,1.242,0.04,1,2,si,si,baja resolución
OYL260416223,Juego de 4 llantas 20 pulgadas Mercedes-Benz – OYL260416223,oyl260416223-20-mercedes-benz,https://cdn.shopify.com/s/files/1/0995/6920/5581/files/wheel-design-063_974973d7-5dc1-4846-8715-d81947bf11db.jpg,231,186,jpg,1.242,0.04,1,2,si,si,baja resolución
OYL260416224,Juego de 4 llantas 19 pulgadas BMW – OYL260416224,oyl260416224-19-bmw,https://cdn.shopify.com/s/files/1/0995/6920/5581/files/wheel-design-064_85990f77-fb69-4e24-8c5b-ded94b3ea02f.jpg,241,211,jpg,1.142,0.05,1,4,si,si,baja resolución
OYL260416225,Juego de 4 llantas 19 pulgadas BMW – OYL260416225,oyl260416225-19-bmw,https://cdn.shopify.com/s/files/1/0995/6920/5581/files/wheel-design-064_24d1924e-2ed7-4ae0-ae31-95e930f91326.jpg,241,211,jpg,1.142,0.05,1,4,si,si,baja resolución
OYL260416226,Juego de 4 llantas 19 pulgadas BMW – OYL260416226,oyl260416226-19-bmw,https://cdn.shopify.com/s/files/1/0995/6920/5581/files/wheel-design-064_7cb11261-65ed-48eb-9072-a47e0123393a.jpg,241,211,jpg,1.142,0.05,1,4,si,si,baja resolución
OYL260416227,Juego de 4 llantas 19 pulgadas BMW – OYL260416227,oyl260416227-19-bmw,https://cdn.shopify.com/s/files/1/0995/6920/5581/files/wheel-design-064_9c27b7d2-0551-4489-b5f0-28d2af370d6f.jpg,241,211,jpg,1.142,0.05,1,4,si,si,baja resolución
OYL260416228,Juego de 4 llantas 20 pulgadas BMW – OYL260416228,oyl260416228-20-bmw,https://cdn.shopify.com/s/files/1/0995/6920/5581/files/wheel-design-065_a5b96803-c8a6-4a05-ab2a-833d4756192a.jpg,183,204,jpg,0.897,0.04,1,7,si,si,baja resolución
OYL260416229,Juego de 4 llantas 20 pulgadas BMW – OYL260416229,oyl260416229-20-bmw,https://cdn.shopify.com/s/files/1/0995/6920/5581/files/wheel-design-065_9bdbef4f-7b23-4b98-9015-3104c3634f88.jpg,183,204,jpg,0.897,0.04,1,7,si,si,baja resolución
OYL260416230,Juego de 4 llantas 20 pulgadas BMW – OYL260416230,oyl260416230-20-bmw,https://cdn.shopify.com/s/files/1/0995/6920/5581/files/wheel-design-065_d2b6cb35-19c3-410b-b0e1-2ef54a37a330.jpg,183,204,jpg,0.897,0.04,1,7,si,si,baja resolución
OYL260416231,Juego de 4 llantas 22 pulgadas BMW – OYL260416231,oyl260416231-22-bmw,https://cdn.shopify.com/s/files/1/0995/6920/5581/files/wheel-design-065_dc45bdf6-830c-405a-8fe0-b082f8b8f240.jpg,183,204,jpg,0.897,0.04,1,7,no,si,baja resolución
OYL260416232,Juego de 4 llantas 22 pulgadas BMW – OYL260416232,oyl260416232-22-bmw,https://cdn.shopify.com/s/files/1/0995/6920/5581/files/wheel-design-065_e04f54af-3b20-4260-9ff1-fe0e92646432.jpg,183,204,jpg,0.897,0.04,1,7,si,si,baja resolución
OYL260416233,Juego de 4 llantas 22 pulgadas BMW – OYL260416233,oyl260416233-22-bmw,https://cdn.shopify.com/s/files/1/0995/6920/5581/files/wheel-design-065_e8ab6b57-794f-475c-a509-4d06c2992472.jpg,183,204,jpg,0.897,0.04,1,7,si,si,baja resolución
OYL260416234,Juego de 4 llantas 22 pulgadas BMW – OYL260416234,oyl260416234-22-bmw,https://cdn.shopify.com/s/files/1/0995/6920/5581/files/wheel-design-065_8d896df6-41b9-4421-9ac9-d040b77b5095.jpg,183,204,jpg,0.897,0.04,1,7,si,si,baja resolución
OYL260416235,Juego de 4 llantas 18 pulgadas BMW – OYL260416235,oyl260416235-18-bmw,https://cdn.shopify.com/s/files/1/0995/6920/5581/files/wheel-design-066_d95c5aa0-e478-47e2-ae2f-fcca7015156a.jpg,229,197,jpg,1.162,0.05,1,9,si,si,baja resolución
OYL260416236,Juego de 4 llantas 18 pulgadas BMW – OYL260416236,oyl260416236-18-bmw,https://cdn.shopify.com/s/files/1/0995/6920/5581/files/wheel-design-066_53cfdc7d-0f8a-4dff-9be1-820a853115bf.jpg,229,197,jpg,1.162,0.05,1,9,si,si,baja resolución
OYL260416237,Juego de 4 llantas 19 pulgadas BMW – OYL260416237,oyl260416237-19-bmw,https://cdn.shopify.com/s/files/1/0995/6920/5581/files/wheel-design-066_17972dac-0f46-40d1-80b9-dea6e46ca2f1.jpg,229,197,jpg,1.162,0.05,1,9,si,si,baja resolución
OYL260416238,Juego de 4 llantas 19 pulgadas BMW – OYL260416238,oyl260416238-19-bmw,https://cdn.shopify.com/s/files/1/0995/6920/5581/files/wheel-design-066_6477d2d8-fc5b-412d-b186-24b3504afbe5.jpg,229,197,jpg,1.162,0.05,1,9,no,si,baja resolución
OYL260416239,Juego de 4 llantas 19 pulgadas BMW – OYL260416239,oyl260416239-19-bmw,https://cdn.shopify.com/s/files/1/0995/6920/5581/files/wheel-design-066_c257ee0b-fbf1-4d98-8991-6263fbeac8c1.jpg,229,197,jpg,1.162,0.05,1,9,si,si,baja resolución
OYL260416240,Juego de 4 llantas 19 pulgadas BMW – OYL260416240,oyl260416240-19-bmw,https://cdn.shopify.com/s/files/1/0995/6920/5581/files/wheel-design-066_bb36a1c0-9bbd-4dee-8ab7-818958386c67.jpg,229,197,jpg,1.162,0.05,1,9,si,si,baja resolución
OYL260416241,Juego de 4 llantas 19 pulgadas BMW – OYL260416241,oyl260416241-19-bmw,https://cdn.shopify.com/s/files/1/0995/6920/5581/files/wheel-design-066_1bb9a15c-2bff-4869-a762-4e8703bd6101.jpg,229,197,jpg,1.162,0.05,1,9,si,si,baja resolución
OYL260416242,Juego de 4 llantas 20 pulgadas BMW – OYL260416242,oyl260416242-20-bmw,https://cdn.shopify.com/s/files/1/0995/6920/5581/files/wheel-design-066_343b0be1-00e1-4f0e-b81b-46b11e6a0f53.jpg,229,197,jpg,1.162,0.05,1,9,si,si,baja resolución
OYL260416243,Juego de 4 llantas 20 pulgadas BMW – OYL260416243,oyl260416243-20-bmw,https://cdn.shopify.com/s/files/1/0995/6920/5581/files/wheel-design-066_e4212073-0a4d-4815-9dde-b9e09dd8ee8a.jpg,229,197,jpg,1.162,0.05,1,9,si,si,baja resolución
OYL260416244,Juego de 4 llantas 18 pulgadas Mercedes-Benz – OYL260416244,oyl260416244-18-mercedes-benz,https://cdn.shopify.com/s/files/1/0995/6920/5581/files/wheel-design-067_504031e3-ea45-46e8-8c66-a3d82708837b.jpg,198,144,jpg,1.375,0.03,1,3,si,si,baja resolución
OYL260416245,Juego de 4 llantas 18 pulgadas Mercedes-Benz – OYL260416245,oyl260416245-18-mercedes-benz,https://cdn.shopify.com/s/files/1/0995/6920/5581/files/wheel-design-067_acbb22ce-62d0-4c1f-8f84-2de420106e6a.jpg,198,144,jpg,1.375,0.03,1,3,si,si,baja resolución
OYL260416246,Juego de 4 llantas 18 pulgadas Mercedes-Benz – OYL260416246,oyl260416246-18-mercedes-benz,https://cdn.shopify.com/s/files/1/0995/6920/5581/files/wheel-design-067_60fb5f95-60ed-4bb2-9faa-651d0b118cad.jpg,198,144,jpg,1.375,0.03,1,3,no,si,baja resolución
OYL260416247,Juego de 4 llantas 22 pulgadas BMW – OYL260416247,oyl260416247-22-bmw,https://cdn.shopify.com/s/files/1/0995/6920/5581/files/wheel-design-068_7d89147e-cc4b-44f3-aefb-d57424fe6185.jpg,188,199,jpg,0.945,0.04,1,2,no,si,baja resolución
OYL260416248,Juego de 4 llantas 22 pulgadas BMW – OYL260416248,oyl260416248-22-bmw,https://cdn.shopify.com/s/files/1/0995/6920/5581/files/wheel-design-068_3fdec8c7-3565-4d63-ad19-5ca18ea622c3.jpg,188,199,jpg,0.945,0.04,1,2,si,si,baja resolución
OYL260416249,Juego de 4 llantas 19 pulgadas Mercedes-Benz – OYL260416249,oyl260416249-19-mercedes-benz,https://cdn.shopify.com/s/files/1/0995/6920/5581/files/wheel-design-069_02f4aa7b-4c5e-4bec-8dd2-905593634673.jpg,236,183,jpg,1.290,0.04,1,4,si,si,baja resolución
OYL260416250,Juego de 4 llantas 19 pulgadas Mercedes-Benz – OYL260416250,oyl260416250-19-mercedes-benz,https://cdn.shopify.com/s/files/1/0995/6920/5581/files/wheel-design-069_7eb91fe2-ff24-435f-92fb-1ea701255701.jpg,236,183,jpg,1.290,0.04,1,4,no,si,baja resolución
OYL260416251,Juego de 4 llantas 20 pulgadas Mercedes-Benz – OYL260416251,oyl260416251-20-mercedes-benz,https://cdn.shopify.com/s/files/1/0995/6920/5581/files/wheel-design-069_3f0f7fdc-25f1-4e9d-a056-ea6b7ee86258.jpg,236,183,jpg,1.290,0.04,1,4,si,si,baja resolución
OYL260416252,Juego de 4 llantas 20 pulgadas Mercedes-Benz – OYL260416252,oyl260416252-20-mercedes-benz,https://cdn.shopify.com/s/files/1/0995/6920/5581/files/wheel-design-069_d40bfac2-5fe0-4a17-b44e-931d0aa13550.jpg,236,183,jpg,1.290,0.04,1,4,si,si,baja resolución
OYL260416253,Juego de 4 llantas 17 pulgadas BMW – OYL260416253,oyl260416253-17-bmw,https://cdn.shopify.com/s/files/1/0995/6920/5581/files/wheel-design-070_c7ead102-11a8-40e8-859f-16cc75b5572e.jpg,159,148,jpg,1.074,0.02,1,5,si,si,baja resolución
OYL260416254,Juego de 4 llantas 17 pulgadas BMW – OYL260416254,oyl260416254-17-bmw,https://cdn.shopify.com/s/files/1/0995/6920/5581/files/wheel-design-070_02a9f6a0-2b55-4a61-9cf9-9fd1d55019fd.jpg,159,148,jpg,1.074,0.02,1,5,si,si,baja resolución
OYL260416255,Juego de 4 llantas 18 pulgadas BMW – OYL260416255,oyl260416255-18-bmw,https://cdn.shopify.com/s/files/1/0995/6920/5581/files/wheel-design-070_4c772be1-a0b5-4465-9cd5-14bf940d7248.jpg,159,148,jpg,1.074,0.02,1,5,si,si,baja resolución
OYL260416256,Juego de 4 llantas 18 pulgadas BMW – OYL260416256,oyl260416256-18-bmw,https://cdn.shopify.com/s/files/1/0995/6920/5581/files/wheel-design-070_25d56d22-3026-433d-a605-39e4d8c762d1.jpg,159,148,jpg,1.074,0.02,1,5,si,si,baja resolución
OYL260416257,Juego de 4 llantas 18 pulgadas BMW – OYL260416257,oyl260416257-18-bmw,https://cdn.shopify.com/s/files/1/0995/6920/5581/files/wheel-design-070_525c53ab-317c-4a6b-93b5-a62c900612b7.jpg,159,148,jpg,1.074,0.02,1,5,si,si,baja resolución
OYL260416258,Juego de 4 llantas 19 pulgadas Audi – OYL260416258,oyl260416258-19-audi,https://cdn.shopify.com/s/files/1/0995/6920/5581/files/wheel-design-071_578959a4-0b4a-47c4-b53b-478225392695.png,176,168,png,1.048,0.03,1,2,si,si,baja resolución
OYL260416259,Juego de 4 llantas 22 pulgadas Audi – OYL260416259,oyl260416259-22-audi,https://cdn.shopify.com/s/files/1/0995/6920/5581/files/wheel-design-071_e9042918-74c9-46f0-b757-6360fe7f97dd.png,176,168,png,1.048,0.03,1,2,si,si,baja resolución
OYL260416260,Juego de 4 llantas 19 pulgadas Audi – OYL260416260,oyl260416260-19-audi,https://cdn.shopify.com/s/files/1/0995/6920/5581/files/wheel-design-072_dfc0d3da-592d-4160-beb0-336c2cd82708.jpg,203,187,jpg,1.086,0.04,1,16,no,si,baja resolución
OYL260416261,Juego de 4 llantas 19 pulgadas Audi – OYL260416261,oyl260416261-19-audi,https://cdn.shopify.com/s/files/1/0995/6920/5581/files/wheel-design-072_b34eace8-9a7c-4495-a461-da98f5ac0da9.jpg,203,187,jpg,1.086,0.04,1,16,si,si,baja resolución
OYL260416262,Juego de 4 llantas 19 pulgadas Audi – OYL260416262,oyl260416262-19-audi,https://cdn.shopify.com/s/files/1/0995/6920/5581/files/wheel-design-072_f0d9e05f-87fb-4b6c-ab29-bb0f0d89c4c0.jpg,203,187,jpg,1.086,0.04,1,16,si,si,baja resolución
OYL260416263,Juego de 4 llantas 20 pulgadas Audi – OYL260416263,oyl260416263-20-audi,https://cdn.shopify.com/s/files/1/0995/6920/5581/files/wheel-design-072_6d828858-b498-413e-9b2e-672416b59054.jpg,203,187,jpg,1.086,0.04,1,16,si,si,baja resolución
OYL260416264,Juego de 4 llantas 20 pulgadas Audi – OYL260416264,oyl260416264-20-audi,https://cdn.shopify.com/s/files/1/0995/6920/5581/files/wheel-design-072_ca9ba4d9-6e4d-4fd7-ab2e-6d556864afcc.jpg,203,187,jpg,1.086,0.04,1,16,si,si,baja resolución
OYL260416265,Juego de 4 llantas 20 pulgadas Audi – OYL260416265,oyl260416265-20-audi,https://cdn.shopify.com/s/files/1/0995/6920/5581/files/wheel-design-072_838aec73-e86c-4ba0-b45d-2fab4d762146.jpg,203,187,jpg,1.086,0.04,1,16,si,si,baja resolución
OYL260416266,Juego de 4 llantas 21 pulgadas Audi – OYL260416266,oyl260416266-21-audi,https://cdn.shopify.com/s/files/1/0995/6920/5581/files/wheel-design-072_8e2d7672-a2e7-4daa-a7a0-35f21366659c.jpg,203,187,jpg,1.086,0.04,1,16,no,si,baja resolución
OYL260416267,Juego de 4 llantas 21 pulgadas Audi – OYL260416267,oyl260416267-21-audi,https://cdn.shopify.com/s/files/1/0995/6920/5581/files/wheel-design-072_4ec9a18c-27f0-4151-b73b-91ed36199423.jpg,203,187,jpg,1.086,0.04,1,16,si,si,baja resolución
OYL260416268,Juego de 4 llantas 21 pulgadas Audi – OYL260416268,oyl260416268-21-audi,https://cdn.shopify.com/s/files/1/0995/6920/5581/files/wheel-design-072_28531a8e-7bf3-404f-9ab8-5875bfde004a.jpg,203,187,jpg,1.086,0.04,1,16,si,si,baja resolución
OYL260416269,Juego de 4 llantas 21 pulgadas Audi – OYL260416269,oyl260416269-21-audi,https://cdn.shopify.com/s/files/1/0995/6920/5581/files/wheel-design-072_9641de0a-34b6-45a7-8034-936a623ce1cb.jpg,203,187,jpg,1.086,0.04,1,16,no,si,baja resolución
OYL260416270,Juego de 4 llantas 22 pulgadas Audi – OYL260416270,oyl260416270-22-audi,https://cdn.shopify.com/s/files/1/0995/6920/5581/files/wheel-design-072_e9dd223f-8740-455a-a861-aff7845a257b.jpg,203,187,jpg,1.086,0.04,1,16,si,si,baja resolución
OYL260416271,Juego de 4 llantas 22 pulgadas Audi – OYL260416271,oyl260416271-22-audi,https://cdn.shopify.com/s/files/1/0995/6920/5581/files/wheel-design-072_f628e758-fe85-44dd-8015-2632e0d3cd34.jpg,203,187,jpg,1.086,0.04,1,16,no,si,baja resolución
OYL260416272,Juego de 4 llantas 22 pulgadas Audi – OYL260416272,oyl260416272-22-audi,https://cdn.shopify.com/s/files/1/0995/6920/5581/files/wheel-design-072_0c4f35aa-ddd9-49fe-938a-8df83b258e71.jpg,203,187,jpg,1.086,0.04,1,16,no,si,baja resolución
OYL260416273,Juego de 4 llantas 22 pulgadas Audi – OYL260416273,oyl260416273-22-audi,https://cdn.shopify.com/s/files/1/0995/6920/5581/files/wheel-design-072_02b9016b-c44a-4de3-a3d9-4f6d3cd3cf83.jpg,203,187,jpg,1.086,0.04,1,16,si,si,baja resolución
OYL260416274,Juego de 4 llantas 23 pulgadas Audi – OYL260416274,oyl260416274-23-audi,https://cdn.shopify.com/s/files/1/0995/6920/5581/files/wheel-design-072_e1851d01-b8a6-4d07-ba7b-511da49882be.jpg,203,187,jpg,1.086,0.04,1,16,si,si,baja resolución
OYL260416275,Juego de 4 llantas 23 pulgadas Audi – OYL260416275,oyl260416275-23-audi,https://cdn.shopify.com/s/files/1/0995/6920/5581/files/wheel-design-072_3d4b16ab-e3d6-49cc-b8d7-a43403526bbd.jpg,203,187,jpg,1.086,0.04,1,16,si,si,baja resolución
OYL260416276,Juego de 4 llantas 18 pulgadas Audi – OYL260416276,oyl260416276-18-audi,https://cdn.shopify.com/s/files/1/0995/6920/5581/files/wheel-design-073_d8ab2c9b-1729-444b-b514-5e91ec85f6e1.png,198,183,png,1.082,0.04,1,6,no,si,baja resolución
OYL260416277,Juego de 4 llantas 18 pulgadas Audi – OYL260416277,oyl260416277-18-audi,https://cdn.shopify.com/s/files/1/0995/6920/5581/files/wheel-design-073_e5ae37b9-e901-4166-980a-1235791d1183.png,198,183,png,1.082,0.04,1,6,si,si,baja resolución
OYL260416278,Juego de 4 llantas 20 pulgadas Audi – OYL260416278,oyl260416278-20-audi,https://cdn.shopify.com/s/files/1/0995/6920/5581/files/wheel-design-073_963debd2-ad49-4d09-b243-98ff9419ac76.png,198,183,png,1.082,0.04,1,6,no,si,baja resolución
OYL260416279,Juego de 4 llantas 20 pulgadas Audi – OYL260416279,oyl260416279-20-audi,https://cdn.shopify.com/s/files/1/0995/6920/5581/files/wheel-design-073_e09d0e62-0cce-4372-9ed9-7b5b2c56862e.png,198,183,png,1.082,0.04,1,6,no,si,baja resolución
OYL260416280,Juego de 4 llantas 21 pulgadas Audi – OYL260416280,oyl260416280-21-audi,https://cdn.shopify.com/s/files/1/0995/6920/5581/files/wheel-design-073_8fb21ff8-bc26-45b7-a3b8-b4dd145bdd0a.png,198,183,png,1.082,0.04,1,6,no,si,baja resolución
OYL260416281,Juego de 4 llantas 21 pulgadas Audi – OYL260416281,oyl260416281-21-audi,https://cdn.shopify.com/s/files/1/0995/6920/5581/files/wheel-design-073_2e0a7a38-a81f-4c7f-b13a-5f985f3268f4.png,198,183,png,1.082,0.04,1,6,si,si,baja resolución
OYL260416282,Juego de 4 llantas 18 pulgadas BMW – OYL260416282,oyl260416282-18-bmw,https://cdn.shopify.com/s/files/1/0995/6920/5581/files/wheel-design-074_a3f9f847-72de-4284-bb5b-26cc39f8a869.png,728,678,png,1.074,0.49,1,12,si,si,baja resolución
OYL260416283,Juego de 4 llantas 18 pulgadas BMW – OYL260416283,oyl260416283-18-bmw,https://cdn.shopify.com/s/files/1/0995/6920/5581/files/wheel-design-074_09ec3487-74db-4680-aca9-d13d2795575f.png,728,678,png,1.074,0.49,1,12,si,si,baja resolución
OYL260416284,Juego de 4 llantas 18 pulgadas BMW – OYL260416284,oyl260416284-18-bmw,https://cdn.shopify.com/s/files/1/0995/6920/5581/files/wheel-design-074_7274f44d-93be-4ce3-9c14-9d63b5ef19e4.png,728,678,png,1.074,0.49,1,12,no,si,baja resolución
OYL260416285,Juego de 4 llantas 18 pulgadas BMW – OYL260416285,oyl260416285-18-bmw,https://cdn.shopify.com/s/files/1/0995/6920/5581/files/wheel-design-074_89b5b4c7-0934-40c1-9ace-373cfa8997f4.png,728,678,png,1.074,0.49,1,12,si,si,baja resolución
OYL260416286,Juego de 4 llantas 19 pulgadas BMW – OYL260416286,oyl260416286-19-bmw,https://cdn.shopify.com/s/files/1/0995/6920/5581/files/wheel-design-074_d449e51c-e9ff-4da9-9d69-ae39f7abcdcb.png,728,678,png,1.074,0.49,1,12,si,si,baja resolución
OYL260416287,Juego de 4 llantas 19 pulgadas BMW – OYL260416287,oyl260416287-19-bmw,https://cdn.shopify.com/s/files/1/0995/6920/5581/files/wheel-design-074_05f4dec7-24aa-4844-b14b-30ea358d7475.png,728,678,png,1.074,0.49,1,12,si,si,baja resolución
OYL260416288,Juego de 4 llantas 19 pulgadas BMW – OYL260416288,oyl260416288-19-bmw,https://cdn.shopify.com/s/files/1/0995/6920/5581/files/wheel-design-074_8ffc30e9-86cb-4be9-91ed-7f39475c7029.png,728,678,png,1.074,0.49,1,12,si,si,baja resolución
OYL260416289,Juego de 4 llantas 19 pulgadas BMW – OYL260416289,oyl260416289-19-bmw,https://cdn.shopify.com/s/files/1/0995/6920/5581/files/wheel-design-074_742a9421-9264-4903-8470-3a163b352a4b.png,728,678,png,1.074,0.49,1,12,si,si,baja resolución
OYL260416290,Juego de 4 llantas 20 pulgadas BMW – OYL260416290,oyl260416290-20-bmw,https://cdn.shopify.com/s/files/1/0995/6920/5581/files/wheel-design-074_49652d20-0db4-44ea-99b5-08980fcafe8f.png,728,678,png,1.074,0.49,1,12,no,si,baja resolución
OYL260416291,Juego de 4 llantas 20 pulgadas BMW – OYL260416291,oyl260416291-20-bmw,https://cdn.shopify.com/s/files/1/0995/6920/5581/files/wheel-design-074_e4f3dd5e-1311-406b-aec8-08fe6bf9eaf8.png,728,678,png,1.074,0.49,1,12,si,si,baja resolución
OYL260416292,Juego de 4 llantas 20 pulgadas BMW – OYL260416292,oyl260416292-20-bmw,https://cdn.shopify.com/s/files/1/0995/6920/5581/files/wheel-design-074_e6ef3fd8-918e-4b5e-9f95-6c6be0785d61.png,728,678,png,1.074,0.49,1,12,si,si,baja resolución
OYL260416293,Juego de 4 llantas 20 pulgadas BMW – OYL260416293,oyl260416293-20-bmw,https://cdn.shopify.com/s/files/1/0995/6920/5581/files/wheel-design-074_0d204286-a9a5-4245-b294-410c4f12e880.png,728,678,png,1.074,0.49,1,12,si,si,baja resolución
OYL260416294,Juego de 4 llantas 18 pulgadas Mercedes-Benz – OYL260416294,oyl260416294-18-mercedes-benz,https://cdn.shopify.com/s/files/1/0995/6920/5581/files/wheel-design-075_2ac182cc-ec04-456a-8007-13aa67ab1864.jpg,192,190,jpg,1.011,0.04,1,3,no,si,baja resolución
OYL260416295,Juego de 4 llantas 19 pulgadas Mercedes-Benz – OYL260416295,oyl260416295-19-mercedes-benz,https://cdn.shopify.com/s/files/1/0995/6920/5581/files/wheel-design-075_43315cad-9dd3-4f4d-b511-4f35892eb5fe.jpg,192,190,jpg,1.011,0.04,1,3,si,si,baja resolución
OYL260416296,Juego de 4 llantas 19 pulgadas Mercedes-Benz – OYL260416296,oyl260416296-19-mercedes-benz,https://cdn.shopify.com/s/files/1/0995/6920/5581/files/wheel-design-075_7d7db778-9b5c-45f2-a460-e8e443ff31ff.jpg,192,190,jpg,1.011,0.04,1,3,si,si,baja resolución
OYL260416297,Juego de 4 llantas 18 pulgadas BMW – OYL260416297,oyl260416297-18-bmw,https://cdn.shopify.com/s/files/1/0995/6920/5581/files/wheel-design-076_adbfb4f3-d332-4ca5-a333-0bd088b274ea.jpg,185,184,jpg,1.005,0.03,1,5,si,si,baja resolución
OYL260416298,Juego de 4 llantas 19 pulgadas BMW – OYL260416298,oyl260416298-19-bmw,https://cdn.shopify.com/s/files/1/0995/6920/5581/files/wheel-design-076_e25dfb73-f84f-4a2c-a800-cd539b301f3c.jpg,185,184,jpg,1.005,0.03,1,5,si,si,baja resolución
OYL260416299,Juego de 4 llantas 19 pulgadas BMW – OYL260416299,oyl260416299-19-bmw,https://cdn.shopify.com/s/files/1/0995/6920/5581/files/wheel-design-076_190f37c2-b77c-42a2-9f41-dc785f93239a.jpg,185,184,jpg,1.005,0.03,1,5,no,si,baja resolución
OYL260416300,Juego de 4 llantas 19 pulgadas BMW – OYL260416300,oyl260416300-19-bmw,https://cdn.shopify.com/s/files/1/0995/6920/5581/files/wheel-design-076_e947fca0-b790-41ef-89bd-bb2bfc115de9.jpg,185,184,jpg,1.005,0.03,1,5,si,si,baja resolución
OYL260416301,Juego de 4 llantas 19 pulgadas BMW – OYL260416301,oyl260416301-19-bmw,https://cdn.shopify.com/s/files/1/0995/6920/5581/files/wheel-design-076_0fcf61dd-aa75-4809-8a57-20188d8cc33e.jpg,185,184,jpg,1.005,0.03,1,5,si,si,baja resolución
OYL260416302,Juego de 4 llantas 18 pulgadas BMW – OYL260416302,oyl260416302-18-bmw,https://cdn.shopify.com/s/files/1/0995/6920/5581/files/wheel-design-077_12d52515-f629-4675-ac46-ef4312caf6cb.png,217,205,png,1.059,0.04,1,4,no,si,baja resolución
OYL260416303,Juego de 4 llantas 19 pulgadas BMW – OYL260416303,oyl260416303-19-bmw,https://cdn.shopify.com/s/files/1/0995/6920/5581/files/wheel-design-077_7c8c2668-6e22-4084-8040-ed8d1c6dbcbf.png,217,205,png,1.059,0.04,1,4,no,si,baja resolución
OYL260416304,Juego de 4 llantas 19 pulgadas BMW – OYL260416304,oyl260416304-19-bmw,https://cdn.shopify.com/s/files/1/0995/6920/5581/files/wheel-design-077_99c379c7-ff66-48ad-810d-0bbe91f0e6a3.png,217,205,png,1.059,0.04,1,4,si,si,baja resolución
OYL260416305,Juego de 4 llantas 19 pulgadas BMW – OYL260416305,oyl260416305-19-bmw,https://cdn.shopify.com/s/files/1/0995/6920/5581/files/wheel-design-077_9b450bc9-f200-4be5-94da-b4096920d243.png,217,205,png,1.059,0.04,1,4,si,si,baja resolución
OYL260416306,Juego de 4 llantas 18 pulgadas Mercedes-Benz – OYL260416306,oyl260416306-18-mercedes-benz,https://cdn.shopify.com/s/files/1/0995/6920/5581/files/wheel-design-078_0748bd50-108b-429d-8c5d-ed797ae36922.png,202,189,png,1.069,0.04,1,3,si,si,baja resolución
OYL260416307,Juego de 4 llantas 19 pulgadas Mercedes-Benz – OYL260416307,oyl260416307-19-mercedes-benz,https://cdn.shopify.com/s/files/1/0995/6920/5581/files/wheel-design-078_ca19adf9-5ccd-4212-9375-ce98147e4f6f.png,202,189,png,1.069,0.04,1,3,si,si,baja resolución
OYL260416308,Juego de 4 llantas 19 pulgadas Mercedes-Benz – OYL260416308,oyl260416308-19-mercedes-benz,https://cdn.shopify.com/s/files/1/0995/6920/5581/files/wheel-design-078_0337ee3c-f89f-4a33-8b43-52df4c66c779.png,202,189,png,1.069,0.04,1,3,no,si,baja resolución
OYL260416309,Juego de 4 llantas 19 pulgadas BMW – OYL260416309,oyl260416309-19-bmw,https://cdn.shopify.com/s/files/1/0995/6920/5581/files/wheel-design-079_518e1cca-a704-4c91-a813-0916261df862.png,178,172,png,1.035,0.03,1,5,si,si,baja resolución
OYL260416310,Juego de 4 llantas 19 pulgadas BMW – OYL260416310,oyl260416310-19-bmw,https://cdn.shopify.com/s/files/1/0995/6920/5581/files/wheel-design-079_f900401a-3dda-4abf-b32a-f4913a59556e.png,178,172,png,1.035,0.03,1,5,si,si,baja resolución
OYL260416311,Juego de 4 llantas 19 pulgadas BMW – OYL260416311,oyl260416311-19-bmw,https://cdn.shopify.com/s/files/1/0995/6920/5581/files/wheel-design-079_87da5195-81a1-48ee-879a-7a937fbc5ed7.png,178,172,png,1.035,0.03,1,5,no,si,baja resolución
OYL260416312,Juego de 4 llantas 19 pulgadas BMW – OYL260416312,oyl260416312-19-bmw,https://cdn.shopify.com/s/files/1/0995/6920/5581/files/wheel-design-079_02aa3d30-4a3f-45f2-a559-df9d1e96126d.png,178,172,png,1.035,0.03,1,5,no,si,baja resolución
OYL260416313,Juego de 4 llantas 20 pulgadas BMW – OYL260416313,oyl260416313-20-bmw,https://cdn.shopify.com/s/files/1/0995/6920/5581/files/wheel-design-079_040adc94-740b-40cd-8d6c-403dcf6b7b93.png,178,172,png,1.035,0.03,1,5,si,si,baja resolución
OYL260416314,Juego de 4 llantas 17 pulgadas BMW – OYL260416314,oyl260416314-17-bmw,https://cdn.shopify.com/s/files/1/0995/6920/5581/files/wheel-design-080_5c2033cb-ab2f-4058-a67a-541daf7f4da9.png,207,192,png,1.078,0.04,1,1,si,no,baja resolución
OYL260416315,Juego de 4 llantas 18 pulgadas BMW – OYL260416315,oyl260416315-18-bmw,https://cdn.shopify.com/s/files/1/0995/6920/5581/files/wheel-design-081_85db63ea-8ebc-4cc4-a4ed-1f4df47f4bd1.png,193,182,png,1.060,0.04,1,10,si,si,baja resolución
OYL260416316,Juego de 4 llantas 18 pulgadas BMW – OYL260416316,oyl260416316-18-bmw,https://cdn.shopify.com/s/files/1/0995/6920/5581/files/wheel-design-081_d2c95960-8818-41f4-b27d-4bcba461f922.png,193,182,png,1.060,0.04,1,10,si,si,baja resolución
OYL260416317,Juego de 4 llantas 19 pulgadas BMW – OYL260416317,oyl260416317-19-bmw,https://cdn.shopify.com/s/files/1/0995/6920/5581/files/wheel-design-081_633f8c92-36c8-4e35-a79d-d89b48d50a71.png,193,182,png,1.060,0.04,1,10,no,si,baja resolución
OYL260416318,Juego de 4 llantas 19 pulgadas BMW – OYL260416318,oyl260416318-19-bmw,https://cdn.shopify.com/s/files/1/0995/6920/5581/files/wheel-design-081_9eaebf2d-aa6b-4bd6-ab37-0283e6108fd5.png,193,182,png,1.060,0.04,1,10,si,si,baja resolución
OYL260416319,Juego de 4 llantas 19 pulgadas BMW – OYL260416319,oyl260416319-19-bmw,https://cdn.shopify.com/s/files/1/0995/6920/5581/files/wheel-design-081_02fef031-7c02-4350-a352-624ac68a89d3.png,193,182,png,1.060,0.04,1,10,si,si,baja resolución
OYL260416320,Juego de 4 llantas 19 pulgadas BMW – OYL260416320,oyl260416320-19-bmw,https://cdn.shopify.com/s/files/1/0995/6920/5581/files/wheel-design-081_b72069be-4ee1-42b6-a921-eb4e4dfbb222.png,193,182,png,1.060,0.04,1,10,si,si,baja resolución
OYL260416321,Juego de 4 llantas 20 pulgadas BMW – OYL260416321,oyl260416321-20-bmw,https://cdn.shopify.com/s/files/1/0995/6920/5581/files/wheel-design-081_0b129b24-0746-4d7b-9055-a6f0d67632f7.png,193,182,png,1.060,0.04,1,10,si,si,baja resolución
OYL260416322,Juego de 4 llantas 20 pulgadas BMW – OYL260416322,oyl260416322-20-bmw,https://cdn.shopify.com/s/files/1/0995/6920/5581/files/wheel-design-081_be3224da-c140-434e-8a7c-ad52b8685561.png,193,182,png,1.060,0.04,1,10,si,si,baja resolución
OYL260416323,Juego de 4 llantas 20 pulgadas BMW – OYL260416323,oyl260416323-20-bmw,https://cdn.shopify.com/s/files/1/0995/6920/5581/files/wheel-design-081_6718f0c7-9794-4f5d-8b20-69fac50a314f.png,193,182,png,1.060,0.04,1,10,si,si,baja resolución
OYL260416324,Juego de 4 llantas 20 pulgadas BMW – OYL260416324,oyl260416324-20-bmw,https://cdn.shopify.com/s/files/1/0995/6920/5581/files/wheel-design-081_dbf910c1-11c6-42d9-924a-0432bb852c0e.png,193,182,png,1.060,0.04,1,10,si,si,baja resolución
OYL260416325,Juego de 4 llantas 20 pulgadas BMW – OYL260416325,oyl260416325-20-bmw,https://cdn.shopify.com/s/files/1/0995/6920/5581/files/wheel-design-082_d2bb763b-7a12-4d59-8539-f92ad1094b0f.png,202,194,png,1.041,0.04,1,4,no,si,baja resolución
OYL260416326,Juego de 4 llantas 20 pulgadas BMW – OYL260416326,oyl260416326-20-bmw,https://cdn.shopify.com/s/files/1/0995/6920/5581/files/wheel-design-082_61448db7-9f2d-4289-a02e-f6914e720e7f.png,202,194,png,1.041,0.04,1,4,si,si,baja resolución
OYL260416327,Juego de 4 llantas 20 pulgadas BMW – OYL260416327,oyl260416327-20-bmw,https://cdn.shopify.com/s/files/1/0995/6920/5581/files/wheel-design-082_aec8cc4f-f153-4c61-8a21-8c7c2e1ec9ab.png,202,194,png,1.041,0.04,1,4,si,si,baja resolución
OYL260416328,Juego de 4 llantas 20 pulgadas BMW – OYL260416328,oyl260416328-20-bmw,https://cdn.shopify.com/s/files/1/0995/6920/5581/files/wheel-design-082_1e16e412-1b15-46af-a3e8-debbee59536d.png,202,194,png,1.041,0.04,1,4,si,si,baja resolución
OYL260416329,Juego de 4 llantas 17 pulgadas Volkswagen – OYL260416329,oyl260416329-17-volkswagen,https://cdn.shopify.com/s/files/1/0995/6920/5581/files/wheel-design-083_64c334a3-a73c-4179-8b42-559c84c7d424.png,190,181,png,1.050,0.03,1,3,si,si,baja resolución
OYL260416330,Juego de 4 llantas 19 pulgadas Volkswagen – OYL260416330,oyl260416330-19-volkswagen,https://cdn.shopify.com/s/files/1/0995/6920/5581/files/wheel-design-083_efe47da5-34a6-4bad-97ca-24f5cd7c7e40.png,190,181,png,1.050,0.03,1,3,no,si,baja resolución
OYL260416331,Juego de 4 llantas 20 pulgadas Volkswagen – OYL260416331,oyl260416331-20-volkswagen,https://cdn.shopify.com/s/files/1/0995/6920/5581/files/wheel-design-083_7e1c8216-b7f0-4222-a4ad-cc655087012c.png,190,181,png,1.050,0.03,1,3,si,si,baja resolución
OYL260416332,Juego de 4 llantas 21 pulgadas Mercedes-Benz – OYL260416332,oyl260416332-21-mercedes-benz,https://cdn.shopify.com/s/files/1/0995/6920/5581/files/wheel-design-084_be6ab794-3f80-42ce-865d-bd84f8dccd5a.png,188,177,png,1.062,0.03,1,2,si,si,baja resolución
OYL260416333,Juego de 4 llantas 21 pulgadas Mercedes-Benz – OYL260416333,oyl260416333-21-mercedes-benz,https://cdn.shopify.com/s/files/1/0995/6920/5581/files/wheel-design-084_e0b22c1d-f607-4b59-ad1f-58236adb2991.png,188,177,png,1.062,0.03,1,2,si,si,baja resolución
OYL260416334,Juego de 4 llantas 19 pulgadas Audi – OYL260416334,oyl260416334-19-audi,https://cdn.shopify.com/s/files/1/0995/6920/5581/files/wheel-design-085_c2a69957-f6d4-49b3-ac34-b98cb9426bec.png,190,178,png,1.067,0.03,1,2,si,si,baja resolución
OYL260416335,Juego de 4 llantas 20 pulgadas Audi – OYL260416335,oyl260416335-20-audi,https://cdn.shopify.com/s/files/1/0995/6920/5581/files/wheel-design-085_0c962c6c-b9c6-4e8b-a523-d8ff5624df93.png,190,178,png,1.067,0.03,1,2,si,si,baja resolución
OYL260416336,Juego de 4 llantas 20 pulgadas Audi – OYL260416336,oyl260416336-20-audi,https://cdn.shopify.com/s/files/1/0995/6920/5581/files/wheel-design-086_90931297-7403-445e-8bb5-281c671d89cb.png,207,198,png,1.045,0.04,1,1,si,no,baja resolución
OYL260416337,Juego de 4 llantas 20 pulgadas BMW – OYL260416337,oyl260416337-20-bmw,https://cdn.shopify.com/s/files/1/0995/6920/5581/files/wheel-design-087_7788a351-f643-4bd4-9018-f00e897186c6.png,175,167,png,1.048,0.03,1,2,si,si,baja resolución
OYL260416338,Juego de 4 llantas 20 pulgadas BMW – OYL260416338,oyl260416338-20-bmw,https://cdn.shopify.com/s/files/1/0995/6920/5581/files/wheel-design-087_b4b6d171-985c-44b6-9dac-fb564f6a399d.png,175,167,png,1.048,0.03,1,2,si,si,baja resolución
OYL260416339,Juego de 4 llantas 19 pulgadas BMW – OYL260416339,oyl260416339-19-bmw,https://cdn.shopify.com/s/files/1/0995/6920/5581/files/wheel-design-088_1f859be9-5bcc-4156-bbaa-ba1576582b94.png,202,191,png,1.058,0.04,1,4,no,si,baja resolución
OYL260416340,Juego de 4 llantas 19 pulgadas BMW – OYL260416340,oyl260416340-19-bmw,https://cdn.shopify.com/s/files/1/0995/6920/5581/files/wheel-design-088_eaa319aa-ab41-4854-9372-2330ef913823.png,202,191,png,1.058,0.04,1,4,si,si,baja resolución
OYL260416341,Juego de 4 llantas 20 pulgadas BMW – OYL260416341,oyl260416341-20-bmw,https://cdn.shopify.com/s/files/1/0995/6920/5581/files/wheel-design-088_af546899-5f0a-426b-bd9c-f5cc8212a866.png,202,191,png,1.058,0.04,1,4,si,si,baja resolución
OYL260416342,Juego de 4 llantas 20 pulgadas BMW – OYL260416342,oyl260416342-20-bmw,https://cdn.shopify.com/s/files/1/0995/6920/5581/files/wheel-design-088_a60ee1dc-0a33-4be9-85c6-418ef1881613.png,202,191,png,1.058,0.04,1,4,si,si,baja resolución
OYL260416343,Juego de 4 llantas 19 pulgadas Mercedes-Benz – OYL260416343,oyl260416343-19-mercedes-benz,https://cdn.shopify.com/s/files/1/0995/6920/5581/files/wheel-design-089_04f682b6-335f-4792-9eae-9f508338cd85.png,484,462,png,1.048,0.22,1,3,si,si,baja resolución
OYL260416344,Juego de 4 llantas 20 pulgadas Mercedes-Benz – OYL260416344,oyl260416344-20-mercedes-benz,https://cdn.shopify.com/s/files/1/0995/6920/5581/files/wheel-design-089_372aec6a-5066-4974-a0eb-56dff7d186f4.png,484,462,png,1.048,0.22,1,3,si,si,baja resolución
OYL260416345,Juego de 4 llantas 20 pulgadas Mercedes-Benz – OYL260416345,oyl260416345-20-mercedes-benz,https://cdn.shopify.com/s/files/1/0995/6920/5581/files/wheel-design-089_c06f8035-957b-4737-a1c2-c24304e0e4b3.png,484,462,png,1.048,0.22,1,3,si,si,baja resolución
OYL260416346,Juego de 4 llantas 18 pulgadas Mercedes-Benz – OYL260416346,oyl260416346-18-mercedes-benz,https://cdn.shopify.com/s/files/1/0995/6920/5581/files/wheel-design-090_c21b32a6-2465-4525-a3a4-785f31fc37dc.png,198,189,png,1.048,0.04,1,1,si,no,baja resolución
OYL260416347,Juego de 4 llantas 19 pulgadas BMW – OYL260416347,oyl260416347-19-bmw,https://cdn.shopify.com/s/files/1/0995/6920/5581/files/wheel-design-091_fbfe16f7-2e19-4781-a805-0c66fa758ded.png,198,186,png,1.065,0.04,1,1,no,no,baja resolución
OYL260416348,Juego de 4 llantas 19 pulgadas BMW – OYL260416348,oyl260416348-19-bmw,https://cdn.shopify.com/s/files/1/0995/6920/5581/files/wheel-design-092_1c5647f4-36f0-4969-b4aa-ad99f02c2420.png,189,176,png,1.074,0.03,1,1,no,no,baja resolución
OYL260416349,Juego de 4 llantas 17 pulgadas Volkswagen – OYL260416349,oyl260416349-17-volkswagen,https://cdn.shopify.com/s/files/1/0995/6920/5581/files/wheel-design-093_4ff42fdf-b2cb-4cdf-a741-2b12c12d6d48.png,168,155,png,1.084,0.03,1,1,no,no,baja resolución
OYL260416350,Juego de 4 llantas 19 pulgadas Audi – OYL260416350,oyl260416350-19-audi,https://cdn.shopify.com/s/files/1/0995/6920/5581/files/wheel-design-094_490e3ef9-13a0-471f-885f-d6141ebcfaee.png,204,191,png,1.068,0.04,1,1,si,no,baja resolución
OYL260416351,Juego de 4 llantas 19 pulgadas Mercedes-Benz – OYL260416351,oyl260416351-19-mercedes-benz,https://cdn.shopify.com/s/files/1/0995/6920/5581/files/wheel-design-095_5bbc7026-21b0-418a-8433-d5a1666900fe.png,172,180,png,0.956,0.03,1,3,si,si,baja resolución
OYL260416352,Juego de 4 llantas 20 pulgadas Mercedes-Benz – OYL260416352,oyl260416352-20-mercedes-benz,https://cdn.shopify.com/s/files/1/0995/6920/5581/files/wheel-design-095_12627247-30a2-4f90-8f0f-a8ff72b183b4.png,172,180,png,0.956,0.03,1,3,si,si,baja resolución
OYL260416353,Juego de 4 llantas 20 pulgadas Mercedes-Benz – OYL260416353,oyl260416353-20-mercedes-benz,https://cdn.shopify.com/s/files/1/0995/6920/5581/files/wheel-design-095_0f87873f-6258-4903-8778-3e4b039c1540.png,172,180,png,0.956,0.03,1,3,si,si,baja resolución
OYL260416354,Juego de 4 llantas 19 pulgadas Volkswagen – OYL260416354,oyl260416354-19-volkswagen,https://cdn.shopify.com/s/files/1/0995/6920/5581/files/wheel-design-096_e6ac1081-2df7-448b-bd14-2b9f2c3b4237.png,168,160,png,1.050,0.03,1,1,si,no,baja resolución
OYL260416355,Juego de 4 llantas 19 pulgadas Volkswagen – OYL260416355,oyl260416355-19-volkswagen,https://cdn.shopify.com/s/files/1/0995/6920/5581/files/wheel-design-097_dec31fcb-589f-41a4-8647-98d75d0def58.png,151,146,png,1.034,0.02,1,1,no,no,baja resolución
OYL260416356,Juego de 4 llantas 21 pulgadas Volkswagen – OYL260416356,oyl260416356-21-volkswagen,https://cdn.shopify.com/s/files/1/0995/6920/5581/files/wheel-design-098_fdf54c4f-6c5b-4677-a1a7-589c2022373d.png,168,161,png,1.043,0.03,1,1,si,no,baja resolución
OYL260416357,Juego de 4 llantas 17 pulgadas Mercedes-Benz – OYL260416357,oyl260416357-17-mercedes-benz,https://cdn.shopify.com/s/files/1/0995/6920/5581/files/wheel-design-099_8901d8be-f07e-47c2-aba3-89f5be488a1b.png,190,179,png,1.061,0.03,1,6,no,si,baja resolución
OYL260416358,Juego de 4 llantas 18 pulgadas Vehículos europeos – OYL260416358,oyl260416358-18-vehiculos-europeos,https://cdn.shopify.com/s/files/1/0995/6920/5581/files/wheel-design-099_685ef311-0e61-4107-a547-b1b2f4dc2b80.png,190,179,png,1.061,0.03,1,6,si,si,baja resolución
OYL260416359,Juego de 4 llantas 18 pulgadas Mercedes-Benz – OYL260416359,oyl260416359-18-mercedes-benz,https://cdn.shopify.com/s/files/1/0995/6920/5581/files/wheel-design-099_78dc0b5c-b158-43e7-b379-3a0cc644f15d.png,190,179,png,1.061,0.03,1,6,si,si,baja resolución
OYL260416360,Juego de 4 llantas 19 pulgadas Mercedes-Benz – OYL260416360,oyl260416360-19-mercedes-benz,https://cdn.shopify.com/s/files/1/0995/6920/5581/files/wheel-design-099_5abfb296-fa81-4ffe-a4f6-92633c0ef045.png,190,179,png,1.061,0.03,1,6,si,si,baja resolución
OYL260416361,Juego de 4 llantas 19 pulgadas Mercedes-Benz – OYL260416361,oyl260416361-19-mercedes-benz,https://cdn.shopify.com/s/files/1/0995/6920/5581/files/wheel-design-099_6e2cb9e8-c2c5-4bda-8c25-c08c3b328f22.png,190,179,png,1.061,0.03,1,6,si,si,baja resolución
OYL260416362,Juego de 4 llantas 20 pulgadas Mercedes-Benz – OYL260416362,oyl260416362-20-mercedes-benz,https://cdn.shopify.com/s/files/1/0995/6920/5581/files/wheel-design-099_feb26817-ae3d-4c95-a05b-0a407747c9b0.png,190,179,png,1.061,0.03,1,6,si,si,baja resolución
OYL260416363,Juego de 4 llantas 19 pulgadas Audi – OYL260416363,oyl260416363-19-audi,https://cdn.shopify.com/s/files/1/0995/6920/5581/files/wheel-design-100_4e5e7045-9570-4597-a917-5468704ab212.png,170,83,png,2.048,0.01,1,1,si,no,baja resolución
OYL260416364,Juego de 4 llantas 20 pulgadas Audi – OYL260416364,oyl260416364-20-audi,https://cdn.shopify.com/s/files/1/0995/6920/5581/files/wheel-design-101_e0ab0ab5-58dd-42d1-b461-3eb70d2d8634.png,179,172,png,1.041,0.03,1,3,no,si,baja resolución
OYL260416365,Juego de 4 llantas 22 pulgadas Audi – OYL260416365,oyl260416365-22-audi,https://cdn.shopify.com/s/files/1/0995/6920/5581/files/wheel-design-101_0e0a1ae3-58aa-4e29-94b8-1a095e611c00.png,179,172,png,1.041,0.03,1,3,si,si,baja resolución
OYL260416366,Juego de 4 llantas 22 pulgadas Audi – OYL260416366,oyl260416366-22-audi,https://cdn.shopify.com/s/files/1/0995/6920/5581/files/wheel-design-101_1b2ae20a-73ac-4572-ba04-a0322bc83ea4.png,179,172,png,1.041,0.03,1,3,si,si,baja resolución
OYL260416367,Juego de 4 llantas 20 pulgadas Audi – OYL260416367,oyl260416367-20-audi,https://cdn.shopify.com/s/files/1/0995/6920/5581/files/wheel-design-102_37e5e182-42db-44c5-883c-95f5db63d5f9.png,620,591,png,1.049,0.37,1,2,no,si,baja resolución
OYL260416368,Juego de 4 llantas 21 pulgadas Audi – OYL260416368,oyl260416368-21-audi,https://cdn.shopify.com/s/files/1/0995/6920/5581/files/wheel-design-102_7139537f-929e-42e6-98bf-66293be75c68.png,620,591,png,1.049,0.37,1,2,si,si,baja resolución
OYL260416369,Juego de 4 llantas 20 pulgadas Audi – OYL260416369,oyl260416369-20-audi,https://cdn.shopify.com/s/files/1/0995/6920/5581/files/wheel-design-103_49fcdc83-64a9-474a-ab58-275e8652c167.png,630,600,png,1.050,0.38,1,3,si,si,baja resolución
OYL260416370,Juego de 4 llantas 21 pulgadas Audi – OYL260416370,oyl260416370-21-audi,https://cdn.shopify.com/s/files/1/0995/6920/5581/files/wheel-design-103_522c697f-040f-4adc-9b48-a34443061913.png,630,600,png,1.050,0.38,1,3,si,si,baja resolución
OYL260416371,Juego de 4 llantas 22 pulgadas Audi – OYL260416371,oyl260416371-22-audi,https://cdn.shopify.com/s/files/1/0995/6920/5581/files/wheel-design-103_70bd181b-ad88-4922-91be-109e9cae385a.png,630,600,png,1.050,0.38,1,3,si,si,baja resolución
OYL260416372,Juego de 4 llantas 19 pulgadas Audi – OYL260416372,oyl260416372-19-audi,,0,0,,0,0.00,1,0,no,no,sin imagen
OYL260416373,Juego de 4 llantas 20 pulgadas Audi – OYL260416373,oyl260416373-20-audi,https://cdn.shopify.com/s/files/1/0995/6920/5581/files/wheel-design-104_5ad24f6c-a7a3-4f0c-95a1-4022639911ee.png,176,39,png,4.513,0.01,1,5,si,si,baja resolución
OYL260416374,Juego de 4 llantas 20 pulgadas Audi – OYL260416374,oyl260416374-20-audi,https://cdn.shopify.com/s/files/1/0995/6920/5581/files/wheel-design-104_337941b3-17ca-443e-a4b7-a0c7aa5c3128.png,176,39,png,4.513,0.01,1,5,si,si,baja resolución
OYL260416375,Juego de 4 llantas 20 pulgadas Vehículos europeos – OYL260416375,oyl260416375-20-vehiculos-europeos,https://cdn.shopify.com/s/files/1/0995/6920/5581/files/wheel-design-104_e5e6fa2e-8532-4dc1-aed5-8714b339104d.png,176,39,png,4.513,0.01,1,5,si,si,baja resolución
OYL260416376,Juego de 4 llantas 20 pulgadas Vehículos europeos – OYL260416376,oyl260416376-20-vehiculos-europeos,https://cdn.shopify.com/s/files/1/0995/6920/5581/files/wheel-design-104_ddecad7f-bb60-44e9-a809-0bdd8fc59bfe.png,176,39,png,4.513,0.01,1,5,si,si,baja resolución
OYL260416377,Juego de 4 llantas 21 pulgadas Audi – OYL260416377,oyl260416377-21-audi,,0,0,,0,0.00,1,0,no,no,sin imagen
OYL260416378,Juego de 4 llantas 21 pulgadas Vehículos europeos – OYL260416378,oyl260416378-21-vehiculos-europeos,https://cdn.shopify.com/s/files/1/0995/6920/5581/files/wheel-design-104_264ea1fb-ab0e-43e5-8740-64af083c53d8.png,176,39,png,4.513,0.01,1,5,si,si,baja resolución
OYL260416379,Juego de 4 llantas 20 pulgadas Audi – OYL260416379,oyl260416379-20-audi,https://cdn.shopify.com/s/files/1/0995/6920/5581/files/wheel-design-105_8ba6f693-0851-46d5-8224-c81d332e62a2.png,628,592,png,1.061,0.37,1,1,si,no,baja resolución
OYL260416380,Juego de 4 llantas 18 pulgadas Volkswagen – OYL260416380,oyl260416380-18-volkswagen,https://cdn.shopify.com/s/files/1/0995/6920/5581/files/wheel-design-106_66a9d457-8fa7-4b1a-84b7-1cdd76d98954.png,206,192,png,1.073,0.04,1,3,si,si,baja resolución
OYL260416381,Juego de 4 llantas 18 pulgadas Volkswagen – OYL260416381,oyl260416381-18-volkswagen,https://cdn.shopify.com/s/files/1/0995/6920/5581/files/wheel-design-106_5ce1971d-a985-4ef5-9121-c98b6e87eb06.png,206,192,png,1.073,0.04,1,3,si,si,baja resolución
OYL260416382,Juego de 4 llantas 19 pulgadas Volkswagen – OYL260416382,oyl260416382-19-volkswagen,https://cdn.shopify.com/s/files/1/0995/6920/5581/files/wheel-design-106_4d013300-300e-4e10-903d-bba1cdfd86b0.png,206,192,png,1.073,0.04,1,3,si,si,baja resolución
OYL260416383,Juego de 4 llantas 19 pulgadas Mercedes-Benz – OYL260416383,oyl260416383-19-mercedes-benz,https://cdn.shopify.com/s/files/1/0995/6920/5581/files/wheel-design-107_d1735218-e06e-43ed-979e-fc8dfe87cfbe.png,619,593,png,1.044,0.37,1,4,si,si,baja resolución
OYL260416384,Juego de 4 llantas 19 pulgadas Mercedes-Benz – OYL260416384,oyl260416384-19-mercedes-benz,https://cdn.shopify.com/s/files/1/0995/6920/5581/files/wheel-design-107_1042d9fe-95e8-452f-a41a-32953932ad5e.png,619,593,png,1.044,0.37,1,4,no,si,baja resolución
OYL260416385,Juego de 4 llantas 20 pulgadas Mercedes-Benz – OYL260416385,oyl260416385-20-mercedes-benz,https://cdn.shopify.com/s/files/1/0995/6920/5581/files/wheel-design-107_281d60cb-fc2e-48e8-b7df-315cb7a25d63.png,619,593,png,1.044,0.37,1,4,si,si,baja resolución
OYL260416386,Juego de 4 llantas 20 pulgadas Mercedes-Benz – OYL260416386,oyl260416386-20-mercedes-benz,https://cdn.shopify.com/s/files/1/0995/6920/5581/files/wheel-design-107_36424b6b-f8ce-4290-b013-71a5b790213f.png,619,593,png,1.044,0.37,1,4,no,si,baja resolución
OYL260416387,Juego de 4 llantas 19 pulgadas Mercedes-Benz – OYL260416387,oyl260416387-19-mercedes-benz,https://cdn.shopify.com/s/files/1/0995/6920/5581/files/wheel-design-108_df6548e1-5a38-4894-a35d-2275c900a4cf.png,204,193,png,1.057,0.04,1,3,si,si,baja resolución
OYL260416388,Juego de 4 llantas 20 pulgadas Mercedes-Benz – OYL260416388,oyl260416388-20-mercedes-benz,https://cdn.shopify.com/s/files/1/0995/6920/5581/files/wheel-design-108_45fefd05-0e19-44e1-bde1-a3236d25e56b.png,204,193,png,1.057,0.04,1,3,si,si,baja resolución
OYL260416389,Juego de 4 llantas 20 pulgadas Mercedes-Benz – OYL260416389,oyl260416389-20-mercedes-benz,https://cdn.shopify.com/s/files/1/0995/6920/5581/files/wheel-design-108_835016d2-619b-4903-93c3-eb108aea6278.png,204,193,png,1.057,0.04,1,3,si,si,baja resolución
OYL260416390,Juego de 4 llantas 17 pulgadas Volkswagen – OYL260416390,oyl260416390-17-volkswagen,https://cdn.shopify.com/s/files/1/0995/6920/5581/files/wheel-design-109_e9e791bf-da62-4623-99da-18afcce5ea26.png,198,183,png,1.082,0.04,1,1,si,no,baja resolución
OYL260416391,Juego de 4 llantas 19 pulgadas Mercedes-Benz – OYL260416391,oyl260416391-19-mercedes-benz,https://cdn.shopify.com/s/files/1/0995/6920/5581/files/wheel-design-110_74266fa5-3be7-4f9f-878a-101883e70741.png,351,300,png,1.170,0.11,1,3,si,si,baja resolución
OYL260416392,Juego de 4 llantas 19 pulgadas Mercedes-Benz – OYL260416392,oyl260416392-19-mercedes-benz,https://cdn.shopify.com/s/files/1/0995/6920/5581/files/wheel-design-110_571fbe65-7bf4-4042-84cc-75ac8031e091.png,351,300,png,1.170,0.11,1,3,no,si,baja resolución
OYL260416393,Juego de 4 llantas 20 pulgadas Mercedes-Benz – OYL260416393,oyl260416393-20-mercedes-benz,https://cdn.shopify.com/s/files/1/0995/6920/5581/files/wheel-design-110_917e81a7-5e69-445c-b937-69baa58a2775.png,351,300,png,1.170,0.11,1,3,si,si,baja resolución
OYL260416394,Juego de 4 llantas 20 pulgadas Mercedes-Benz – OYL260416394,oyl260416394-20-mercedes-benz,https://cdn.shopify.com/s/files/1/0995/6920/5581/files/wheel-design-111_bc1d6a9d-14ad-4293-a9f3-97ce684fabe3.png,663,628,png,1.056,0.42,1,2,no,si,baja resolución
OYL260416395,Juego de 4 llantas 20 pulgadas Mercedes-Benz – OYL260416395,oyl260416395-20-mercedes-benz,https://cdn.shopify.com/s/files/1/0995/6920/5581/files/wheel-design-111_c676610a-6710-44a2-b860-1c3b7780322c.png,663,628,png,1.056,0.42,1,2,si,si,baja resolución
OYL260416396,Juego de 4 llantas 19 pulgadas Audi – OYL260416396,oyl260416396-19-audi,https://cdn.shopify.com/s/files/1/0995/6920/5581/files/wheel-design-112_8f71401a-8480-4d53-8822-11f998fde42d.png,673,630,png,1.068,0.42,1,1,si,no,baja resolución
OYL260416397,Juego de 4 llantas 20 pulgadas Mercedes-Benz – OYL260416397,oyl260416397-20-mercedes-benz,https://cdn.shopify.com/s/files/1/0995/6920/5581/files/wheel-design-113_4b5bbb6d-342a-4192-8f87-ac81dc855891.png,352,325,png,1.083,0.11,1,6,no,si,baja resolución
OYL260416398,Juego de 4 llantas 20 pulgadas Mercedes-Benz – OYL260416398,oyl260416398-20-mercedes-benz,https://cdn.shopify.com/s/files/1/0995/6920/5581/files/wheel-design-113_08dd46d3-ee89-4cbc-a84d-1123e46f1776.png,352,325,png,1.083,0.11,1,6,si,si,baja resolución
OYL260416399,Juego de 4 llantas 20 pulgadas Mercedes-Benz – OYL260416399,oyl260416399-20-mercedes-benz,https://cdn.shopify.com/s/files/1/0995/6920/5581/files/wheel-design-113_545b1e67-c68c-43b4-b4b7-b1e218f9552c.png,352,325,png,1.083,0.11,1,6,si,si,baja resolución
OYL260416400,Juego de 4 llantas 20 pulgadas Mercedes-Benz – OYL260416400,oyl260416400-20-mercedes-benz,https://cdn.shopify.com/s/files/1/0995/6920/5581/files/wheel-design-113_cc5a8500-8ab2-4c9b-a1a8-7396400d154d.png,352,325,png,1.083,0.11,1,6,si,si,baja resolución
OYL260416401,Juego de 4 llantas 22 pulgadas Mercedes-Benz – OYL260416401,oyl260416401-22-mercedes-benz,https://cdn.shopify.com/s/files/1/0995/6920/5581/files/wheel-design-113_5457e1ed-b288-49c4-a7d3-4c3d6b1b1a8c.png,352,325,png,1.083,0.11,1,6,si,si,baja resolución
OYL260416402,Juego de 4 llantas 22 pulgadas Mercedes-Benz – OYL260416402,oyl260416402-22-mercedes-benz,https://cdn.shopify.com/s/files/1/0995/6920/5581/files/wheel-design-113_c8f68c71-84fe-41a1-bd6c-8ee61295600b.png,352,325,png,1.083,0.11,1,6,si,si,baja resolución
OYL260416403,Juego de 4 llantas 20 pulgadas BMW – OYL260416403,oyl260416403-20-bmw,https://cdn.shopify.com/s/files/1/0995/6920/5581/files/wheel-design-114_fc75ef4e-b991-4623-91d4-5da702e769cd.png,327,304,png,1.076,0.10,1,2,si,si,baja resolución
OYL260416404,Juego de 4 llantas 20 pulgadas BMW – OYL260416404,oyl260416404-20-bmw,https://cdn.shopify.com/s/files/1/0995/6920/5581/files/wheel-design-114_54e575b2-d79f-4846-b511-e557e71be33b.png,327,304,png,1.076,0.10,1,2,si,si,baja resolución
OYL260416405,Juego de 4 llantas 18 pulgadas Volkswagen – OYL260416405,oyl260416405-18-volkswagen,https://cdn.shopify.com/s/files/1/0995/6920/5581/files/wheel-design-115_cce116f4-754e-45c6-a886-b86e4b0cbc5d.png,341,318,png,1.072,0.11,1,1,si,no,baja resolución
OYL260416406,Juego de 4 llantas 20 pulgadas BMW – OYL260416406,oyl260416406-20-bmw,https://cdn.shopify.com/s/files/1/0995/6920/5581/files/wheel-design-116_4eff6387-c708-4838-ba08-b10ee6148fa6.png,331,317,png,1.044,0.10,1,2,si,si,baja resolución
OYL260416407,Juego de 4 llantas 20 pulgadas BMW – OYL260416407,oyl260416407-20-bmw,https://cdn.shopify.com/s/files/1/0995/6920/5581/files/wheel-design-116_f120a2a1-b87d-401d-b3f4-283a8caa7efc.png,331,317,png,1.044,0.10,1,2,si,si,baja resolución
OYL260416408,Juego de 4 llantas 20 pulgadas BMW – OYL260416408,oyl260416408-20-bmw,https://cdn.shopify.com/s/files/1/0995/6920/5581/files/wheel-design-117_19ea6042-fe52-45b5-8adf-be3db911a408.png,343,315,png,1.089,0.11,1,4,si,si,baja resolución
OYL260416409,Juego de 4 llantas 20 pulgadas BMW – OYL260416409,oyl260416409-20-bmw,https://cdn.shopify.com/s/files/1/0995/6920/5581/files/wheel-design-117_da5c70ec-0ca6-48a0-b77c-627e4e336eb0.png,343,315,png,1.089,0.11,1,4,si,si,baja resolución
OYL260416410,Juego de 4 llantas 20 pulgadas BMW – OYL260416410,oyl260416410-20-bmw,https://cdn.shopify.com/s/files/1/0995/6920/5581/files/wheel-design-117_ee95e1c9-7ce5-46ca-82cb-9db6752104c5.png,343,315,png,1.089,0.11,1,4,si,si,baja resolución
OYL260416411,Juego de 4 llantas 20 pulgadas BMW – OYL260416411,oyl260416411-20-bmw,https://cdn.shopify.com/s/files/1/0995/6920/5581/files/wheel-design-117_7316b396-219f-4f1a-81a3-be0c66c5b37f.png,343,315,png,1.089,0.11,1,4,si,si,baja resolución
OYL260416412,Juego de 4 llantas 21 pulgadas BMW – OYL260416412,oyl260416412-21-bmw,https://cdn.shopify.com/s/files/1/0995/6920/5581/files/wheel-design-118_2058ec4d-d576-4853-b150-1ab6ce4a9054.png,347,303,png,1.145,0.11,1,4,no,si,baja resolución
OYL260416413,Juego de 4 llantas 21 pulgadas BMW – OYL260416413,oyl260416413-21-bmw,https://cdn.shopify.com/s/files/1/0995/6920/5581/files/wheel-design-118_32d20ce5-7528-4edc-bd37-50bade6d6ae9.png,347,303,png,1.145,0.11,1,4,si,si,baja resolución
OYL260416414,Juego de 4 llantas 21 pulgadas BMW – OYL260416414,oyl260416414-21-bmw,https://cdn.shopify.com/s/files/1/0995/6920/5581/files/wheel-design-118_cd21ebfd-5772-41b1-a3fa-36e1d60019cd.png,347,303,png,1.145,0.11,1,4,si,si,baja resolución
OYL260416415,Juego de 4 llantas 21 pulgadas BMW – OYL260416415,oyl260416415-21-bmw,https://cdn.shopify.com/s/files/1/0995/6920/5581/files/wheel-design-118_a75f2631-5e6d-45c1-bedf-3592012adac6.png,347,303,png,1.145,0.11,1,4,no,si,baja resolución
OYL260416416,Juego de 4 llantas 21 pulgadas Mercedes-Benz – OYL260416416,oyl260416416-21-mercedes-benz,https://cdn.shopify.com/s/files/1/0995/6920/5581/files/wheel-design-119_f1f61dc8-f0d8-4c80-9e86-8295fd980afb.png,335,310,png,1.081,0.10,1,4,si,si,baja resolución
OYL260416417,Juego de 4 llantas 21 pulgadas Mercedes-Benz – OYL260416417,oyl260416417-21-mercedes-benz,https://cdn.shopify.com/s/files/1/0995/6920/5581/files/wheel-design-119_809ee654-73b7-4038-ba93-e8bfa6b25767.png,335,310,png,1.081,0.10,1,4,no,si,baja resolución
OYL260416418,Juego de 4 llantas 22 pulgadas Mercedes-Benz – OYL260416418,oyl260416418-22-mercedes-benz,https://cdn.shopify.com/s/files/1/0995/6920/5581/files/wheel-design-119_ae2f9fa9-076c-4bae-a157-3309a1635686.png,335,310,png,1.081,0.10,1,4,si,si,baja resolución
OYL260416419,Juego de 4 llantas 22 pulgadas Mercedes-Benz – OYL260416419,oyl260416419-22-mercedes-benz,https://cdn.shopify.com/s/files/1/0995/6920/5581/files/wheel-design-119_ce01d216-96b6-4c05-b490-d880831f66a7.png,335,310,png,1.081,0.10,1,4,no,si,baja resolución
OYL260416420,Juego de 4 llantas 20 pulgadas BMW – OYL260416420,oyl260416420-20-bmw,https://cdn.shopify.com/s/files/1/0995/6920/5581/files/wheel-design-120_a4587207-55aa-4dfc-b4ec-1d79dca5a600.png,666,615,png,1.083,0.41,1,1,no,no,baja resolución
OYL260416421,Juego de 4 llantas 19 pulgadas BMW – OYL260416421,oyl260416421-19-bmw,https://cdn.shopify.com/s/files/1/0995/6920/5581/files/wheel-design-121_c000b449-b62b-49d3-b49d-135d0a97462c.png,718,672,png,1.068,0.48,1,2,si,si,baja resolución
OYL260416422,Juego de 4 llantas 19 pulgadas BMW – OYL260416422,oyl260416422-19-bmw,https://cdn.shopify.com/s/files/1/0995/6920/5581/files/wheel-design-121_39e2f198-e07a-4f17-bb5e-e205538e61c1.png,718,672,png,1.068,0.48,1,2,si,si,baja resolución
OYL260416423,Juego de 4 llantas 19 pulgadas BMW – OYL260416423,oyl260416423-19-bmw,https://cdn.shopify.com/s/files/1/0995/6920/5581/files/wheel-design-122_69023106-76be-4a52-abc5-9793c71281aa.png,725,671,png,1.080,0.49,1,2,no,si,baja resolución
OYL260416424,Juego de 4 llantas 19 pulgadas BMW – OYL260416424,oyl260416424-19-bmw,https://cdn.shopify.com/s/files/1/0995/6920/5581/files/wheel-design-122_2e2a6aa3-8e1d-4f51-98b6-cdf8af6dbd1c.png,725,671,png,1.080,0.49,1,2,si,si,baja resolución
OYL260416425,Juego de 4 llantas 22 pulgadas Mercedes-Benz – OYL260416425,oyl260416425-22-mercedes-benz,https://cdn.shopify.com/s/files/1/0995/6920/5581/files/wheel-design-123_b21eae0b-1304-4bf0-9a20-0171b532b8de.png,578,555,png,1.041,0.32,1,1,no,no,baja resolución
OYL260416426,Juego de 4 llantas 19 pulgadas Mercedes-Benz – OYL260416426,oyl260416426-19-mercedes-benz,https://cdn.shopify.com/s/files/1/0995/6920/5581/files/wheel-design-124_6e35c3dd-74de-45a0-8e76-7e63def56736.png,634,596,png,1.064,0.38,1,4,no,si,baja resolución
OYL260416427,Juego de 4 llantas 19 pulgadas Mercedes-Benz – OYL260416427,oyl260416427-19-mercedes-benz,https://cdn.shopify.com/s/files/1/0995/6920/5581/files/wheel-design-124_0a7e9816-c19a-4a34-a1e4-554383cedc0b.png,634,596,png,1.064,0.38,1,4,si,si,baja resolución
OYL260416428,Juego de 4 llantas 20 pulgadas Mercedes-Benz – OYL260416428,oyl260416428-20-mercedes-benz,https://cdn.shopify.com/s/files/1/0995/6920/5581/files/wheel-design-124_a9deacff-2e66-4c83-8823-ab7f1b0e2d2d.png,634,596,png,1.064,0.38,1,4,si,si,baja resolución
OYL260416429,Juego de 4 llantas 20 pulgadas Mercedes-Benz – OYL260416429,oyl260416429-20-mercedes-benz,https://cdn.shopify.com/s/files/1/0995/6920/5581/files/wheel-design-124_7b74aef7-40fb-4d6f-a27a-b405bc4a8e49.png,634,596,png,1.064,0.38,1,4,si,si,baja resolución
OYL260416430,Juego de 4 llantas 20 pulgadas BMW – OYL260416430,oyl260416430-20-bmw,https://cdn.shopify.com/s/files/1/0995/6920/5581/files/wheel-design-125_2f460e94-b127-4e8b-b6da-e3dd8a1070c6.png,921,841,png,1.095,0.77,1,2,si,si,imagen repetida
OYL260416431,Juego de 4 llantas 20 pulgadas BMW – OYL260416431,oyl260416431-20-bmw,https://cdn.shopify.com/s/files/1/0995/6920/5581/files/wheel-design-125_23d1a175-f366-410f-af69-9703dda67e1f.png,921,841,png,1.095,0.77,1,2,si,si,imagen repetida
OYL260416432,Juego de 4 llantas 21 pulgadas Mercedes-Benz – OYL260416432,oyl260416432-21-mercedes-benz,https://cdn.shopify.com/s/files/1/0995/6920/5581/files/wheel-design-126_7e498858-8b61-49c7-8cda-729983e4e308.png,641,595,png,1.077,0.38,1,2,si,si,baja resolución
OYL260416433,Juego de 4 llantas 22 pulgadas Mercedes-Benz – OYL260416433,oyl260416433-22-mercedes-benz,https://cdn.shopify.com/s/files/1/0995/6920/5581/files/wheel-design-126_73fbb627-ce3f-44b5-98c6-1cc5a7814127.png,641,595,png,1.077,0.38,1,2,si,si,baja resolución
OYL260416434,Juego de 4 llantas 18 pulgadas Volkswagen – OYL260416434,oyl260416434-18-volkswagen,https://cdn.shopify.com/s/files/1/0995/6920/5581/files/wheel-design-127_c1950070-98a1-4b1a-884d-4b70cac49761.png,625,592,png,1.056,0.37,1,1,si,no,baja resolución
OYL260416435,Juego de 4 llantas 18 pulgadas Volkswagen – OYL260416435,oyl260416435-18-volkswagen,https://cdn.shopify.com/s/files/1/0995/6920/5581/files/wheel-design-128_57d1ecf8-ad47-49c8-ba53-d6cb435f38da.png,508,503,png,1.010,0.26,1,1,si,no,baja resolución
OYL260416436,Juego de 4 llantas 18 pulgadas Volkswagen – OYL260416436,oyl260416436-18-volkswagen,https://cdn.shopify.com/s/files/1/0995/6920/5581/files/wheel-design-129_f341fc97-5305-4093-ae68-3bdf8cd88dfb.png,513,476,png,1.078,0.24,1,2,si,si,baja resolución
OYL260416437,Juego de 4 llantas 19 pulgadas Volkswagen – OYL260416437,oyl260416437-19-volkswagen,https://cdn.shopify.com/s/files/1/0995/6920/5581/files/wheel-design-129_e80e5379-910a-47cb-b8c4-3bdec0623407.png,513,476,png,1.078,0.24,1,2,si,si,baja resolución
OYL260416438,Juego de 4 llantas 20 pulgadas BMW – OYL260416438,oyl260416438-20-bmw,https://cdn.shopify.com/s/files/1/0995/6920/5581/files/wheel-design-130_7a7325cb-0e56-4c42-b27c-328444132740.png,888,849,png,1.046,0.75,1,2,si,si,imagen repetida
OYL260416439,Juego de 4 llantas 20 pulgadas BMW – OYL260416439,oyl260416439-20-bmw,https://cdn.shopify.com/s/files/1/0995/6920/5581/files/wheel-design-130_00b68d36-3e2b-48a5-8dd7-f64b35721486.png,888,849,png,1.046,0.75,1,2,no,si,imagen repetida
