id,handle,titulo,sku,familia,marca_titulo,compat_proveedor,diametro,anchura,pcd,et,buje,acabado,peso_valor,peso_unidad,precio,compare_at,coste,stock,politica_inv,inv_seguido,requiere_envio,variantes,imagenes,img_ancho,img_alto,img_url,img_alt,colecciones,tags,metafields,seo_title,seo_desc,estado,canales,creado,calidad_ficha,problemas
10898621235533,oyl260416001-18-mercedes-benz,Juego de 4 llantas 18 pulgadas Mercedes-Benz – OYL260416001,OYL260416001,wheel-design-001,mercedes-benz,BENZ S350,18,8.5,5x112,43,66.5,S,44.0,KILOGRAMS,799.00,,,0,CONTINUE,False,True,1,1,151,133,https://cdn.shopify.com/s/files/1/0995/6920/5581/files/wheel-design-001_3f908267-4cb4-4168-9745-d7a3ef22acee.jpg,"Juego de llantas 18X8.5 Mercedes-Benz, referencia OYL260416001",llantas-18-pulgadas|llantas-mercedes-benz,5x112|color-s|et-43|llantas|llantas-18|mercedes-benz,11,"Llantas 18"" Mercedes-Benz | Juego de 4","Juego de 4 llantas 18X8.5, 5X112, ET +43, compatible de forma orientativa con BENZ S350. Precio cerrado y entrega a domicilio.",DRAFT,ninguno,2026-09-18T16:17:49Z,75,"imagen 151x133 (por debajo de 800x800) · sin coste de proveedor registrado · precio = escalera fija por diámetro, no verificado como PVP · peso = escalera fija por diámetro, no medido · stock 0 sin seguimiento (venta continua)"
10898621301069,oyl260416002-18-volkswagen,Juego de 4 llantas 18 pulgadas Volkswagen – OYL260416002,OYL260416002,wheel-design-002,volkswagen,VWPassat,18,8.0,5x112,48,57.1,MB,44.0,KILOGRAMS,799.00,,,0,CONTINUE,False,True,1,1,167,248,https://cdn.shopify.com/s/files/1/0995/6920/5581/files/wheel-design-002_fcbdccb0-ef30-4d52-9b3d-bc61acdce804.jpg,"Juego de llantas 18X8.0 Volkswagen, referencia OYL260416002",llantas-18-pulgadas|llantas-volkswagen,5x112|color-mb|et-48|llantas|llantas-18|volkswagen,11,"Llantas 18"" Volkswagen | Juego de 4","Juego de 4 llantas 18X8.0, 5X112, ET +48, compatible de forma orientativa con VWPassat. Precio cerrado y entrega a domicilio.",DRAFT,ninguno,2026-09-18T16:17:50Z,75,"imagen 167x248 (por debajo de 800x800) · sin coste de proveedor registrado · precio = escalera fija por diámetro, no verificado como PVP · peso = escalera fija por diámetro, no medido · stock 0 sin seguimiento (venta continua)"
10898621399373,oyl260416003-17-audi,Juego de 4 llantas 17 pulgadas Audi – OYL260416003,OYL260416003,wheel-design-003,audi,AUDIA6L-2012,17,8.0,5x112,38,66.45,S,40.0,KILOGRAMS,699.00,,,0,CONTINUE,False,True,1,1,158,147,https://cdn.shopify.com/s/files/1/0995/6920/5581/files/wheel-design-003_136ad086-5ea2-4262-8d3f-5f156292842f.jpg,"Juego de llantas 17X8.0 Audi, referencia OYL260416003",llantas-17-pulgadas|llantas-audi,5x112|audi|color-s|et-38|llantas|llantas-17,11,"Llantas 17"" Audi | Juego de 4","Juego de 4 llantas 17X8.0, 5X112, ET +38, compatible de forma orientativa con AUDIA6L-2012. Precio cerrado y entrega a domicilio.",DRAFT,ninguno,2026-09-18T16:17:50Z,75,"imagen 158x147 (por debajo de 800x800) · sin coste de proveedor registrado · precio = escalera fija por diámetro, no verificado como PVP · peso = escalera fija por diámetro, no medido · stock 0 sin seguimiento (venta continua)"
10898621432141,oyl260416004-18-audi,Juego de 4 llantas 18 pulgadas Audi – OYL260416004,OYL260416004,wheel-design-004,audi,AUDIA6L,18,8.0,5x112,39,66.5,S,44.0,KILOGRAMS,799.00,,,0,CONTINUE,False,True,1,1,140,131,https://cdn.shopify.com/s/files/1/0995/6920/5581/files/wheel-design-004_64ca8fe6-daaa-4e5c-a14a-fc3c62415755.jpg,"Juego de llantas 18X8.0 Audi, referencia OYL260416004",llantas-18-pulgadas|llantas-audi,5x112|audi|color-s|et-39|llantas|llantas-18,11,"Llantas 18"" Audi | Juego de 4","Juego de 4 llantas 18X8.0, 5X112, ET +39, compatible de forma orientativa con AUDIA6L. Precio cerrado y entrega a domicilio.",DRAFT,ninguno,2026-09-18T16:17:51Z,75,"imagen 140x131 (por debajo de 800x800) · sin coste de proveedor registrado · precio = escalera fija por diámetro, no verificado como PVP · peso = escalera fija por diámetro, no medido · stock 0 sin seguimiento (venta continua)"
10898621530445,oyl260416005-16-volkswagen,Juego de 4 llantas 16 pulgadas Volkswagen – OYL260416005,OYL260416005,wheel-design-005,volkswagen,VWPassat领驭 2005,16,7.0,5x112,45,57.1,S,36.0,KILOGRAMS,649.00,,,0,CONTINUE,False,True,1,1,147,131,https://cdn.shopify.com/s/files/1/0995/6920/5581/files/wheel-design-005_52ff5705-6c20-493d-992a-bd4e64c689bc.jpg,"Juego de llantas 16X7.0 Volkswagen, referencia OYL260416005",llantas-16-pulgadas|llantas-volkswagen,5x112|color-s|et-45|llantas|llantas-16|volkswagen,11,"Llantas 16"" Volkswagen | Juego de 4","Juego de 4 llantas 16X7.0, 5X112, ET +45, compatible de forma orientativa con VWPassat领驭 2005. Precio cerrado y entrega a domicilio.",DRAFT,ninguno,2026-09-18T16:17:52Z,60,"imagen 147x131 (por debajo de 800x800) · chino del proveedor visible en la descripción · chino del proveedor visible en la meta description · sin coste de proveedor registrado · precio = escalera fija por diámetro, no verificado como PVP · peso = escalera fija por diámetro, no medido · stock 0 sin seguimiento (venta continua)"
10898621563213,oyl260416006-17-mercedes-benz,Juego de 4 llantas 17 pulgadas Mercedes-Benz – OYL260416006,OYL260416006,wheel-design-006,mercedes-benz,BENZ C200 2015,17,7.0,5x112,48,66.5,MG,40.0,KILOGRAMS,699.00,,,0,CONTINUE,False,True,1,1,138,138,https://cdn.shopify.com/s/files/1/0995/6920/5581/files/wheel-design-006_9780313b-ec59-40b0-a82d-6cb2b8ff57e4.jpg,"Juego de llantas 17X7.0 Mercedes-Benz, referencia OYL260416006",llantas-17-pulgadas|llantas-mercedes-benz,5x112|color-mg|et-48.5|llantas|llantas-17|mercedes-benz,11,"Llantas 17"" Mercedes-Benz | Juego de 4","Juego de 4 llantas 17X7.0, 5X112, ET +48.5, compatible de forma orientativa con BENZ C200 2015. Precio cerrado y entrega a domicilio.",DRAFT,ninguno,2026-09-18T16:17:52Z,75,"imagen 138x138 (por debajo de 800x800) · sin coste de proveedor registrado · precio = escalera fija por diámetro, no verificado como PVP · peso = escalera fija por diámetro, no medido · stock 0 sin seguimiento (venta continua)"
10898621628749,oyl260416007-18-volkswagen,Juego de 4 llantas 18 pulgadas Volkswagen – OYL260416007,OYL260416007,wheel-design-007,volkswagen,VWPassat 2016,18,8.0,5x112,48,57.1,MB,44.0,KILOGRAMS,799.00,,,0,CONTINUE,False,True,1,1,138,131,https://cdn.shopify.com/s/files/1/0995/6920/5581/files/wheel-design-007_b9ad14ac-a1e2-44b7-baf2-9ea3344e4ec9.jpg,"Juego de llantas 18X8.0 Volkswagen, referencia OYL260416007",llantas-18-pulgadas|llantas-volkswagen,5x112|color-mb|et-48|llantas|llantas-18|volkswagen,11,"Llantas 18"" Volkswagen | Juego de 4","Juego de 4 llantas 18X8.0, 5X112, ET +48, compatible de forma orientativa con VWPassat 2016. Precio cerrado y entrega a domicilio.",DRAFT,ninguno,2026-09-18T16:17:53Z,75,"imagen 138x131 (por debajo de 800x800) · sin coste de proveedor registrado · precio = escalera fija por diámetro, no verificado como PVP · peso = escalera fija por diámetro, no medido · stock 0 sin seguimiento (venta continua)"
10898621727053,oyl260416008-18-volkswagen,Juego de 4 llantas 18 pulgadas Volkswagen – OYL260416008,OYL260416008,wheel-design-008,volkswagen,VWMagotan2017,18,8.0,5x112,44,57.1,MB,44.0,KILOGRAMS,799.00,,,0,CONTINUE,False,True,1,1,133,126,https://cdn.shopify.com/s/files/1/0995/6920/5581/files/wheel-design-008_841e3ce9-f642-4bb5-8e00-99e8abb50476.jpg,"Juego de llantas 18X8.0 Volkswagen, referencia OYL260416008",llantas-18-pulgadas|llantas-volkswagen,5x112|color-mb|et-44|llantas|llantas-18|volkswagen,11,"Llantas 18"" Volkswagen | Juego de 4","Juego de 4 llantas 18X8.0, 5X112, ET +44, compatible de forma orientativa con VWMagotan2017. Precio cerrado y entrega a domicilio.",DRAFT,ninguno,2026-09-18T16:17:54Z,75,"imagen 133x126 (por debajo de 800x800) · sin coste de proveedor registrado · precio = escalera fija por diámetro, no verificado como PVP · peso = escalera fija por diámetro, no medido · stock 0 sin seguimiento (venta continua)"
10898621759821,oyl260416009-19-audi,Juego de 4 llantas 19 pulgadas Audi – OYL260416009,OYL260416009,wheel-design-009,audi,AUDIRS7 2016,19,8.5,5x112,35,66.45,MB,48.0,KILOGRAMS,899.00,,,0,CONTINUE,False,True,1,1,131,128,https://cdn.shopify.com/s/files/1/0995/6920/5581/files/wheel-design-009_30f48c03-8f57-4f01-93a7-4d3054e9d0d1.jpg,"Juego de llantas 19X8.5 Audi, referencia OYL260416009",llantas-19-pulgadas|llantas-audi,5x112|audi|color-mb|et-35|llantas|llantas-19,11,"Llantas 19"" Audi | Juego de 4","Juego de 4 llantas 19X8.5, 5X112, ET +35, compatible de forma orientativa con AUDIRS7 2016. Precio cerrado y entrega a domicilio.",DRAFT,ninguno,2026-09-18T16:17:54Z,75,"imagen 131x128 (por debajo de 800x800) · sin coste de proveedor registrado · precio = escalera fija por diámetro, no verificado como PVP · peso = escalera fija por diámetro, no medido · stock 0 sin seguimiento (venta continua)"
10898621825357,oyl260416010-18-volkswagen,Juego de 4 llantas 18 pulgadas Volkswagen – OYL260416010,OYL260416010,wheel-design-010,volkswagen,VWPassat 2019,18,8.0,5x112,44,57.1,MB,44.0,KILOGRAMS,799.00,,,0,CONTINUE,False,True,1,1,128,123,https://cdn.shopify.com/s/files/1/0995/6920/5581/files/wheel-design-010_4da3b5ed-99e6-4b2c-80fb-8b0af91c14db.png,"Juego de llantas 18X8.0 Volkswagen, referencia OYL260416010",llantas-18-pulgadas|llantas-volkswagen,5x112|color-mb|et-44|llantas|llantas-18|volkswagen,11,"Llantas 18"" Volkswagen | Juego de 4","Juego de 4 llantas 18X8.0, 5X112, ET +44, compatible de forma orientativa con VWPassat 2019. Precio cerrado y entrega a domicilio.",DRAFT,ninguno,2026-09-18T16:17:55Z,75,"imagen 128x123 (por debajo de 800x800) · sin coste de proveedor registrado · precio = escalera fija por diámetro, no verificado como PVP · peso = escalera fija por diámetro, no medido · stock 0 sin seguimiento (venta continua)"
10898621858125,oyl260416011-18-mercedes-benz,Juego de 4 llantas 18 pulgadas Mercedes-Benz – OYL260416011,OYL260416011,wheel-design-011,mercedes-benz,BENZ C级 威霆,18,8.0,5x112,45,66.5,MYB,44.0,KILOGRAMS,799.00,,,0,CONTINUE,False,True,1,1,675,681,https://cdn.shopify.com/s/files/1/0995/6920/5581/files/wheel-design-011_ee9283e2-5223-46e7-964a-328e02da16d8.png,"Juego de llantas 18X8.0 Mercedes-Benz, referencia OYL260416011",llantas-18-pulgadas|llantas-mercedes-benz,5x112|color-myb|et-45|llantas|llantas-18|mercedes-benz,11,"Llantas 18"" Mercedes-Benz | Juego de 4","Juego de 4 llantas 18X8.0, 5X112, ET +45, compatible de forma orientativa con BENZ C级 威霆. Precio cerrado y entrega a domicilio.",DRAFT,ninguno,2026-09-18T16:17:55Z,60,"imagen 675x681 (por debajo de 800x800) · chino del proveedor visible en la descripción · chino del proveedor visible en la meta description · sin coste de proveedor registrado · precio = escalera fija por diámetro, no verificado como PVP · peso = escalera fija por diámetro, no medido · stock 0 sin seguimiento (venta continua)"
10898621956429,oyl260416012-18-volkswagen,Juego de 4 llantas 18 pulgadas Volkswagen – OYL260416012,OYL260416012,wheel-design-012,volkswagen,VW途岳,18,7.0,5x112,45,57.1,MB,44.0,KILOGRAMS,799.00,,,0,CONTINUE,False,True,1,1,167,154,https://cdn.shopify.com/s/files/1/0995/6920/5581/files/wheel-design-012_dc2d1afc-37a5-46b6-8e85-4d313f4f5d64.png,"Juego de llantas 18X7.0 Volkswagen, referencia OYL260416012",llantas-18-pulgadas|llantas-volkswagen,5x112|color-mb|et-45|llantas|llantas-18|volkswagen,11,"Llantas 18"" Volkswagen | Juego de 4","Juego de 4 llantas 18X7.0, 5X112, ET +45, compatible de forma orientativa con VW途岳. Precio cerrado y entrega a domicilio.",DRAFT,ninguno,2026-09-18T16:17:56Z,60,"imagen 167x154 (por debajo de 800x800) · chino del proveedor visible en la descripción · chino del proveedor visible en la meta description · sin coste de proveedor registrado · precio = escalera fija por diámetro, no verificado como PVP · peso = escalera fija por diámetro, no medido · stock 0 sin seguimiento (venta continua)"
10898621989197,oyl260416013-18-mercedes-benz,Juego de 4 llantas 18 pulgadas Mercedes-Benz – OYL260416013,OYL260416013,wheel-design-013,mercedes-benz,BENZ E级,18,8.0,5x112,43,66.5,MG,44.0,KILOGRAMS,799.00,,,0,CONTINUE,False,True,1,1,120,116,https://cdn.shopify.com/s/files/1/0995/6920/5581/files/wheel-design-013_ec9b89c2-fc8a-4ae8-84d7-74a467e4d9e3.png,"Juego de llantas 18X8.0 Mercedes-Benz, referencia OYL260416013",llantas-18-pulgadas|llantas-mercedes-benz,5x112|color-mg|et-43|llantas|llantas-18|mercedes-benz,11,"Llantas 18"" Mercedes-Benz | Juego de 4","Juego de 4 llantas 18X8.0, 5X112, ET +43, compatible de forma orientativa con BENZ E级. Precio cerrado y entrega a domicilio.",DRAFT,ninguno,2026-09-18T16:17:57Z,60,"imagen 120x116 (por debajo de 800x800) · chino del proveedor visible en la descripción · chino del proveedor visible en la meta description · sin coste de proveedor registrado · precio = escalera fija por diámetro, no verificado como PVP · peso = escalera fija por diámetro, no medido · stock 0 sin seguimiento (venta continua)"
10898622054733,oyl260416014-18-bmw,Juego de 4 llantas 18 pulgadas BMW – OYL260416014,OYL260416014,wheel-design-014,bmw,BMW 3系前轮 2019,18,8.0,5x120,34,72.6,S,44.0,KILOGRAMS,799.00,,,0,CONTINUE,False,True,1,1,133,126,https://cdn.shopify.com/s/files/1/0995/6920/5581/files/wheel-design-014_8765aa93-280e-440a-97fd-6ebfb6211bae.jpg,"Juego de llantas 18X8.0 BMW, referencia OYL260416014",llantas-18-pulgadas|llantas-bmw,5x120|bmw|color-s|et-34|llantas|llantas-18,11,"Llantas 18"" BMW | Juego de 4","Juego de 4 llantas 18X8.0, 5X120, ET +34, compatible de forma orientativa con BMW 3系前轮 2019. Precio cerrado y entrega a domicilio.",DRAFT,ninguno,2026-09-18T16:17:57Z,60,"imagen 133x126 (por debajo de 800x800) · chino del proveedor visible en la descripción · chino del proveedor visible en la meta description · sin coste de proveedor registrado · precio = escalera fija por diámetro, no verificado como PVP · peso = escalera fija por diámetro, no medido · stock 0 sin seguimiento (venta continua)"
10898622087501,oyl260416015-18-bmw,Juego de 4 llantas 18 pulgadas BMW – OYL260416015,OYL260416015,wheel-design-014,bmw,BMW 3系后轮 2019,18,8.5,5x120,47,72.6,B,44.0,KILOGRAMS,799.00,,,0,CONTINUE,False,True,1,1,133,126,https://cdn.shopify.com/s/files/1/0995/6920/5581/files/wheel-design-014_52dd364d-f935-47ab-8f99-c5dd0531d88b.jpg,"Juego de llantas 18X8.5 BMW, referencia OYL260416015",llantas-18-pulgadas|llantas-bmw,5x120|bmw|color-b|et-47|llantas|llantas-18,11,"Llantas 18"" BMW | Juego de 4","Juego de 4 llantas 18X8.5, 5X120, ET +47, compatible de forma orientativa con BMW 3系后轮 2019. Precio cerrado y entrega a domicilio.",DRAFT,ninguno,2026-09-18T16:17:58Z,60,"imagen 133x126 (por debajo de 800x800) · chino del proveedor visible en la descripción · chino del proveedor visible en la meta description · sin coste de proveedor registrado · precio = escalera fija por diámetro, no verificado como PVP · peso = escalera fija por diámetro, no medido · stock 0 sin seguimiento (venta continua)"
10898622218573,oyl260416016-17-audi,Juego de 4 llantas 17 pulgadas Audi – OYL260416016,OYL260416016,wheel-design-015,audi,AUDIA4/改装车型,17,7.5,5x112,35,66.45,MB,40.0,KILOGRAMS,699.00,,,0,CONTINUE,False,True,1,1,156,158,https://cdn.shopify.com/s/files/1/0995/6920/5581/files/wheel-design-015_08ad844c-fafd-4960-817c-74b06865bf3b.jpg,"Juego de llantas 17X7.5 Audi, referencia OYL260416016",llantas-17-pulgadas|llantas-audi,5x112|audi|color-mb|et-35|llantas|llantas-17,11,"Llantas 17"" Audi | Juego de 4","Juego de 4 llantas 17X7.5, 5X112, ET +35, compatible de forma orientativa con AUDIA4/改装车型. Precio cerrado y entrega a domicilio.",DRAFT,ninguno,2026-09-18T16:17:58Z,60,"imagen 156x158 (por debajo de 800x800) · chino del proveedor visible en la descripción · chino del proveedor visible en la meta description · sin coste de proveedor registrado · precio = escalera fija por diámetro, no verificado como PVP · peso = escalera fija por diámetro, no medido · stock 0 sin seguimiento (venta continua)"
10898622251341,oyl260416017-18-vehiculos-europeos,Juego de 4 llantas 18 pulgadas Vehículos europeos – OYL260416017,OYL260416017,wheel-design-015,,改装,18,8.0,5x114.3,35,73.1,MB,44.0,KILOGRAMS,799.00,,,0,CONTINUE,False,True,1,1,156,158,https://cdn.shopify.com/s/files/1/0995/6920/5581/files/wheel-design-015_d120915f-d016-43c4-9c3b-4c3c50412980.jpg,"Juego de llantas 18X8.0 Vehículos europeos, referencia OYL260416017",llantas-18-pulgadas,5x114.3|color-mb|et-35|llantas|llantas-18|vehículos-europeos,11,"Llantas 18"" Vehículos europeos | Juego de 4","Juego de 4 llantas 18X8.0, 5X114.3, ET +35, compatible de forma orientativa con 改装. Precio cerrado y entrega a domicilio.",DRAFT,ninguno,2026-09-18T16:17:59Z,60,"imagen 156x158 (por debajo de 800x800) · chino del proveedor visible en la descripción · chino del proveedor visible en la meta description · sin coste de proveedor registrado · precio = escalera fija por diámetro, no verificado como PVP · peso = escalera fija por diámetro, no medido · stock 0 sin seguimiento (venta continua)"
10898622316877,oyl260416018-19-audi,Juego de 4 llantas 19 pulgadas Audi – OYL260416018,OYL260416018,wheel-design-015,audi,AUDI,19,8.5,5x112,35,66.45,MB,48.0,KILOGRAMS,899.00,,,0,CONTINUE,False,True,1,1,156,158,https://cdn.shopify.com/s/files/1/0995/6920/5581/files/wheel-design-015_909cbf2b-650d-470f-b70f-b867a5d9cc0c.jpg,"Juego de llantas 19X8.5 Audi, referencia OYL260416018",llantas-19-pulgadas|llantas-audi,5x112|audi|color-mb|et-35|llantas|llantas-19,11,"Llantas 19"" Audi | Juego de 4","Juego de 4 llantas 19X8.5, 5X112, ET +35, compatible de forma orientativa con AUDI. Precio cerrado y entrega a domicilio.",DRAFT,ninguno,2026-09-18T16:18:00Z,75,"imagen 156x158 (por debajo de 800x800) · sin coste de proveedor registrado · precio = escalera fija por diámetro, no verificado como PVP · peso = escalera fija por diámetro, no medido · stock 0 sin seguimiento (venta continua)"
10898622349645,oyl260416019-19-vehiculos-europeos,Juego de 4 llantas 19 pulgadas Vehículos europeos – OYL260416019,OYL260416019,wheel-design-015,,改装,19,8.5,5x114.3,35,73.1,MB,48.0,KILOGRAMS,899.00,,,0,CONTINUE,False,True,1,1,156,158,https://cdn.shopify.com/s/files/1/0995/6920/5581/files/wheel-design-015_7d964a5b-c148-48b4-82c5-117962dfab7d.jpg,"Juego de llantas 19X8.5 Vehículos europeos, referencia OYL260416019",llantas-19-pulgadas,5x114.3|color-mb|et-35|llantas|llantas-19|vehículos-europeos,11,"Llantas 19"" Vehículos europeos | Juego de 4","Juego de 4 llantas 19X8.5, 5X114.3, ET +35, compatible de forma orientativa con 改装. Precio cerrado y entrega a domicilio.",DRAFT,ninguno,2026-09-18T16:18:00Z,60,"imagen 156x158 (por debajo de 800x800) · chino del proveedor visible en la descripción · chino del proveedor visible en la meta description · sin coste de proveedor registrado · precio = escalera fija por diámetro, no verificado como PVP · peso = escalera fija por diámetro, no medido · stock 0 sin seguimiento (venta continua)"
10898622480717,oyl260416020-20-audi,Juego de 4 llantas 20 pulgadas Audi – OYL260416020,OYL260416020,wheel-design-015,audi,AUDIA8/Q7,20,9.0,5x112,30,66.45,MB,52.0,KILOGRAMS,999.00,,,0,CONTINUE,False,True,1,1,156,158,https://cdn.shopify.com/s/files/1/0995/6920/5581/files/wheel-design-015_1e5558fa-2c82-4473-a12b-7cd0c74f4129.jpg,"Juego de llantas 20X9.0 Audi, referencia OYL260416020",llantas-20-pulgadas|llantas-audi,5x112|audi|color-mb|et-30|llantas|llantas-20,11,"Llantas 20"" Audi | Juego de 4","Juego de 4 llantas 20X9.0, 5X112, ET +30, compatible de forma orientativa con AUDIA8/Q7. Precio cerrado y entrega a domicilio.",DRAFT,ninguno,2026-09-18T16:18:01Z,75,"imagen 156x158 (por debajo de 800x800) · sin coste de proveedor registrado · precio = escalera fija por diámetro, no verificado como PVP · peso = escalera fija por diámetro, no medido · stock 0 sin seguimiento (venta continua)"
10898622546253,oyl260416021-21-audi,Juego de 4 llantas 21 pulgadas Audi – OYL260416021,OYL260416021,wheel-design-015,audi,AUDIA8/Q7,21,9.0,5x112,30,66.45,MB,56.0,KILOGRAMS,1099.00,,,0,CONTINUE,False,True,1,1,156,158,https://cdn.shopify.com/s/files/1/0995/6920/5581/files/wheel-design-015_670832a9-f4b4-4622-92ae-ebe10f53d965.jpg,"Juego de llantas 21X9.0 Audi, referencia OYL260416021",llantas-21-pulgadas|llantas-audi,5x112|audi|color-mb|et-30|llantas|llantas-21,11,"Llantas 21"" Audi | Juego de 4","Juego de 4 llantas 21X9.0, 5X112, ET +30, compatible de forma orientativa con AUDIA8/Q7. Precio cerrado y entrega a domicilio.",DRAFT,ninguno,2026-09-18T16:18:02Z,75,"imagen 156x158 (por debajo de 800x800) · sin coste de proveedor registrado · precio = escalera fija por diámetro, no verificado como PVP · peso = escalera fija por diámetro, no medido · stock 0 sin seguimiento (venta continua)"
10898622579021,oyl260416022-18-bmw,Juego de 4 llantas 18 pulgadas BMW – OYL260416022,OYL260416022,wheel-design-016,bmw,BMW 5系,18,8.0,5x112,30,66.56,MG,44.0,KILOGRAMS,799.00,,,0,CONTINUE,False,True,1,1,141,133,https://cdn.shopify.com/s/files/1/0995/6920/5581/files/wheel-design-016_0322a0b6-eae1-4d1e-8e18-4101d8fe2c39.png,"Juego de llantas 18X8.0 BMW, referencia OYL260416022",llantas-18-pulgadas|llantas-bmw,5x112|bmw|color-mg|et-30|llantas|llantas-18,11,"Llantas 18"" BMW | Juego de 4","Juego de 4 llantas 18X8.0, 5X112, ET +30, compatible de forma orientativa con BMW 5系. Precio cerrado y entrega a domicilio.",DRAFT,ninguno,2026-09-18T16:18:02Z,60,"imagen 141x133 (por debajo de 800x800) · chino del proveedor visible en la descripción · chino del proveedor visible en la meta description · sin coste de proveedor registrado · precio = escalera fija por diámetro, no verificado como PVP · peso = escalera fija por diámetro, no medido · stock 0 sin seguimiento (venta continua)"
10898622677325,oyl260416023-18-bmw,Juego de 4 llantas 18 pulgadas BMW – OYL260416023,OYL260416023,wheel-design-017,bmw,BMW 730Li,18,8.0,5x120,31,72.6,S,44.0,KILOGRAMS,799.00,,,0,CONTINUE,False,True,1,1,156,151,https://cdn.shopify.com/s/files/1/0995/6920/5581/files/wheel-design-017_fe57e593-28c8-4cd3-927d-3e90fc009dd8.jpg,"Juego de llantas 18X8.0 BMW, referencia OYL260416023",llantas-18-pulgadas|llantas-bmw,5x120|bmw|color-s|et-31|llantas|llantas-18,11,"Llantas 18"" BMW | Juego de 4","Juego de 4 llantas 18X8.0, 5X120, ET +31, compatible de forma orientativa con BMW 730Li. Precio cerrado y entrega a domicilio.",DRAFT,ninguno,2026-09-18T16:18:03Z,75,"imagen 156x151 (por debajo de 800x800) · sin coste de proveedor registrado · precio = escalera fija por diámetro, no verificado como PVP · peso = escalera fija por diámetro, no medido · stock 0 sin seguimiento (venta continua)"
10898622710093,oyl260416024-20-bmw,Juego de 4 llantas 20 pulgadas BMW – OYL260416024,OYL260416024,wheel-design-018,bmw,BMW *5后轮,20,11.0,5x120,37,74.1,B,52.0,KILOGRAMS,999.00,,,0,CONTINUE,False,True,1,1,133,121,https://cdn.shopify.com/s/files/1/0995/6920/5581/files/wheel-design-018_7ff437ae-bbce-4fbe-a8a7-8a31d8ab8c7f.jpg,"Juego de llantas 20X11 BMW, referencia OYL260416024",llantas-20-pulgadas|llantas-bmw,5x120|bmw|color-b|et-37|llantas|llantas-20,11,"Llantas 20"" BMW | Juego de 4","Juego de 4 llantas 20X11, 5X120, ET +37, compatible de forma orientativa con BMW *5后轮. Precio cerrado y entrega a domicilio.",DRAFT,ninguno,2026-09-18T16:18:03Z,60,"imagen 133x121 (por debajo de 800x800) · chino del proveedor visible en la descripción · chino del proveedor visible en la meta description · sin coste de proveedor registrado · precio = escalera fija por diámetro, no verificado como PVP · peso = escalera fija por diámetro, no medido · stock 0 sin seguimiento (venta continua)"
10898622775629,oyl260416025-20-bmw,Juego de 4 llantas 20 pulgadas BMW – OYL260416025,OYL260416025,wheel-design-018,bmw,BMW *5后轮,20,11.0,5x120,37,74.1,MG,52.0,KILOGRAMS,999.00,,,0,CONTINUE,False,True,1,1,133,121,https://cdn.shopify.com/s/files/1/0995/6920/5581/files/wheel-design-018_3ee07e97-8248-41ee-b0ca-d052922dad68.jpg,"Juego de llantas 20X11 BMW, referencia OYL260416025",llantas-20-pulgadas|llantas-bmw,5x120|bmw|color-mg|et-37|llantas|llantas-20,11,"Llantas 20"" BMW | Juego de 4","Juego de 4 llantas 20X11, 5X120, ET +37, compatible de forma orientativa con BMW *5后轮. Precio cerrado y entrega a domicilio.",DRAFT,ninguno,2026-09-18T16:18:04Z,60,"imagen 133x121 (por debajo de 800x800) · chino del proveedor visible en la descripción · chino del proveedor visible en la meta description · sin coste de proveedor registrado · precio = escalera fija por diámetro, no verificado como PVP · peso = escalera fija por diámetro, no medido · stock 0 sin seguimiento (venta continua)"
10898622841165,oyl260416026-19-mercedes-benz,Juego de 4 llantas 19 pulgadas Mercedes-Benz – OYL260416026,OYL260416026,wheel-design-019,mercedes-benz,BENZ,19,8.5,5x112,38,66.56,MIYB,48.0,KILOGRAMS,899.00,,,0,CONTINUE,False,True,1,1,199,204,https://cdn.shopify.com/s/files/1/0995/6920/5581/files/wheel-design-019_b8c43bc4-68e2-4f84-8cee-c5f24c97cc8c.png,"Juego de llantas 19X8.5 Mercedes-Benz, referencia OYL260416026",llantas-19-pulgadas|llantas-mercedes-benz,5x112|color-miyb|et-38|llantas|llantas-19|mercedes-benz,11,"Llantas 19"" Mercedes-Benz | Juego de 4","Juego de 4 llantas 19X8.5, 5X112, ET +38, compatible de forma orientativa con BENZ. Precio cerrado y entrega a domicilio.",DRAFT,ninguno,2026-09-18T16:18:05Z,75,"imagen 199x204 (por debajo de 800x800) · sin coste de proveedor registrado · precio = escalera fija por diámetro, no verificado como PVP · peso = escalera fija por diámetro, no medido · stock 0 sin seguimiento (venta continua)"
10898622906701,oyl260416027-19-mercedes-benz,Juego de 4 llantas 19 pulgadas Mercedes-Benz – OYL260416027,OYL260416027,wheel-design-019,mercedes-benz,BENZ,19,9.5,5x112,43,66.56,MIYB,48.0,KILOGRAMS,899.00,,,0,CONTINUE,False,True,1,1,199,204,https://cdn.shopify.com/s/files/1/0995/6920/5581/files/wheel-design-019_e87a5d39-9107-4f4d-9563-d01756921af8.png,"Juego de llantas 19X9.5 Mercedes-Benz, referencia OYL260416027",llantas-19-pulgadas|llantas-mercedes-benz,5x112|color-miyb|et-43|llantas|llantas-19|mercedes-benz,11,"Llantas 19"" Mercedes-Benz | Juego de 4","Juego de 4 llantas 19X9.5, 5X112, ET +43, compatible de forma orientativa con BENZ. Precio cerrado y entrega a domicilio.",DRAFT,ninguno,2026-09-18T16:18:05Z,75,"imagen 199x204 (por debajo de 800x800) · sin coste de proveedor registrado · precio = escalera fija por diámetro, no verificado como PVP · peso = escalera fija por diámetro, no medido · stock 0 sin seguimiento (venta continua)"
10898623005005,oyl260416028-20-mercedes-benz,Juego de 4 llantas 20 pulgadas Mercedes-Benz – OYL260416028,OYL260416028,wheel-design-019,mercedes-benz,BENZ,20,8.5,5x112,38,66.56,MIYB,52.0,KILOGRAMS,999.00,,,0,CONTINUE,False,True,1,1,199,204,https://cdn.shopify.com/s/files/1/0995/6920/5581/files/wheel-design-019_ac9fb3fb-1cd7-4c9b-a77c-b7d9e3dcaf49.png,"Juego de llantas 20X8.5 Mercedes-Benz, referencia OYL260416028",llantas-20-pulgadas|llantas-mercedes-benz,5x112|color-miyb|et-38|llantas|llantas-20|mercedes-benz,11,"Llantas 20"" Mercedes-Benz | Juego de 4","Juego de 4 llantas 20X8.5, 5X112, ET +38, compatible de forma orientativa con BENZ. Precio cerrado y entrega a domicilio.",DRAFT,ninguno,2026-09-18T16:18:06Z,75,"imagen 199x204 (por debajo de 800x800) · sin coste de proveedor registrado · precio = escalera fija por diámetro, no verificado como PVP · peso = escalera fija por diámetro, no medido · stock 0 sin seguimiento (venta continua)"
10898623037773,oyl260416029-20-mercedes-benz,Juego de 4 llantas 20 pulgadas Mercedes-Benz – OYL260416029,OYL260416029,wheel-design-019,mercedes-benz,BENZ,20,9.5,5x112,43,66.56,MIYB,52.0,KILOGRAMS,999.00,,,0,CONTINUE,False,True,1,1,199,204,https://cdn.shopify.com/s/files/1/0995/6920/5581/files/wheel-design-019_3ba773eb-eafe-42a6-852d-ecc1704ff786.png,"Juego de llantas 20X9.5 Mercedes-Benz, referencia OYL260416029",llantas-20-pulgadas|llantas-mercedes-benz,5x112|color-miyb|et-43|llantas|llantas-20|mercedes-benz,11,"Llantas 20"" Mercedes-Benz | Juego de 4","Juego de 4 llantas 20X9.5, 5X112, ET +43, compatible de forma orientativa con BENZ. Precio cerrado y entrega a domicilio.",DRAFT,ninguno,2026-09-18T16:18:06Z,75,"imagen 199x204 (por debajo de 800x800) · sin coste de proveedor registrado · precio = escalera fija por diámetro, no verificado como PVP · peso = escalera fija por diámetro, no medido · stock 0 sin seguimiento (venta continua)"
10898623168845,oyl260416030-21-mercedes-benz,Juego de 4 llantas 21 pulgadas Mercedes-Benz – OYL260416030,OYL260416030,wheel-design-019,mercedes-benz,BENZ,21,10.0,5x112,45,66.5,MIYB,56.0,KILOGRAMS,1099.00,,,0,CONTINUE,False,True,1,1,199,204,https://cdn.shopify.com/s/files/1/0995/6920/5581/files/wheel-design-019_d8893434-5605-4e35-8f12-7facb900f76f.png,"Juego de llantas 21X10 Mercedes-Benz, referencia OYL260416030",llantas-21-pulgadas|llantas-mercedes-benz,5x112|color-miyb|et-45|llantas|llantas-21|mercedes-benz,11,"Llantas 21"" Mercedes-Benz | Juego de 4","Juego de 4 llantas 21X10, 5X112, ET +45, compatible de forma orientativa con BENZ. Precio cerrado y entrega a domicilio.",DRAFT,ninguno,2026-09-18T16:18:07Z,75,"imagen 199x204 (por debajo de 800x800) · sin coste de proveedor registrado · precio = escalera fija por diámetro, no verificado como PVP · peso = escalera fija por diámetro, no medido · stock 0 sin seguimiento (venta continua)"
10898623234381,oyl260416031-21-mercedes-benz,Juego de 4 llantas 21 pulgadas Mercedes-Benz – OYL260416031,OYL260416031,wheel-design-019,mercedes-benz,BENZ,21,11.0,5x112,42,66.5,MIYB,56.0,KILOGRAMS,1099.00,,,0,CONTINUE,False,True,1,1,199,204,https://cdn.shopify.com/s/files/1/0995/6920/5581/files/wheel-design-019_45e353fc-fa15-47c3-ac84-3286d9df9feb.png,"Juego de llantas 21X11 Mercedes-Benz, referencia OYL260416031",llantas-21-pulgadas|llantas-mercedes-benz,5x112|color-miyb|et-42|llantas|llantas-21|mercedes-benz,11,"Llantas 21"" Mercedes-Benz | Juego de 4","Juego de 4 llantas 21X11, 5X112, ET +42, compatible de forma orientativa con BENZ. Precio cerrado y entrega a domicilio.",DRAFT,ninguno,2026-09-18T16:18:08Z,75,"imagen 199x204 (por debajo de 800x800) · sin coste de proveedor registrado · precio = escalera fija por diámetro, no verificado como PVP · peso = escalera fija por diámetro, no medido · stock 0 sin seguimiento (venta continua)"
10898623299917,oyl260416032-22-mercedes-benz,Juego de 4 llantas 22 pulgadas Mercedes-Benz – OYL260416032,OYL260416032,wheel-design-019,mercedes-benz,BENZ GLS/GLE,22,11.5,5x112,47,66.5,MIYB,60.0,KILOGRAMS,1249.00,,,0,CONTINUE,False,True,1,1,199,204,https://cdn.shopify.com/s/files/1/0995/6920/5581/files/wheel-design-019_2c9f286c-b086-4e20-8081-2bf370423f32.png,"Juego de llantas 22X11.5 Mercedes-Benz, referencia OYL260416032",llantas-22-pulgadas|llantas-mercedes-benz,5x112|color-miyb|et-47|llantas|llantas-22|mercedes-benz,11,"Llantas 22"" Mercedes-Benz | Juego de 4","Juego de 4 llantas 22X11.5, 5X112, ET +47, compatible de forma orientativa con BENZ GLS/GLE. Precio cerrado y entrega a domicilio.",DRAFT,ninguno,2026-09-18T16:18:08Z,75,"imagen 199x204 (por debajo de 800x800) · sin coste de proveedor registrado · precio = escalera fija por diámetro, no verificado como PVP · peso = escalera fija por diámetro, no medido · stock 0 sin seguimiento (venta continua)"
10898623332685,oyl260416033-22-mercedes-benz,Juego de 4 llantas 22 pulgadas Mercedes-Benz – OYL260416033,OYL260416033,wheel-design-019,mercedes-benz,BENZ GLS/GLE,22,11.5,5x112,47,66.5,MB,60.0,KILOGRAMS,1249.00,,,0,CONTINUE,False,True,1,1,199,204,https://cdn.shopify.com/s/files/1/0995/6920/5581/files/wheel-design-019_69cc1b10-ba9b-4ab3-a10f-762173f75002.png,"Juego de llantas 22X11.5 Mercedes-Benz, referencia OYL260416033",llantas-22-pulgadas|llantas-mercedes-benz,5x112|color-mb|et-47|llantas|llantas-22|mercedes-benz,11,"Llantas 22"" Mercedes-Benz | Juego de 4","Juego de 4 llantas 22X11.5, 5X112, ET +47, compatible de forma orientativa con BENZ GLS/GLE. Precio cerrado y entrega a domicilio.",DRAFT,ninguno,2026-09-18T16:18:09Z,75,"imagen 199x204 (por debajo de 800x800) · sin coste de proveedor registrado · precio = escalera fija por diámetro, no verificado como PVP · peso = escalera fija por diámetro, no medido · stock 0 sin seguimiento (venta continua)"
10898623398221,oyl260416034-19-mercedes-benz,Juego de 4 llantas 19 pulgadas Mercedes-Benz – OYL260416034,OYL260416034,wheel-design-020,mercedes-benz,BENZ,19,9.5,5x112,43,66.45,MYB,48.0,KILOGRAMS,899.00,,,0,CONTINUE,False,True,1,1,174,165,https://cdn.shopify.com/s/files/1/0995/6920/5581/files/wheel-design-020_d60832ed-ed22-408b-b769-35725ee580fd.png,"Juego de llantas 19X9.5 Mercedes-Benz, referencia OYL260416034",llantas-19-pulgadas|llantas-mercedes-benz,5x112|color-myb|et-43|llantas|llantas-19|mercedes-benz,11,"Llantas 19"" Mercedes-Benz | Juego de 4","Juego de 4 llantas 19X9.5, 5X112, ET +43, compatible de forma orientativa con BENZ. Precio cerrado y entrega a domicilio.",DRAFT,ninguno,2026-09-18T16:18:10Z,75,"imagen 174x165 (por debajo de 800x800) · sin coste de proveedor registrado · precio = escalera fija por diámetro, no verificado como PVP · peso = escalera fija por diámetro, no medido · stock 0 sin seguimiento (venta continua)"
10898623496525,oyl260416035-19-mercedes-benz,Juego de 4 llantas 19 pulgadas Mercedes-Benz – OYL260416035,OYL260416035,wheel-design-020,mercedes-benz,BENZ,19,8.5,5x112,38,66.45,MIYB,48.0,KILOGRAMS,899.00,,,0,CONTINUE,False,True,1,1,174,165,https://cdn.shopify.com/s/files/1/0995/6920/5581/files/wheel-design-020_f45e3f3e-64d7-4d7b-988b-784027545139.png,"Juego de llantas 19X8.5 Mercedes-Benz, referencia OYL260416035",llantas-19-pulgadas|llantas-mercedes-benz,5x112|color-miyb|et-38|llantas|llantas-19|mercedes-benz,11,"Llantas 19"" Mercedes-Benz | Juego de 4","Juego de 4 llantas 19X8.5, 5X112, ET +38, compatible de forma orientativa con BENZ. Precio cerrado y entrega a domicilio.",DRAFT,ninguno,2026-09-18T16:18:10Z,75,"imagen 174x165 (por debajo de 800x800) · sin coste de proveedor registrado · precio = escalera fija por diámetro, no verificado como PVP · peso = escalera fija por diámetro, no medido · stock 0 sin seguimiento (venta continua)"
10898623529293,oyl260416036-19-mercedes-benz,Juego de 4 llantas 19 pulgadas Mercedes-Benz – OYL260416036,OYL260416036,wheel-design-020,mercedes-benz,BENZ,19,9.5,5x112,43,66.45,MIYB,48.0,KILOGRAMS,899.00,,,0,CONTINUE,False,True,1,1,174,165,https://cdn.shopify.com/s/files/1/0995/6920/5581/files/wheel-design-020_5f5261ae-eef6-4654-ae9d-71cc5275253f.png,"Juego de llantas 19X9.5 Mercedes-Benz, referencia OYL260416036",llantas-19-pulgadas|llantas-mercedes-benz,5x112|color-miyb|et-43|llantas|llantas-19|mercedes-benz,11,"Llantas 19"" Mercedes-Benz | Juego de 4","Juego de 4 llantas 19X9.5, 5X112, ET +43, compatible de forma orientativa con BENZ. Precio cerrado y entrega a domicilio.",DRAFT,ninguno,2026-09-18T16:18:11Z,75,"imagen 174x165 (por debajo de 800x800) · sin coste de proveedor registrado · precio = escalera fija por diámetro, no verificado como PVP · peso = escalera fija por diámetro, no medido · stock 0 sin seguimiento (venta continua)"
10898623594829,oyl260416037-20-mercedes-benz,Juego de 4 llantas 20 pulgadas Mercedes-Benz – OYL260416037,OYL260416037,wheel-design-020,mercedes-benz,BENZ,20,9.5,5x112,43,66.45,MIYB,52.0,KILOGRAMS,999.00,,,0,CONTINUE,False,True,1,1,174,165,https://cdn.shopify.com/s/files/1/0995/6920/5581/files/wheel-design-020_d4e42b2b-3860-4031-9e36-384eb7ec85c8.png,"Juego de llantas 20X9.5 Mercedes-Benz, referencia OYL260416037",llantas-20-pulgadas|llantas-mercedes-benz,5x112|color-miyb|et-43|llantas|llantas-20|mercedes-benz,11,"Llantas 20"" Mercedes-Benz | Juego de 4","Juego de 4 llantas 20X9.5, 5X112, ET +43, compatible de forma orientativa con BENZ. Precio cerrado y entrega a domicilio.",DRAFT,ninguno,2026-09-18T16:18:11Z,75,"imagen 174x165 (por debajo de 800x800) · sin coste de proveedor registrado · precio = escalera fija por diámetro, no verificado como PVP · peso = escalera fija por diámetro, no medido · stock 0 sin seguimiento (venta continua)"
10898623627597,oyl260416038-22-mercedes-benz,Juego de 4 llantas 22 pulgadas Mercedes-Benz – OYL260416038,OYL260416038,wheel-design-020,mercedes-benz,BENZ G500/G63,22,10.0,5x130,35,84.1,MIYB,60.0,KILOGRAMS,1249.00,,,0,CONTINUE,False,True,1,1,174,165,https://cdn.shopify.com/s/files/1/0995/6920/5581/files/wheel-design-020_c5df5745-fe47-47f4-8576-621428073406.png,"Juego de llantas 22X10 Mercedes-Benz, referencia OYL260416038",llantas-22-pulgadas|llantas-mercedes-benz,5x130|color-miyb|et-35|llantas|llantas-22|mercedes-benz,11,"Llantas 22"" Mercedes-Benz | Juego de 4","Juego de 4 llantas 22X10, 5X130, ET +35, compatible de forma orientativa con BENZ G500/G63. Precio cerrado y entrega a domicilio.",DRAFT,ninguno,2026-09-18T16:18:12Z,75,"imagen 174x165 (por debajo de 800x800) · sin coste de proveedor registrado · precio = escalera fija por diámetro, no verificado como PVP · peso = escalera fija por diámetro, no medido · stock 0 sin seguimiento (venta continua)"
10898623693133,oyl260416039-22-mercedes-benz,Juego de 4 llantas 22 pulgadas Mercedes-Benz – OYL260416039,OYL260416039,wheel-design-020,mercedes-benz,BENZ G500/G63,22,10.0,5x130,35,84.1,MIYB+R,60.0,KILOGRAMS,1249.00,,,0,CONTINUE,False,True,1,1,174,165,https://cdn.shopify.com/s/files/1/0995/6920/5581/files/wheel-design-020_c16baad5-b504-4fe7-9f9a-5003da45b47b.png,"Juego de llantas 22X10 Mercedes-Benz, referencia OYL260416039",llantas-22-pulgadas|llantas-mercedes-benz,5x130|color-miyb+r|et-35|llantas|llantas-22|mercedes-benz,11,"Llantas 22"" Mercedes-Benz | Juego de 4","Juego de 4 llantas 22X10, 5X130, ET +35, compatible de forma orientativa con BENZ G500/G63. Precio cerrado y entrega a domicilio.",DRAFT,ninguno,2026-09-18T16:18:12Z,75,"imagen 174x165 (por debajo de 800x800) · sin coste de proveedor registrado · precio = escalera fija por diámetro, no verificado como PVP · peso = escalera fija por diámetro, no medido · stock 0 sin seguimiento (venta continua)"
10898623725901,oyl260416040-18-bmw,Juego de 4 llantas 18 pulgadas BMW – OYL260416040,OYL260416040,wheel-design-021,bmw,BMW 5系,18,8.0,5x120,30,72.6,MG,44.0,KILOGRAMS,799.00,,,0,CONTINUE,False,True,1,1,156,151,https://cdn.shopify.com/s/files/1/0995/6920/5581/files/wheel-design-021_f434ca44-d0c2-4d85-92c8-ea0a57f1fbb7.jpg,"Juego de llantas 18X8.0 BMW, referencia OYL260416040",llantas-18-pulgadas|llantas-bmw,5x120|bmw|color-mg|et-30|llantas|llantas-18,11,"Llantas 18"" BMW | Juego de 4","Juego de 4 llantas 18X8.0, 5X120, ET +30, compatible de forma orientativa con BMW 5系. Precio cerrado y entrega a domicilio.",DRAFT,ninguno,2026-09-18T16:18:13Z,60,"imagen 156x151 (por debajo de 800x800) · chino del proveedor visible en la descripción · chino del proveedor visible en la meta description · sin coste de proveedor registrado · precio = escalera fija por diámetro, no verificado como PVP · peso = escalera fija por diámetro, no medido · stock 0 sin seguimiento (venta continua)"
10898623791437,oyl260416041-17-bmw,Juego de 4 llantas 17 pulgadas BMW – OYL260416041,OYL260416041,wheel-design-022,bmw,BMW 5系,17,8.0,5x120,30,72.6,S,40.0,KILOGRAMS,699.00,,,0,CONTINUE,False,True,1,1,160,147,https://cdn.shopify.com/s/files/1/0995/6920/5581/files/wheel-design-022_0f849e56-e9f9-4d01-9aa1-caef1dfaf014.jpg,"Juego de llantas 17X8.0 BMW, referencia OYL260416041",llantas-17-pulgadas|llantas-bmw,5x120|bmw|color-s|et-30|llantas|llantas-17,11,"Llantas 17"" BMW | Juego de 4","Juego de 4 llantas 17X8.0, 5X120, ET +30, compatible de forma orientativa con BMW 5系. Precio cerrado y entrega a domicilio.",DRAFT,ninguno,2026-09-18T16:18:14Z,60,"imagen 160x147 (por debajo de 800x800) · chino del proveedor visible en la descripción · chino del proveedor visible en la meta description · sin coste de proveedor registrado · precio = escalera fija por diámetro, no verificado como PVP · peso = escalera fija por diámetro, no medido · stock 0 sin seguimiento (venta continua)"
10898623856973,oyl260416042-20-bmw,Juego de 4 llantas 20 pulgadas BMW – OYL260416042,OYL260416042,wheel-design-023,bmw,BMW *5前轮,20,11.0,5x112,35,66.6,MG,52.0,KILOGRAMS,999.00,,,0,CONTINUE,False,True,1,1,190,190,https://cdn.shopify.com/s/files/1/0995/6920/5581/files/wheel-design-023_48f87832-55f0-4fa8-83ce-bc34f6129541.jpg,"Juego de llantas 20X11 BMW, referencia OYL260416042",llantas-20-pulgadas|llantas-bmw,5x112|bmw|color-mg|et-35|llantas|llantas-20,11,"Llantas 20"" BMW | Juego de 4","Juego de 4 llantas 20X11, 5X112, ET +35, compatible de forma orientativa con BMW *5前轮. Precio cerrado y entrega a domicilio.",DRAFT,ninguno,2026-09-18T16:18:14Z,60,"imagen 190x190 (por debajo de 800x800) · chino del proveedor visible en la descripción · chino del proveedor visible en la meta description · sin coste de proveedor registrado · precio = escalera fija por diámetro, no verificado como PVP · peso = escalera fija por diámetro, no medido · stock 0 sin seguimiento (venta continua)"
10898623922509,oyl260416043-20-bmw,Juego de 4 llantas 20 pulgadas BMW – OYL260416043,OYL260416043,wheel-design-023,bmw,BMW *5前轮,20,10.0,5x112,40,66.5,MB,52.0,KILOGRAMS,999.00,,,0,CONTINUE,False,True,1,1,190,190,https://cdn.shopify.com/s/files/1/0995/6920/5581/files/wheel-design-023_6d14f14f-790f-4d51-ba41-d4e7aa3f3b4f.jpg,"Juego de llantas 20X10 BMW, referencia OYL260416043",llantas-20-pulgadas|llantas-bmw,5x112|bmw|color-mb|et-40|llantas|llantas-20,11,"Llantas 20"" BMW | Juego de 4","Juego de 4 llantas 20X10, 5X112, ET +40, compatible de forma orientativa con BMW *5前轮. Precio cerrado y entrega a domicilio.",DRAFT,ninguno,2026-09-18T16:18:16Z,60,"imagen 190x190 (por debajo de 800x800) · chino del proveedor visible en la descripción · chino del proveedor visible en la meta description · sin coste de proveedor registrado · precio = escalera fija por diámetro, no verificado como PVP · peso = escalera fija por diámetro, no medido · stock 0 sin seguimiento (venta continua)"
10898624086349,oyl260416044-20-bmw,Juego de 4 llantas 20 pulgadas BMW – OYL260416044,OYL260416044,wheel-design-023,bmw,BMW *5后轮,20,11.0,5x112,35,66.6,MB,52.0,KILOGRAMS,999.00,,,0,CONTINUE,False,True,1,1,190,190,https://cdn.shopify.com/s/files/1/0995/6920/5581/files/wheel-design-023_87895ae2-b42e-4dea-8da1-511d8aa9ecb6.jpg,"Juego de llantas 20X11 BMW, referencia OYL260416044",llantas-20-pulgadas|llantas-bmw,5x112|bmw|color-mb|et-35|llantas|llantas-20,11,"Llantas 20"" BMW | Juego de 4","Juego de 4 llantas 20X11, 5X112, ET +35, compatible de forma orientativa con BMW *5后轮. Precio cerrado y entrega a domicilio.",DRAFT,ninguno,2026-09-18T16:18:19Z,60,"imagen 190x190 (por debajo de 800x800) · chino del proveedor visible en la descripción · chino del proveedor visible en la meta description · sin coste de proveedor registrado · precio = escalera fija por diámetro, no verificado como PVP · peso = escalera fija por diámetro, no medido · stock 0 sin seguimiento (venta continua)"
10898624184653,oyl260416045-20-bmw,Juego de 4 llantas 20 pulgadas BMW – OYL260416045,OYL260416045,wheel-design-023,bmw,BMW *5前轮,20,10.0,5x120,40,74.1,MG,52.0,KILOGRAMS,999.00,,,0,CONTINUE,False,True,1,1,190,190,https://cdn.shopify.com/s/files/1/0995/6920/5581/files/wheel-design-023_1c7d7ce5-338e-4f0c-9aa8-d45dcd575659.jpg,"Juego de llantas 20X10 BMW, referencia OYL260416045",llantas-20-pulgadas|llantas-bmw,5x120|bmw|color-mg|et-40|llantas|llantas-20,11,"Llantas 20"" BMW | Juego de 4","Juego de 4 llantas 20X10, 5X120, ET +40, compatible de forma orientativa con BMW *5前轮. Precio cerrado y entrega a domicilio.",DRAFT,ninguno,2026-09-18T16:18:20Z,60,"imagen 190x190 (por debajo de 800x800) · chino del proveedor visible en la descripción · chino del proveedor visible en la meta description · sin coste de proveedor registrado · precio = escalera fija por diámetro, no verificado como PVP · peso = escalera fija por diámetro, no medido · stock 0 sin seguimiento (venta continua)"
10898624217421,oyl260416046-20-bmw,Juego de 4 llantas 20 pulgadas BMW – OYL260416046,OYL260416046,wheel-design-023,bmw,BMW *5后轮,20,11.0,5x120,35,74.1,MG,52.0,KILOGRAMS,999.00,,,0,CONTINUE,False,True,1,1,190,190,https://cdn.shopify.com/s/files/1/0995/6920/5581/files/wheel-design-023_86c6abd4-362b-4010-9dbc-389860260c3f.jpg,"Juego de llantas 20X11 BMW, referencia OYL260416046",llantas-20-pulgadas|llantas-bmw,5x120|bmw|color-mg|et-35|llantas|llantas-20,11,"Llantas 20"" BMW | Juego de 4","Juego de 4 llantas 20X11, 5X120, ET +35, compatible de forma orientativa con BMW *5后轮. Precio cerrado y entrega a domicilio.",DRAFT,ninguno,2026-09-18T16:18:20Z,60,"imagen 190x190 (por debajo de 800x800) · chino del proveedor visible en la descripción · chino del proveedor visible en la meta description · sin coste de proveedor registrado · precio = escalera fija por diámetro, no verificado como PVP · peso = escalera fija por diámetro, no medido · stock 0 sin seguimiento (venta continua)"
10898624315725,oyl260416047-20-bmw,Juego de 4 llantas 20 pulgadas BMW – OYL260416047,OYL260416047,wheel-design-023,bmw,BMW *5前轮,20,10.0,5x120,40,74.1,MB,52.0,KILOGRAMS,999.00,,,0,CONTINUE,False,True,1,1,190,190,https://cdn.shopify.com/s/files/1/0995/6920/5581/files/wheel-design-023_3bc5c4ca-a3ec-4e5c-8d86-611aa496b3e1.jpg,"Juego de llantas 20X10 BMW, referencia OYL260416047",llantas-20-pulgadas|llantas-bmw,5x120|bmw|color-mb|et-40|llantas|llantas-20,11,"Llantas 20"" BMW | Juego de 4","Juego de 4 llantas 20X10, 5X120, ET +40, compatible de forma orientativa con BMW *5前轮. Precio cerrado y entrega a domicilio.",DRAFT,ninguno,2026-09-18T16:18:21Z,60,"imagen 190x190 (por debajo de 800x800) · chino del proveedor visible en la descripción · chino del proveedor visible en la meta description · sin coste de proveedor registrado · precio = escalera fija por diámetro, no verificado como PVP · peso = escalera fija por diámetro, no medido · stock 0 sin seguimiento (venta continua)"
10898624381261,oyl260416048-20-bmw,Juego de 4 llantas 20 pulgadas BMW – OYL260416048,OYL260416048,wheel-design-023,bmw,BMW *5后轮,20,11.0,5x120,35,74.1,MB,52.0,KILOGRAMS,999.00,,,0,CONTINUE,False,True,1,1,190,190,https://cdn.shopify.com/s/files/1/0995/6920/5581/files/wheel-design-023_6e66855b-bae7-4d70-8200-0c91ec2f1420.jpg,"Juego de llantas 20X11 BMW, referencia OYL260416048",llantas-20-pulgadas|llantas-bmw,5x120|bmw|color-mb|et-35|llantas|llantas-20,11,"Llantas 20"" BMW | Juego de 4","Juego de 4 llantas 20X11, 5X120, ET +35, compatible de forma orientativa con BMW *5后轮. Precio cerrado y entrega a domicilio.",DRAFT,ninguno,2026-09-18T16:18:22Z,60,"imagen 190x190 (por debajo de 800x800) · chino del proveedor visible en la descripción · chino del proveedor visible en la meta description · sin coste de proveedor registrado · precio = escalera fija por diámetro, no verificado como PVP · peso = escalera fija por diámetro, no medido · stock 0 sin seguimiento (venta continua)"
10898624446797,oyl260416049-20-bmw,Juego de 4 llantas 20 pulgadas BMW – OYL260416049,OYL260416049,wheel-design-024,bmw,BMW X5/X6,20,10.5,5x112,40,66.5,MB,52.0,KILOGRAMS,999.00,,,0,CONTINUE,False,True,1,1,158,158,https://cdn.shopify.com/s/files/1/0995/6920/5581/files/wheel-design-024_3a6cd131-c44a-4f89-bb12-d0a648a4fc1e.jpg,"Juego de llantas 20X10.5 BMW, referencia OYL260416049",llantas-20-pulgadas|llantas-bmw,5x112|bmw|color-mb|et-40|llantas|llantas-20,11,"Llantas 20"" BMW | Juego de 4","Juego de 4 llantas 20X10.5, 5X112, ET +40, compatible de forma orientativa con BMW X5/X6. Precio cerrado y entrega a domicilio.",DRAFT,ninguno,2026-09-18T16:18:22Z,75,"imagen 158x158 (por debajo de 800x800) · sin coste de proveedor registrado · precio = escalera fija por diámetro, no verificado como PVP · peso = escalera fija por diámetro, no medido · stock 0 sin seguimiento (venta continua)"
10898624545101,oyl260416050-20-bmw,Juego de 4 llantas 20 pulgadas BMW – OYL260416050,OYL260416050,wheel-design-024,bmw,BMW X5/X6,20,10.5,5x112,40,66.5,B,52.0,KILOGRAMS,999.00,,,0,CONTINUE,False,True,1,1,158,158,https://cdn.shopify.com/s/files/1/0995/6920/5581/files/wheel-design-024_369245cc-afe0-415c-9a26-5aa2abbe3cad.jpg,"Juego de llantas 20X10.5 BMW, referencia OYL260416050",llantas-20-pulgadas|llantas-bmw,5x112|bmw|color-b|et-40|llantas|llantas-20,11,"Llantas 20"" BMW | Juego de 4","Juego de 4 llantas 20X10.5, 5X112, ET +40, compatible de forma orientativa con BMW X5/X6. Precio cerrado y entrega a domicilio.",DRAFT,ninguno,2026-09-18T16:18:23Z,75,"imagen 158x158 (por debajo de 800x800) · sin coste de proveedor registrado · precio = escalera fija por diámetro, no verificado como PVP · peso = escalera fija por diámetro, no medido · stock 0 sin seguimiento (venta continua)"
10898624643405,oyl260416051-22-bmw,Juego de 4 llantas 22 pulgadas BMW – OYL260416051,OYL260416051,wheel-design-024,bmw,BMW X5X6,22,9.5,5x112,37,66.5,MB,60.0,KILOGRAMS,1249.00,,,0,CONTINUE,False,True,1,1,158,158,https://cdn.shopify.com/s/files/1/0995/6920/5581/files/wheel-design-024_ddf44797-ebaa-4f50-831d-068e4a05a0dc.jpg,"Juego de llantas 22X9.5 BMW, referencia OYL260416051",llantas-22-pulgadas|llantas-bmw,5x112|bmw|color-mb|et-37|llantas|llantas-22,11,"Llantas 22"" BMW | Juego de 4","Juego de 4 llantas 22X9.5, 5X112, ET +37, compatible de forma orientativa con BMW X5X6. Precio cerrado y entrega a domicilio.",DRAFT,ninguno,2026-09-18T16:18:23Z,75,"imagen 158x158 (por debajo de 800x800) · sin coste de proveedor registrado · precio = escalera fija por diámetro, no verificado como PVP · peso = escalera fija por diámetro, no medido · stock 0 sin seguimiento (venta continua)"
10898624774477,oyl260416052-22-bmw,Juego de 4 llantas 22 pulgadas BMW – OYL260416052,OYL260416052,wheel-design-025,bmw,BMW X5X6,22,9.5,5x120,37,74.1,MB,60.0,KILOGRAMS,1249.00,,,0,CONTINUE,False,True,1,1,186,160,https://cdn.shopify.com/s/files/1/0995/6920/5581/files/wheel-design-025_d252dd31-7876-41a2-b8a8-16892b315da2.png,"Juego de llantas 22X9.5 BMW, referencia OYL260416052",llantas-22-pulgadas|llantas-bmw,5x120|bmw|color-mb|et-37|llantas|llantas-22,11,"Llantas 22"" BMW | Juego de 4","Juego de 4 llantas 22X9.5, 5X120, ET +37, compatible de forma orientativa con BMW X5X6. Precio cerrado y entrega a domicilio.",DRAFT,ninguno,2026-09-18T16:18:24Z,75,"imagen 186x160 (por debajo de 800x800) · sin coste de proveedor registrado · precio = escalera fija por diámetro, no verificado como PVP · peso = escalera fija por diámetro, no medido · stock 0 sin seguimiento (venta continua)"
10898624840013,oyl260416053-22-bmw,Juego de 4 llantas 22 pulgadas BMW – OYL260416053,OYL260416053,wheel-design-025,bmw,BMW X5X6,22,9.5,5x120,37,74.1,B,60.0,KILOGRAMS,1249.00,,,0,CONTINUE,False,True,1,1,186,160,https://cdn.shopify.com/s/files/1/0995/6920/5581/files/wheel-design-025_1571ed12-f153-47ff-9bbc-c0a132a83eb3.png,"Juego de llantas 22X9.5 BMW, referencia OYL260416053",llantas-22-pulgadas|llantas-bmw,5x120|bmw|color-b|et-37|llantas|llantas-22,11,"Llantas 22"" BMW | Juego de 4","Juego de 4 llantas 22X9.5, 5X120, ET +37, compatible de forma orientativa con BMW X5X6. Precio cerrado y entrega a domicilio.",DRAFT,ninguno,2026-09-18T16:18:24Z,75,"imagen 186x160 (por debajo de 800x800) · sin coste de proveedor registrado · precio = escalera fija por diámetro, no verificado como PVP · peso = escalera fija por diámetro, no medido · stock 0 sin seguimiento (venta continua)"
10898624971085,oyl260416054-22-bmw,Juego de 4 llantas 22 pulgadas BMW – OYL260416054,OYL260416054,wheel-design-025,bmw,BMW X5X6,22,10.5,5x112,43,66.5,B,60.0,KILOGRAMS,1249.00,,,0,CONTINUE,False,True,1,1,186,160,https://cdn.shopify.com/s/files/1/0995/6920/5581/files/wheel-design-025_6495cefe-8b77-445f-b88f-6e7eb46aa1ca.png,"Juego de llantas 22X10.5 BMW, referencia OYL260416054",llantas-22-pulgadas|llantas-bmw,5x112|bmw|color-b|et-43|llantas|llantas-22,11,"Llantas 22"" BMW | Juego de 4","Juego de 4 llantas 22X10.5, 5X112, ET +43, compatible de forma orientativa con BMW X5X6. Precio cerrado y entrega a domicilio.",DRAFT,ninguno,2026-09-18T16:18:25Z,75,"imagen 186x160 (por debajo de 800x800) · sin coste de proveedor registrado · precio = escalera fija por diámetro, no verificado como PVP · peso = escalera fija por diámetro, no medido · stock 0 sin seguimiento (venta continua)"
10898625069389,oyl260416055-18-audi,Juego de 4 llantas 18 pulgadas Audi – OYL260416055,OYL260416055,wheel-design-026,audi,AUDI,18,8.0,5x112,35,66.5,MB,44.0,KILOGRAMS,799.00,,,0,CONTINUE,False,True,1,1,199,156,https://cdn.shopify.com/s/files/1/0995/6920/5581/files/wheel-design-026_cd57c487-f34a-4334-98f0-88a8a2563b01.png,"Juego de llantas 18X8.0 Audi, referencia OYL260416055",llantas-18-pulgadas|llantas-audi,5x112|audi|color-mb|et-35|llantas|llantas-18,11,"Llantas 18"" Audi | Juego de 4","Juego de 4 llantas 18X8.0, 5X112, ET +35, compatible de forma orientativa con AUDI. Precio cerrado y entrega a domicilio.",DRAFT,ninguno,2026-09-18T16:18:26Z,75,"imagen 199x156 (por debajo de 800x800) · sin coste de proveedor registrado · precio = escalera fija por diámetro, no verificado como PVP · peso = escalera fija por diámetro, no medido · stock 0 sin seguimiento (venta continua)"
10898625134925,oyl260416056-19-audi,Juego de 4 llantas 19 pulgadas Audi – OYL260416056,OYL260416056,wheel-design-026,audi,AUDIA3/4/5/6/7/8,19,8.5,5x112,35,66.45,MB,48.0,KILOGRAMS,899.00,,,0,CONTINUE,False,True,1,1,199,156,https://cdn.shopify.com/s/files/1/0995/6920/5581/files/wheel-design-026_1e405512-2b1a-45b8-9cd0-7a79e229b04a.png,"Juego de llantas 19X8.5 Audi, referencia OYL260416056",llantas-19-pulgadas|llantas-audi,5x112|audi|color-mb|et-35|llantas|llantas-19,11,"Llantas 19"" Audi | Juego de 4","Juego de 4 llantas 19X8.5, 5X112, ET +35, compatible de forma orientativa con AUDIA3/4/5/6/7/8. Precio cerrado y entrega a domicilio.",DRAFT,ninguno,2026-09-18T16:18:26Z,75,"imagen 199x156 (por debajo de 800x800) · sin coste de proveedor registrado · precio = escalera fija por diámetro, no verificado como PVP · peso = escalera fija por diámetro, no medido · stock 0 sin seguimiento (venta continua)"
10898625233229,oyl260416057-19-audi,Juego de 4 llantas 19 pulgadas Audi – OYL260416057,OYL260416057,wheel-design-027,audi,AUDIA3/4/5/6/7/8,19,8.5,5x112,35,66.45,MB,48.0,KILOGRAMS,899.00,,,0,CONTINUE,False,True,1,1,190,167,https://cdn.shopify.com/s/files/1/0995/6920/5581/files/wheel-design-027_c798c475-45aa-4ca3-b689-fc553f8a0cc0.jpg,"Juego de llantas 19X8.5 Audi, referencia OYL260416057",llantas-19-pulgadas|llantas-audi,5x112|audi|color-mb|et-35|llantas|llantas-19,11,"Llantas 19"" Audi | Juego de 4","Juego de 4 llantas 19X8.5, 5X112, ET +35, compatible de forma orientativa con AUDIA3/4/5/6/7/8. Precio cerrado y entrega a domicilio.",DRAFT,ninguno,2026-09-18T16:18:27Z,75,"imagen 190x167 (por debajo de 800x800) · sin coste de proveedor registrado · precio = escalera fija por diámetro, no verificado como PVP · peso = escalera fija por diámetro, no medido · stock 0 sin seguimiento (venta continua)"
10898625298765,oyl260416058-18-bmw,Juego de 4 llantas 18 pulgadas BMW – OYL260416058,OYL260416058,wheel-design-028,bmw,BMW 5系,18,8.0,5x120,30,72.6,MS,44.0,KILOGRAMS,799.00,,,0,CONTINUE,False,True,1,1,144,142,https://cdn.shopify.com/s/files/1/0995/6920/5581/files/wheel-design-028_7ddfa580-c546-48ec-a9bf-1d72183b3dd5.jpg,"Juego de llantas 18X8.0 BMW, referencia OYL260416058",llantas-18-pulgadas|llantas-bmw,5x120|bmw|color-ms|et-30|llantas|llantas-18,11,"Llantas 18"" BMW | Juego de 4","Juego de 4 llantas 18X8.0, 5X120, ET +30, compatible de forma orientativa con BMW 5系. Precio cerrado y entrega a domicilio.",DRAFT,ninguno,2026-09-18T16:18:27Z,60,"imagen 144x142 (por debajo de 800x800) · chino del proveedor visible en la descripción · chino del proveedor visible en la meta description · sin coste de proveedor registrado · precio = escalera fija por diámetro, no verificado como PVP · peso = escalera fija por diámetro, no medido · stock 0 sin seguimiento (venta continua)"
10898625397069,oyl260416059-17-audi,Juego de 4 llantas 17 pulgadas Audi – OYL260416059,OYL260416059,wheel-design-029,audi,AUDIA4/A6,17,7.5,5x112,35,66.45,MB,40.0,KILOGRAMS,699.00,,,0,CONTINUE,False,True,1,1,176,167,https://cdn.shopify.com/s/files/1/0995/6920/5581/files/wheel-design-029_51d875cf-512e-470f-84f7-6b9611613125.png,"Juego de llantas 17X7.5 Audi, referencia OYL260416059",llantas-17-pulgadas|llantas-audi,5x112|audi|color-mb|et-35|llantas|llantas-17,11,"Llantas 17"" Audi | Juego de 4","Juego de 4 llantas 17X7.5, 5X112, ET +35, compatible de forma orientativa con AUDIA4/A6. Precio cerrado y entrega a domicilio.",DRAFT,ninguno,2026-09-18T16:18:28Z,75,"imagen 176x167 (por debajo de 800x800) · sin coste de proveedor registrado · precio = escalera fija por diámetro, no verificado como PVP · peso = escalera fija por diámetro, no medido · stock 0 sin seguimiento (venta continua)"
10898625462605,oyl260416060-17-audi,Juego de 4 llantas 17 pulgadas Audi – OYL260416060,OYL260416060,wheel-design-029,audi,AUDIA4/A6,17,7.5,5x112,35,66.45,MG,40.0,KILOGRAMS,699.00,,,0,CONTINUE,False,True,1,1,176,167,https://cdn.shopify.com/s/files/1/0995/6920/5581/files/wheel-design-029_a9492e24-336c-42a0-a36a-4e79ce69615d.png,"Juego de llantas 17X7.5 Audi, referencia OYL260416060",llantas-17-pulgadas|llantas-audi,5x112|audi|color-mg|et-35|llantas|llantas-17,11,"Llantas 17"" Audi | Juego de 4","Juego de 4 llantas 17X7.5, 5X112, ET +35, compatible de forma orientativa con AUDIA4/A6. Precio cerrado y entrega a domicilio.",DRAFT,ninguno,2026-09-18T16:18:29Z,75,"imagen 176x167 (por debajo de 800x800) · sin coste de proveedor registrado · precio = escalera fija por diámetro, no verificado como PVP · peso = escalera fija por diámetro, no medido · stock 0 sin seguimiento (venta continua)"
10898625528141,oyl260416061-18-audi,Juego de 4 llantas 18 pulgadas Audi – OYL260416061,OYL260416061,wheel-design-029,audi,AUDIA6/A8,18,8.0,5x112,35,66.45,MB,44.0,KILOGRAMS,799.00,,,0,CONTINUE,False,True,1,1,176,167,https://cdn.shopify.com/s/files/1/0995/6920/5581/files/wheel-design-029_6300e57d-9a56-488f-89ca-ddb1ebb4e6c5.png,"Juego de llantas 18X8.0 Audi, referencia OYL260416061",llantas-18-pulgadas|llantas-audi,5x112|audi|color-mb|et-35|llantas|llantas-18,11,"Llantas 18"" Audi | Juego de 4","Juego de 4 llantas 18X8.0, 5X112, ET +35, compatible de forma orientativa con AUDIA6/A8. Precio cerrado y entrega a domicilio.",DRAFT,ninguno,2026-09-18T16:18:29Z,75,"imagen 176x167 (por debajo de 800x800) · sin coste de proveedor registrado · precio = escalera fija por diámetro, no verificado como PVP · peso = escalera fija por diámetro, no medido · stock 0 sin seguimiento (venta continua)"
10898625593677,oyl260416062-19-audi,Juego de 4 llantas 19 pulgadas Audi – OYL260416062,OYL260416062,wheel-design-029,audi,AUDIA6A8,19,8.5,5x112,35,66.45,MG,48.0,KILOGRAMS,899.00,,,0,CONTINUE,False,True,1,1,176,167,https://cdn.shopify.com/s/files/1/0995/6920/5581/files/wheel-design-029_99806223-2168-4ddb-8a22-57266f8acc76.png,"Juego de llantas 19X8.5 Audi, referencia OYL260416062",llantas-19-pulgadas|llantas-audi,5x112|audi|color-mg|et-35|llantas|llantas-19,11,"Llantas 19"" Audi | Juego de 4","Juego de 4 llantas 19X8.5, 5X112, ET +35, compatible de forma orientativa con AUDIA6A8. Precio cerrado y entrega a domicilio.",DRAFT,ninguno,2026-09-18T16:18:30Z,75,"imagen 176x167 (por debajo de 800x800) · sin coste de proveedor registrado · precio = escalera fija por diámetro, no verificado como PVP · peso = escalera fija por diámetro, no medido · stock 0 sin seguimiento (venta continua)"
10898625626445,oyl260416063-20-audi,Juego de 4 llantas 20 pulgadas Audi – OYL260416063,OYL260416063,wheel-design-029,audi,AUDIA6/A8,20,9.0,5x112,30,66.45,MG,52.0,KILOGRAMS,999.00,,,0,CONTINUE,False,True,1,1,176,167,https://cdn.shopify.com/s/files/1/0995/6920/5581/files/wheel-design-029_087b539b-a681-4749-a62b-6cf6ea10f8fb.png,"Juego de llantas 20X9.0 Audi, referencia OYL260416063",llantas-20-pulgadas|llantas-audi,5x112|audi|color-mg|et-30|llantas|llantas-20,11,"Llantas 20"" Audi | Juego de 4","Juego de 4 llantas 20X9.0, 5X112, ET +30, compatible de forma orientativa con AUDIA6/A8. Precio cerrado y entrega a domicilio.",DRAFT,ninguno,2026-09-18T16:18:30Z,75,"imagen 176x167 (por debajo de 800x800) · sin coste de proveedor registrado · precio = escalera fija por diámetro, no verificado como PVP · peso = escalera fija por diámetro, no medido · stock 0 sin seguimiento (venta continua)"
10898625691981,oyl260416064-20-audi,Juego de 4 llantas 20 pulgadas Audi – OYL260416064,OYL260416064,wheel-design-029,audi,AUDIA6/A8,20,9.0,5x112,30,66.45,MB,52.0,KILOGRAMS,999.00,,,0,CONTINUE,False,True,1,1,176,167,https://cdn.shopify.com/s/files/1/0995/6920/5581/files/wheel-design-029_4e201b25-930d-42a9-b1e7-7956f86048db.png,"Juego de llantas 20X9.0 Audi, referencia OYL260416064",llantas-20-pulgadas|llantas-audi,5x112|audi|color-mb|et-30|llantas|llantas-20,11,"Llantas 20"" Audi | Juego de 4","Juego de 4 llantas 20X9.0, 5X112, ET +30, compatible de forma orientativa con AUDIA6/A8. Precio cerrado y entrega a domicilio.",DRAFT,ninguno,2026-09-18T16:18:31Z,75,"imagen 176x167 (por debajo de 800x800) · sin coste de proveedor registrado · precio = escalera fija por diámetro, no verificado como PVP · peso = escalera fija por diámetro, no medido · stock 0 sin seguimiento (venta continua)"
10898625724749,oyl260416065-19-bmw,Juego de 4 llantas 19 pulgadas BMW – OYL260416065,OYL260416065,wheel-design-030,bmw,BMW,19,8.5,5x112,30,66.5,MB,48.0,KILOGRAMS,899.00,,,0,CONTINUE,False,True,1,1,204,188,https://cdn.shopify.com/s/files/1/0995/6920/5581/files/wheel-design-030_af971f5b-cc48-4d6b-bf68-b3fe39cdf69f.png,"Juego de llantas 19X8.5 BMW, referencia OYL260416065",llantas-19-pulgadas|llantas-bmw,5x112|bmw|color-mb|et-30|llantas|llantas-19,11,"Llantas 19"" BMW | Juego de 4","Juego de 4 llantas 19X8.5, 5X112, ET +30, compatible de forma orientativa con BMW. Precio cerrado y entrega a domicilio.",DRAFT,ninguno,2026-09-18T16:18:31Z,75,"imagen 204x188 (por debajo de 800x800) · sin coste de proveedor registrado · precio = escalera fija por diámetro, no verificado como PVP · peso = escalera fija por diámetro, no medido · stock 0 sin seguimiento (venta continua)"
10898625790285,oyl260416066-19-bmw,Juego de 4 llantas 19 pulgadas BMW – OYL260416066,OYL260416066,wheel-design-030,bmw,BMW,19,9.5,5x120,35,72.6,MB,48.0,KILOGRAMS,899.00,,,0,CONTINUE,False,True,1,1,204,188,https://cdn.shopify.com/s/files/1/0995/6920/5581/files/wheel-design-030_f3d310dd-5de2-46e8-ae84-7de3d07b14f4.png,"Juego de llantas 19X9.5 BMW, referencia OYL260416066",llantas-19-pulgadas|llantas-bmw,5x120|bmw|color-mb|et-35|llantas|llantas-19,11,"Llantas 19"" BMW | Juego de 4","Juego de 4 llantas 19X9.5, 5X120, ET +35, compatible de forma orientativa con BMW. Precio cerrado y entrega a domicilio.",DRAFT,ninguno,2026-09-18T16:18:32Z,75,"imagen 204x188 (por debajo de 800x800) · sin coste de proveedor registrado · precio = escalera fija por diámetro, no verificado como PVP · peso = escalera fija por diámetro, no medido · stock 0 sin seguimiento (venta continua)"
10898625823053,oyl260416067-20-bmw,Juego de 4 llantas 20 pulgadas BMW – OYL260416067,OYL260416067,wheel-design-030,bmw,BMW X5M/X6M,20,9.0,5x112,35,66.5,MB,52.0,KILOGRAMS,999.00,,,0,CONTINUE,False,True,1,1,204,188,https://cdn.shopify.com/s/files/1/0995/6920/5581/files/wheel-design-030_37dca5cb-faac-4799-8d8b-9b70c5790a1d.png,"Juego de llantas 20X9.0 BMW, referencia OYL260416067",llantas-20-pulgadas|llantas-bmw,5x112|bmw|color-mb|et-35|llantas|llantas-20,11,"Llantas 20"" BMW | Juego de 4","Juego de 4 llantas 20X9.0, 5X112, ET +35, compatible de forma orientativa con BMW X5M/X6M. Precio cerrado y entrega a domicilio.",DRAFT,ninguno,2026-09-18T16:18:32Z,75,"imagen 204x188 (por debajo de 800x800) · sin coste de proveedor registrado · precio = escalera fija por diámetro, no verificado como PVP · peso = escalera fija por diámetro, no medido · stock 0 sin seguimiento (venta continua)"
10898625888589,oyl260416068-20-bmw,Juego de 4 llantas 20 pulgadas BMW – OYL260416068,OYL260416068,wheel-design-030,bmw,BMW X5M/X6M,20,10.5,5x112,40,66.5,MB,52.0,KILOGRAMS,999.00,,,0,CONTINUE,False,True,1,1,204,188,https://cdn.shopify.com/s/files/1/0995/6920/5581/files/wheel-design-030_6a2200f8-6d16-494e-af1b-cdb69d73cce0.png,"Juego de llantas 20X10.5 BMW, referencia OYL260416068",llantas-20-pulgadas|llantas-bmw,5x112|bmw|color-mb|et-40|llantas|llantas-20,11,"Llantas 20"" BMW | Juego de 4","Juego de 4 llantas 20X10.5, 5X112, ET +40, compatible de forma orientativa con BMW X5M/X6M. Precio cerrado y entrega a domicilio.",DRAFT,ninguno,2026-09-18T16:18:33Z,75,"imagen 204x188 (por debajo de 800x800) · sin coste de proveedor registrado · precio = escalera fija por diámetro, no verificado como PVP · peso = escalera fija por diámetro, no medido · stock 0 sin seguimiento (venta continua)"
10898625954125,oyl260416069-20-bmw,Juego de 4 llantas 20 pulgadas BMW – OYL260416069,OYL260416069,wheel-design-030,bmw,BMW X5M/X6M,20,10.5,5x112,40,66.5,B,52.0,KILOGRAMS,999.00,,,0,CONTINUE,False,True,1,1,204,188,https://cdn.shopify.com/s/files/1/0995/6920/5581/files/wheel-design-030_ce57f9e9-0944-4bd3-bbc2-3afb6d7f26f7.png,"Juego de llantas 20X10.5 BMW, referencia OYL260416069",llantas-20-pulgadas|llantas-bmw,5x112|bmw|color-b|et-40|llantas|llantas-20,11,"Llantas 20"" BMW | Juego de 4","Juego de 4 llantas 20X10.5, 5X112, ET +40, compatible de forma orientativa con BMW X5M/X6M. Precio cerrado y entrega a domicilio.",DRAFT,ninguno,2026-09-18T16:18:34Z,75,"imagen 204x188 (por debajo de 800x800) · sin coste de proveedor registrado · precio = escalera fija por diámetro, no verificado como PVP · peso = escalera fija por diámetro, no medido · stock 0 sin seguimiento (venta continua)"
10898626019661,oyl260416070-20-bmw,Juego de 4 llantas 20 pulgadas BMW – OYL260416070,OYL260416070,wheel-design-030,bmw,BMW X5M/X6M,20,9.0,5x120,35,74.1,MB,52.0,KILOGRAMS,999.00,,,0,CONTINUE,False,True,1,1,204,188,https://cdn.shopify.com/s/files/1/0995/6920/5581/files/wheel-design-030_5c169912-e9af-48fe-8912-4576dc289c49.png,"Juego de llantas 20X9.0 BMW, referencia OYL260416070",llantas-20-pulgadas|llantas-bmw,5x120|bmw|color-mb|et-35|llantas|llantas-20,11,"Llantas 20"" BMW | Juego de 4","Juego de 4 llantas 20X9.0, 5X120, ET +35, compatible de forma orientativa con BMW X5M/X6M. Precio cerrado y entrega a domicilio.",DRAFT,ninguno,2026-09-18T16:18:34Z,75,"imagen 204x188 (por debajo de 800x800) · sin coste de proveedor registrado · precio = escalera fija por diámetro, no verificado como PVP · peso = escalera fija por diámetro, no medido · stock 0 sin seguimiento (venta continua)"
10898626085197,oyl260416071-20-bmw,Juego de 4 llantas 20 pulgadas BMW – OYL260416071,OYL260416071,wheel-design-030,bmw,BMW X5M/X6M,20,10.5,5x120,40,74.1,MB,52.0,KILOGRAMS,999.00,,,0,CONTINUE,False,True,1,1,204,188,https://cdn.shopify.com/s/files/1/0995/6920/5581/files/wheel-design-030_956bccf2-92d6-45db-b9aa-fce9f9caa03e.png,"Juego de llantas 20X10.5 BMW, referencia OYL260416071",llantas-20-pulgadas|llantas-bmw,5x120|bmw|color-mb|et-40|llantas|llantas-20,11,"Llantas 20"" BMW | Juego de 4","Juego de 4 llantas 20X10.5, 5X120, ET +40, compatible de forma orientativa con BMW X5M/X6M. Precio cerrado y entrega a domicilio.",DRAFT,ninguno,2026-09-18T16:18:35Z,75,"imagen 204x188 (por debajo de 800x800) · sin coste de proveedor registrado · precio = escalera fija por diámetro, no verificado como PVP · peso = escalera fija por diámetro, no medido · stock 0 sin seguimiento (venta continua)"
10898626117965,oyl260416072-20-bmw,Juego de 4 llantas 20 pulgadas BMW – OYL260416072,OYL260416072,wheel-design-030,bmw,BMW X5M/X6M,20,10.5,5x120,40,74.1,B,52.0,KILOGRAMS,999.00,,,0,CONTINUE,False,True,1,1,204,188,https://cdn.shopify.com/s/files/1/0995/6920/5581/files/wheel-design-030_4b7bcf93-5d68-4731-b2bd-6b2c81dd60e4.png,"Juego de llantas 20X10.5 BMW, referencia OYL260416072",llantas-20-pulgadas|llantas-bmw,5x120|bmw|color-b|et-40|llantas|llantas-20,11,"Llantas 20"" BMW | Juego de 4","Juego de 4 llantas 20X10.5, 5X120, ET +40, compatible de forma orientativa con BMW X5M/X6M. Precio cerrado y entrega a domicilio.",DRAFT,ninguno,2026-09-18T16:18:35Z,75,"imagen 204x188 (por debajo de 800x800) · sin coste de proveedor registrado · precio = escalera fija por diámetro, no verificado como PVP · peso = escalera fija por diámetro, no medido · stock 0 sin seguimiento (venta continua)"
10898626183501,oyl260416073-20-bmw,Juego de 4 llantas 20 pulgadas BMW – OYL260416073,OYL260416073,wheel-design-030,bmw,BMW X5M/X6M,20,10.5,5x112,40,66.5,MB+B,52.0,KILOGRAMS,999.00,,,0,CONTINUE,False,True,1,1,204,188,https://cdn.shopify.com/s/files/1/0995/6920/5581/files/wheel-design-030_1667c3a6-5bb0-455e-9693-55506ab1f9a7.png,"Juego de llantas 20X10.5 BMW, referencia OYL260416073",llantas-20-pulgadas|llantas-bmw,5x112|bmw|color-mb+b|et-40|llantas|llantas-20,11,"Llantas 20"" BMW | Juego de 4","Juego de 4 llantas 20X10.5, 5X112, ET +40, compatible de forma orientativa con BMW X5M/X6M. Precio cerrado y entrega a domicilio.",DRAFT,ninguno,2026-09-18T16:18:36Z,75,"imagen 204x188 (por debajo de 800x800) · sin coste de proveedor registrado · precio = escalera fija por diámetro, no verificado como PVP · peso = escalera fija por diámetro, no medido · stock 0 sin seguimiento (venta continua)"
10898626216269,oyl260416074-20-bmw,Juego de 4 llantas 20 pulgadas BMW – OYL260416074,OYL260416074,wheel-design-030,bmw,BMW X5M/X6M,20,10.5,5x120,40,74.1,MB+B,52.0,KILOGRAMS,999.00,,,0,CONTINUE,False,True,1,1,204,188,https://cdn.shopify.com/s/files/1/0995/6920/5581/files/wheel-design-030_535fb164-9e86-4484-a036-4cf74e3c03f2.png,"Juego de llantas 20X10.5 BMW, referencia OYL260416074",llantas-20-pulgadas|llantas-bmw,5x120|bmw|color-mb+b|et-40|llantas|llantas-20,11,"Llantas 20"" BMW | Juego de 4","Juego de 4 llantas 20X10.5, 5X120, ET +40, compatible de forma orientativa con BMW X5M/X6M. Precio cerrado y entrega a domicilio.",DRAFT,ninguno,2026-09-18T16:18:37Z,75,"imagen 204x188 (por debajo de 800x800) · sin coste de proveedor registrado · precio = escalera fija por diámetro, no verificado como PVP · peso = escalera fija por diámetro, no medido · stock 0 sin seguimiento (venta continua)"
10898626281805,oyl260416075-22-bmw,Juego de 4 llantas 22 pulgadas BMW – OYL260416075,OYL260416075,wheel-design-030,bmw,BMW X5M/X6M,22,9.5,5x112,37,66.56,MB,60.0,KILOGRAMS,1249.00,,,0,CONTINUE,False,True,1,1,204,188,https://cdn.shopify.com/s/files/1/0995/6920/5581/files/wheel-design-030_437e9dc2-d288-4d8e-aa43-860a27945509.png,"Juego de llantas 22X9.5 BMW, referencia OYL260416075",llantas-22-pulgadas|llantas-bmw,5x112|bmw|color-mb|et-37|llantas|llantas-22,11,"Llantas 22"" BMW | Juego de 4","Juego de 4 llantas 22X9.5, 5X112, ET +37, compatible de forma orientativa con BMW X5M/X6M. Precio cerrado y entrega a domicilio.",DRAFT,ninguno,2026-09-18T16:18:37Z,75,"imagen 204x188 (por debajo de 800x800) · sin coste de proveedor registrado · precio = escalera fija por diámetro, no verificado como PVP · peso = escalera fija por diámetro, no medido · stock 0 sin seguimiento (venta continua)"
10898626314573,oyl260416076-22-bmw,Juego de 4 llantas 22 pulgadas BMW – OYL260416076,OYL260416076,wheel-design-030,bmw,BMW X5M/X6M,22,10.5,5x112,43,66.56,MB,60.0,KILOGRAMS,1249.00,,,0,CONTINUE,False,True,1,1,204,188,https://cdn.shopify.com/s/files/1/0995/6920/5581/files/wheel-design-030_71d84a41-f631-4cbe-8e91-154b0f3fe801.png,"Juego de llantas 22X10.5 BMW, referencia OYL260416076",llantas-22-pulgadas|llantas-bmw,5x112|bmw|color-mb|et-43|llantas|llantas-22,11,"Llantas 22"" BMW | Juego de 4","Juego de 4 llantas 22X10.5, 5X112, ET +43, compatible de forma orientativa con BMW X5M/X6M. Precio cerrado y entrega a domicilio.",DRAFT,ninguno,2026-09-18T16:18:38Z,75,"imagen 204x188 (por debajo de 800x800) · sin coste de proveedor registrado · precio = escalera fija por diámetro, no verificado como PVP · peso = escalera fija por diámetro, no medido · stock 0 sin seguimiento (venta continua)"
10898626380109,oyl260416077-22-bmw,Juego de 4 llantas 22 pulgadas BMW – OYL260416077,OYL260416077,wheel-design-030,bmw,BMW X5M/X6M,22,9.5,5x112,37,66.56,B,60.0,KILOGRAMS,1249.00,,,0,CONTINUE,False,True,1,1,204,188,https://cdn.shopify.com/s/files/1/0995/6920/5581/files/wheel-design-030_9daabf2e-f850-4f49-bd26-3d825e182fda.png,"Juego de llantas 22X9.5 BMW, referencia OYL260416077",llantas-22-pulgadas|llantas-bmw,5x112|bmw|color-b|et-37|llantas|llantas-22,11,"Llantas 22"" BMW | Juego de 4","Juego de 4 llantas 22X9.5, 5X112, ET +37, compatible de forma orientativa con BMW X5M/X6M. Precio cerrado y entrega a domicilio.",DRAFT,ninguno,2026-09-18T16:18:38Z,75,"imagen 204x188 (por debajo de 800x800) · sin coste de proveedor registrado · precio = escalera fija por diámetro, no verificado como PVP · peso = escalera fija por diámetro, no medido · stock 0 sin seguimiento (venta continua)"
10898626445645,oyl260416078-22-bmw,Juego de 4 llantas 22 pulgadas BMW – OYL260416078,OYL260416078,wheel-design-030,bmw,BMW X5M/X6M,22,10.5,5x120,43,74.1,B,60.0,KILOGRAMS,1249.00,,,0,CONTINUE,False,True,1,1,204,188,https://cdn.shopify.com/s/files/1/0995/6920/5581/files/wheel-design-030_9355d857-90fe-4d7f-af59-88ddc0958684.png,"Juego de llantas 22X10.5 BMW, referencia OYL260416078",llantas-22-pulgadas|llantas-bmw,5x120|bmw|color-b|et-43|llantas|llantas-22,11,"Llantas 22"" BMW | Juego de 4","Juego de 4 llantas 22X10.5, 5X120, ET +43, compatible de forma orientativa con BMW X5M/X6M. Precio cerrado y entrega a domicilio.",DRAFT,ninguno,2026-09-18T16:18:39Z,75,"imagen 204x188 (por debajo de 800x800) · sin coste de proveedor registrado · precio = escalera fija por diámetro, no verificado como PVP · peso = escalera fija por diámetro, no medido · stock 0 sin seguimiento (venta continua)"
10898626478413,oyl260416079-22-bmw,Juego de 4 llantas 22 pulgadas BMW – OYL260416079,OYL260416079,wheel-design-030,bmw,BMW X5M/X6M,22,9.5,5x112,37,66.5,MB+B,60.0,KILOGRAMS,1249.00,,,0,CONTINUE,False,True,1,1,204,188,https://cdn.shopify.com/s/files/1/0995/6920/5581/files/wheel-design-030_2f512070-157a-479d-b0a1-79a6e1d4f158.png,"Juego de llantas 22X9.5 BMW, referencia OYL260416079",llantas-22-pulgadas|llantas-bmw,5x112|bmw|color-mb+b|et-37|llantas|llantas-22,11,"Llantas 22"" BMW | Juego de 4","Juego de 4 llantas 22X9.5, 5X112, ET +37, compatible de forma orientativa con BMW X5M/X6M. Precio cerrado y entrega a domicilio.",DRAFT,ninguno,2026-09-18T16:18:40Z,75,"imagen 204x188 (por debajo de 800x800) · sin coste de proveedor registrado · precio = escalera fija por diámetro, no verificado como PVP · peso = escalera fija por diámetro, no medido · stock 0 sin seguimiento (venta continua)"
10898626576717,oyl260416080-22-bmw,Juego de 4 llantas 22 pulgadas BMW – OYL260416080,OYL260416080,wheel-design-030,bmw,BMW X5M/X6M,22,10.5,5x120,43,74.1,MB+B,60.0,KILOGRAMS,1249.00,,,0,CONTINUE,False,True,1,1,204,188,https://cdn.shopify.com/s/files/1/0995/6920/5581/files/wheel-design-030_43249915-5ae9-4977-a3f0-dc3c39d3e8d0.png,"Juego de llantas 22X10.5 BMW, referencia OYL260416080",llantas-22-pulgadas|llantas-bmw,5x120|bmw|color-mb+b|et-43|llantas|llantas-22,11,"Llantas 22"" BMW | Juego de 4","Juego de 4 llantas 22X10.5, 5X120, ET +43, compatible de forma orientativa con BMW X5M/X6M. Precio cerrado y entrega a domicilio.",DRAFT,ninguno,2026-09-18T16:18:40Z,75,"imagen 204x188 (por debajo de 800x800) · sin coste de proveedor registrado · precio = escalera fija por diámetro, no verificado como PVP · peso = escalera fija por diámetro, no medido · stock 0 sin seguimiento (venta continua)"
10898626609485,oyl260416081-18-bmw,Juego de 4 llantas 18 pulgadas BMW – OYL260416081,OYL260416081,wheel-design-031,bmw,BMW 5系,18,8.0,5x112,30,66.56,S,44.0,KILOGRAMS,799.00,,,0,CONTINUE,False,True,1,1,167,156,https://cdn.shopify.com/s/files/1/0995/6920/5581/files/wheel-design-031_fce7b2fe-33c1-4611-9dca-265ec4fabe83.png,"Juego de llantas 18X8.0 BMW, referencia OYL260416081",llantas-18-pulgadas|llantas-bmw,5x112|bmw|color-s|et-30|llantas|llantas-18,11,"Llantas 18"" BMW | Juego de 4","Juego de 4 llantas 18X8.0, 5X112, ET +30, compatible de forma orientativa con BMW 5系. Precio cerrado y entrega a domicilio.",DRAFT,ninguno,2026-09-18T16:18:41Z,60,"imagen 167x156 (por debajo de 800x800) · chino del proveedor visible en la descripción · chino del proveedor visible en la meta description · sin coste de proveedor registrado · precio = escalera fija por diámetro, no verificado como PVP · peso = escalera fija por diámetro, no medido · stock 0 sin seguimiento (venta continua)"
10898626707789,oyl260416082-18-bmw,Juego de 4 llantas 18 pulgadas BMW – OYL260416082,OYL260416082,wheel-design-032,bmw,BMW 5系,18,8.0,5x120,30,72.6,S,44.0,KILOGRAMS,799.00,,,0,CONTINUE,False,True,1,1,163,156,https://cdn.shopify.com/s/files/1/0995/6920/5581/files/wheel-design-032_41143a3f-bbd0-46b5-a75c-30aeb4ff3192.png,"Juego de llantas 18X8.0 BMW, referencia OYL260416082",llantas-18-pulgadas|llantas-bmw,5x120|bmw|color-s|et-30|llantas|llantas-18,11,"Llantas 18"" BMW | Juego de 4","Juego de 4 llantas 18X8.0, 5X120, ET +30, compatible de forma orientativa con BMW 5系. Precio cerrado y entrega a domicilio.",DRAFT,ninguno,2026-09-18T16:18:41Z,60,"imagen 163x156 (por debajo de 800x800) · chino del proveedor visible en la descripción · chino del proveedor visible en la meta description · sin coste de proveedor registrado · precio = escalera fija por diámetro, no verificado como PVP · peso = escalera fija por diámetro, no medido · stock 0 sin seguimiento (venta continua)"
10898626740557,oyl260416083-18-bmw,Juego de 4 llantas 18 pulgadas BMW – OYL260416083,OYL260416083,wheel-design-033,bmw,BMW 5系,18,8.0,5x112,30,66.56,MG-D,44.0,KILOGRAMS,799.00,,,0,CONTINUE,False,True,1,1,170,156,https://cdn.shopify.com/s/files/1/0995/6920/5581/files/wheel-design-033_176c7df8-5c45-4c5f-bfbb-27d7a98e1598.png,"Juego de llantas 18X8.0 BMW, referencia OYL260416083",llantas-18-pulgadas|llantas-bmw,5x112|bmw|color-mg-d|et-30|llantas|llantas-18,11,"Llantas 18"" BMW | Juego de 4","Juego de 4 llantas 18X8.0, 5X112, ET +30, compatible de forma orientativa con BMW 5系. Precio cerrado y entrega a domicilio.",DRAFT,ninguno,2026-09-18T16:18:42Z,60,"imagen 170x156 (por debajo de 800x800) · chino del proveedor visible en la descripción · chino del proveedor visible en la meta description · sin coste de proveedor registrado · precio = escalera fija por diámetro, no verificado como PVP · peso = escalera fija por diámetro, no medido · stock 0 sin seguimiento (venta continua)"
10898626773325,oyl260416084-18-bmw,Juego de 4 llantas 18 pulgadas BMW – OYL260416084,OYL260416084,wheel-design-033,bmw,BMW 5系,18,8.0,5x112,30,66.56,MG,44.0,KILOGRAMS,799.00,,,0,CONTINUE,False,True,1,1,170,156,https://cdn.shopify.com/s/files/1/0995/6920/5581/files/wheel-design-033_25af0a47-a7a1-429e-982a-3c3266ad82e3.png,"Juego de llantas 18X8.0 BMW, referencia OYL260416084",llantas-18-pulgadas|llantas-bmw,5x112|bmw|color-mg|et-30|llantas|llantas-18,11,"Llantas 18"" BMW | Juego de 4","Juego de 4 llantas 18X8.0, 5X112, ET +30, compatible de forma orientativa con BMW 5系. Precio cerrado y entrega a domicilio.",DRAFT,ninguno,2026-09-18T16:18:43Z,60,"imagen 170x156 (por debajo de 800x800) · chino del proveedor visible en la descripción · chino del proveedor visible en la meta description · sin coste de proveedor registrado · precio = escalera fija por diámetro, no verificado como PVP · peso = escalera fija por diámetro, no medido · stock 0 sin seguimiento (venta continua)"
10898626806093,oyl260416085-17-bmw,Juego de 4 llantas 17 pulgadas BMW – OYL260416085,OYL260416085,wheel-design-034,bmw,BMW 3/5系,17,8.0,5x120,25,72.6,MB,40.0,KILOGRAMS,699.00,,,0,CONTINUE,False,True,1,1,165,160,https://cdn.shopify.com/s/files/1/0995/6920/5581/files/wheel-design-034_309bf903-7899-41be-8823-b9d5d77a79ad.png,"Juego de llantas 17X8.0 BMW, referencia OYL260416085",llantas-17-pulgadas|llantas-bmw,5x120|bmw|color-mb|et-25|llantas|llantas-17,11,"Llantas 17"" BMW | Juego de 4","Juego de 4 llantas 17X8.0, 5X120, ET +25, compatible de forma orientativa con BMW 3/5系. Precio cerrado y entrega a domicilio.",DRAFT,ninguno,2026-09-18T16:18:44Z,60,"imagen 165x160 (por debajo de 800x800) · chino del proveedor visible en la descripción · chino del proveedor visible en la meta description · sin coste de proveedor registrado · precio = escalera fija por diámetro, no verificado como PVP · peso = escalera fija por diámetro, no medido · stock 0 sin seguimiento (venta continua)"
10898626838861,oyl260416086-19-bmw,Juego de 4 llantas 19 pulgadas BMW – OYL260416086,OYL260416086,wheel-design-034,bmw,BMW 5系,19,8.0,5x120,30,72.56,MB,48.0,KILOGRAMS,899.00,,,0,CONTINUE,False,True,1,1,165,160,https://cdn.shopify.com/s/files/1/0995/6920/5581/files/wheel-design-034_dae3f041-c674-49dc-9e0b-065a8dd03b7c.png,"Juego de llantas 19X8.0 BMW, referencia OYL260416086",llantas-19-pulgadas|llantas-bmw,5x120|bmw|color-mb|et-30|llantas|llantas-19,11,"Llantas 19"" BMW | Juego de 4","Juego de 4 llantas 19X8.0, 5X120, ET +30, compatible de forma orientativa con BMW 5系. Precio cerrado y entrega a domicilio.",DRAFT,ninguno,2026-09-18T16:18:44Z,60,"imagen 165x160 (por debajo de 800x800) · chino del proveedor visible en la descripción · chino del proveedor visible en la meta description · sin coste de proveedor registrado · precio = escalera fija por diámetro, no verificado como PVP · peso = escalera fija por diámetro, no medido · stock 0 sin seguimiento (venta continua)"
10898626904397,oyl260416087-19-bmw,Juego de 4 llantas 19 pulgadas BMW – OYL260416087,OYL260416087,wheel-design-034,bmw,BMW 5系,19,8.0,5x120,30,72.56,B,48.0,KILOGRAMS,899.00,,,0,CONTINUE,False,True,1,1,165,160,https://cdn.shopify.com/s/files/1/0995/6920/5581/files/wheel-design-034_b850172d-7416-49f9-b290-c2d5ccdf63e8.png,"Juego de llantas 19X8.0 BMW, referencia OYL260416087",llantas-19-pulgadas|llantas-bmw,5x120|bmw|color-b|et-30|llantas|llantas-19,11,"Llantas 19"" BMW | Juego de 4","Juego de 4 llantas 19X8.0, 5X120, ET +30, compatible de forma orientativa con BMW 5系. Precio cerrado y entrega a domicilio.",DRAFT,ninguno,2026-09-18T16:18:45Z,60,"imagen 165x160 (por debajo de 800x800) · chino del proveedor visible en la descripción · chino del proveedor visible en la meta description · sin coste de proveedor registrado · precio = escalera fija por diámetro, no verificado como PVP · peso = escalera fija por diámetro, no medido · stock 0 sin seguimiento (venta continua)"
10898626969933,oyl260416088-18-mercedes-benz,Juego de 4 llantas 18 pulgadas Mercedes-Benz – OYL260416088,OYL260416088,wheel-design-035,mercedes-benz,BENZ E级,18,8.0,5x112,43,66.5,MG,44.0,KILOGRAMS,799.00,,,0,CONTINUE,False,True,1,1,154,156,https://cdn.shopify.com/s/files/1/0995/6920/5581/files/wheel-design-035_39e0d4cf-f642-4001-b73c-312f80e42cdd.png,"Juego de llantas 18X8.0 Mercedes-Benz, referencia OYL260416088",llantas-18-pulgadas|llantas-mercedes-benz,5x112|color-mg|et-43|llantas|llantas-18|mercedes-benz,11,"Llantas 18"" Mercedes-Benz | Juego de 4","Juego de 4 llantas 18X8.0, 5X112, ET +43, compatible de forma orientativa con BENZ E级. Precio cerrado y entrega a domicilio.",DRAFT,ninguno,2026-09-18T16:18:45Z,60,"imagen 154x156 (por debajo de 800x800) · chino del proveedor visible en la descripción · chino del proveedor visible en la meta description · sin coste de proveedor registrado · precio = escalera fija por diámetro, no verificado como PVP · peso = escalera fija por diámetro, no medido · stock 0 sin seguimiento (venta continua)"
10898627035469,oyl260416089-19-audi,Juego de 4 llantas 19 pulgadas Audi – OYL260416089,OYL260416089,wheel-design-036,audi,AUDIA6/A8,19,8.5,5x112,30,66.45,MG,48.0,KILOGRAMS,899.00,,,0,CONTINUE,False,True,1,1,190,167,https://cdn.shopify.com/s/files/1/0995/6920/5581/files/wheel-design-036_082edc50-938c-43db-939d-be6a09b9d401.png,Juego de 4 llantas 19 pulgadas Audi – OYL260416089,llantas-19-pulgadas|llantas-audi,5x112|audi|color-mg|et-30|llantas|llantas-19,11,"Llantas 19"" Audi | Juego de 4","Juego de 4 llantas 19X8.5, 5X112, ET +30, compatible de forma orientativa con AUDIA6/A8. Precio cerrado y entrega a domicilio.",DRAFT,ninguno,2026-09-18T16:18:46Z,75,"imagen 190x167 (por debajo de 800x800) · sin coste de proveedor registrado · precio = escalera fija por diámetro, no verificado como PVP · peso = escalera fija por diámetro, no medido · stock 0 sin seguimiento (venta continua)"
10898627101005,oyl260416090-19-audi,Juego de 4 llantas 19 pulgadas Audi – OYL260416090,OYL260416090,wheel-design-036,audi,AUDIA6/A8,19,8.5,5x112,30,66.45,MB,48.0,KILOGRAMS,899.00,,,0,CONTINUE,False,True,1,1,190,167,https://cdn.shopify.com/s/files/1/0995/6920/5581/files/wheel-design-036_30235fb2-f965-48e1-b6ef-ed2d6a9e32ac.png,"Juego de llantas 19X8.5 Audi, referencia OYL260416090",llantas-19-pulgadas|llantas-audi,5x112|audi|color-mb|et-30|llantas|llantas-19,11,"Llantas 19"" Audi | Juego de 4","Juego de 4 llantas 19X8.5, 5X112, ET +30, compatible de forma orientativa con AUDIA6/A8. Precio cerrado y entrega a domicilio.",DRAFT,ninguno,2026-09-18T16:18:46Z,75,"imagen 190x167 (por debajo de 800x800) · sin coste de proveedor registrado · precio = escalera fija por diámetro, no verificado como PVP · peso = escalera fija por diámetro, no medido · stock 0 sin seguimiento (venta continua)"
10898627133773,oyl260416091-20-audi,Juego de 4 llantas 20 pulgadas Audi – OYL260416091,OYL260416091,wheel-design-036,audi,AUDIA6/A8,20,9.0,5x112,30,66.45,MG,52.0,KILOGRAMS,999.00,,,0,CONTINUE,False,True,1,1,190,167,https://cdn.shopify.com/s/files/1/0995/6920/5581/files/wheel-design-036_4acb95fe-d362-4624-b5f6-86b712d7e6fa.png,"Juego de llantas 20X9.0 Audi, referencia OYL260416091",llantas-20-pulgadas|llantas-audi,5x112|audi|color-mg|et-30|llantas|llantas-20,11,"Llantas 20"" Audi | Juego de 4","Juego de 4 llantas 20X9.0, 5X112, ET +30, compatible de forma orientativa con AUDIA6/A8. Precio cerrado y entrega a domicilio.",DRAFT,ninguno,2026-09-18T16:18:47Z,75,"imagen 190x167 (por debajo de 800x800) · sin coste de proveedor registrado · precio = escalera fija por diámetro, no verificado como PVP · peso = escalera fija por diámetro, no medido · stock 0 sin seguimiento (venta continua)"
10898627232077,oyl260416092-20-audi,Juego de 4 llantas 20 pulgadas Audi – OYL260416092,OYL260416092,wheel-design-036,audi,AUDIA6/A8,20,9.0,5x112,30,66.45,MB,52.0,KILOGRAMS,999.00,,,0,CONTINUE,False,True,1,1,190,167,https://cdn.shopify.com/s/files/1/0995/6920/5581/files/wheel-design-036_cc467d4b-083c-42a4-b30d-96c7c67f840c.png,"Juego de llantas 20X9.0 Audi, referencia OYL260416092",llantas-20-pulgadas|llantas-audi,5x112|audi|color-mb|et-30|llantas|llantas-20,11,"Llantas 20"" Audi | Juego de 4","Juego de 4 llantas 20X9.0, 5X112, ET +30, compatible de forma orientativa con AUDIA6/A8. Precio cerrado y entrega a domicilio.",DRAFT,ninguno,2026-09-18T16:18:48Z,75,"imagen 190x167 (por debajo de 800x800) · sin coste de proveedor registrado · precio = escalera fija por diámetro, no verificado como PVP · peso = escalera fija por diámetro, no medido · stock 0 sin seguimiento (venta continua)"
10898627297613,oyl260416093-20-audi,Juego de 4 llantas 20 pulgadas Audi – OYL260416093,OYL260416093,wheel-design-037,audi,AUDIA6/A8,20,9.0,5x112,30,66.45,P,52.0,KILOGRAMS,999.00,,,0,CONTINUE,False,True,1,1,183,163,https://cdn.shopify.com/s/files/1/0995/6920/5581/files/wheel-design-037_efe718f4-31e6-454a-8158-8245f446c919.png,"Juego de llantas 20X9.0 Audi, referencia OYL260416093",llantas-20-pulgadas|llantas-audi,5x112|audi|color-p|et-30|llantas|llantas-20,11,"Llantas 20"" Audi | Juego de 4","Juego de 4 llantas 20X9.0, 5X112, ET +30, compatible de forma orientativa con AUDIA6/A8. Precio cerrado y entrega a domicilio.",DRAFT,ninguno,2026-09-18T16:18:48Z,75,"imagen 183x163 (por debajo de 800x800) · sin coste de proveedor registrado · precio = escalera fija por diámetro, no verificado como PVP · peso = escalera fija por diámetro, no medido · stock 0 sin seguimiento (venta continua)"
10898627330381,oyl260416094-17-audi,Juego de 4 llantas 17 pulgadas Audi – OYL260416094,OYL260416094,wheel-design-038,audi,AUDIA6/A8,17,7.5,5x112,35,66.45,MB+L,40.0,KILOGRAMS,699.00,,,0,CONTINUE,False,True,1,1,927,899,https://cdn.shopify.com/s/files/1/0995/6920/5581/files/wheel-design-038_e859722e-fb04-406a-a560-0c3d2875d6c1.png,"Juego de llantas 17X7.5 Audi, referencia OYL260416094",llantas-17-pulgadas|llantas-audi,5x112|audi|color-mb+l|et-35|llantas|llantas-17,11,"Llantas 17"" Audi | Juego de 4","Juego de 4 llantas 17X7.5, 5X112, ET +35, compatible de forma orientativa con AUDIA6/A8. Precio cerrado y entrega a domicilio.",DRAFT,ninguno,2026-09-18T16:18:49Z,100,"sin coste de proveedor registrado · precio = escalera fija por diámetro, no verificado como PVP · peso = escalera fija por diámetro, no medido · stock 0 sin seguimiento (venta continua)"
10898627395917,oyl260416095-17-vehiculos-europeos,Juego de 4 llantas 17 pulgadas Vehículos europeos – OYL260416095,OYL260416095,wheel-design-038,,Consultar,17,7.5,5x112,,66.5,,40.0,KILOGRAMS,699.00,,,0,CONTINUE,False,True,1,1,927,899,https://cdn.shopify.com/s/files/1/0995/6920/5581/files/wheel-design-038_92a1b733-efe6-4a82-a00c-59499549ee63.png,"Juego de llantas 17X7.5 Vehículos europeos, referencia OYL260416095",llantas-17-pulgadas,5x112|color-|et-实际38打印42|llantas|llantas-17|vehículos-europeos,10,"Llantas 17"" Vehículos europeos | Juego de 4","Juego de 4 llantas 17X7.5, 5X112, ET 实际38打印42, compatible de forma orientativa con Vehículos europeos. Precio cerrado y entrega a domicilio.",DRAFT,ninguno,2026-09-18T16:18:50Z,75,"chino del proveedor visible en la descripción · chino del proveedor visible en la meta description · ET ausente · sin coste de proveedor registrado · precio = escalera fija por diámetro, no verificado como PVP · peso = escalera fija por diámetro, no medido · stock 0 sin seguimiento (venta continua)"
10898627461453,oyl260416096-18-audi,Juego de 4 llantas 18 pulgadas Audi – OYL260416096,OYL260416096,wheel-design-038,audi,AUDIA6/A8,18,8.0,5x112,35,66.45,MB+L,44.0,KILOGRAMS,799.00,,,0,CONTINUE,False,True,1,1,927,899,https://cdn.shopify.com/s/files/1/0995/6920/5581/files/wheel-design-038_cde510bb-de6d-4820-b51f-f36a7f4a98e0.png,"Juego de llantas 18X8.0 Audi, referencia OYL260416096",llantas-18-pulgadas|llantas-audi,5x112|audi|color-mb+l|et-35|llantas|llantas-18,11,"Llantas 18"" Audi | Juego de 4","Juego de 4 llantas 18X8.0, 5X112, ET +35, compatible de forma orientativa con AUDIA6/A8. Precio cerrado y entrega a domicilio.",DRAFT,ninguno,2026-09-18T16:18:50Z,100,"sin coste de proveedor registrado · precio = escalera fija por diámetro, no verificado como PVP · peso = escalera fija por diámetro, no medido · stock 0 sin seguimiento (venta continua)"
10898627526989,oyl260416097-18-audi,Juego de 4 llantas 18 pulgadas Audi – OYL260416097,OYL260416097,wheel-design-038,audi,AUDIA6/A8,18,8.0,5x112,35,66.45,YBZ,44.0,KILOGRAMS,799.00,,,0,CONTINUE,False,True,1,1,927,899,https://cdn.shopify.com/s/files/1/0995/6920/5581/files/wheel-design-038_01eb7669-2b83-4b59-8259-d9ada999a5db.png,"Juego de llantas 18X8.0 Audi, referencia OYL260416097",llantas-18-pulgadas|llantas-audi,5x112|audi|color-ybz|et-35|llantas|llantas-18,11,"Llantas 18"" Audi | Juego de 4","Juego de 4 llantas 18X8.0, 5X112, ET +35, compatible de forma orientativa con AUDIA6/A8. Precio cerrado y entrega a domicilio.",DRAFT,ninguno,2026-09-18T16:18:51Z,100,"sin coste de proveedor registrado · precio = escalera fija por diámetro, no verificado como PVP · peso = escalera fija por diámetro, no medido · stock 0 sin seguimiento (venta continua)"
10898627592525,oyl260416098-18-vehiculos-europeos,Juego de 4 llantas 18 pulgadas Vehículos europeos – OYL260416098,OYL260416098,wheel-design-038,,Consultar,18,8.0,5x112,,66.5,,44.0,KILOGRAMS,799.00,,,0,CONTINUE,False,True,1,1,927,899,https://cdn.shopify.com/s/files/1/0995/6920/5581/files/wheel-design-038_39bba82e-d76f-4aa2-97d4-bba6b6412248.png,"Juego de llantas 18X8.0 Vehículos europeos, referencia OYL260416098",llantas-18-pulgadas,5x112|color-|et-实际38打印42|llantas|llantas-18|vehículos-europeos,10,"Llantas 18"" Vehículos europeos | Juego de 4","Juego de 4 llantas 18X8.0, 5X112, ET 实际38打印42, compatible de forma orientativa con Vehículos europeos. Precio cerrado y entrega a domicilio.",DRAFT,ninguno,2026-09-18T16:18:51Z,75,"chino del proveedor visible en la descripción · chino del proveedor visible en la meta description · ET ausente · sin coste de proveedor registrado · precio = escalera fija por diámetro, no verificado como PVP · peso = escalera fija por diámetro, no medido · stock 0 sin seguimiento (venta continua)"
10898627625293,oyl260416099-19-audi,Juego de 4 llantas 19 pulgadas Audi – OYL260416099,OYL260416099,wheel-design-038,audi,AUDIA6/A8,19,8.5,5x112,30,66.45,MB+L,48.0,KILOGRAMS,899.00,,,0,CONTINUE,False,True,1,1,927,899,https://cdn.shopify.com/s/files/1/0995/6920/5581/files/wheel-design-038_8d61c48d-08bb-409c-9da3-3eb0ef4a4971.png,"Juego de llantas 19X8.5 Audi, referencia OYL260416099",llantas-19-pulgadas|llantas-audi,5x112|audi|color-mb+l|et-30|llantas|llantas-19,11,"Llantas 19"" Audi | Juego de 4","Juego de 4 llantas 19X8.5, 5X112, ET +30, compatible de forma orientativa con AUDIA6/A8. Precio cerrado y entrega a domicilio.",DRAFT,ninguno,2026-09-18T16:18:52Z,100,"sin coste de proveedor registrado · precio = escalera fija por diámetro, no verificado como PVP · peso = escalera fija por diámetro, no medido · stock 0 sin seguimiento (venta continua)"
10898627658061,oyl260416100-20-audi,Juego de 4 llantas 20 pulgadas Audi – OYL260416100,OYL260416100,wheel-design-038,audi,AUDIA6/A8,20,9.0,5x112,30,66.45,MB+L,52.0,KILOGRAMS,999.00,,,0,CONTINUE,False,True,1,1,927,899,https://cdn.shopify.com/s/files/1/0995/6920/5581/files/wheel-design-038_28c1acf0-c137-492d-9312-24f844f22ffc.png,"Juego de llantas 20X9.0 Audi, referencia OYL260416100",llantas-20-pulgadas|llantas-audi,5x112|audi|color-mb+l|et-30|llantas|llantas-20,11,"Llantas 20"" Audi | Juego de 4","Juego de 4 llantas 20X9.0, 5X112, ET +30, compatible de forma orientativa con AUDIA6/A8. Precio cerrado y entrega a domicilio.",DRAFT,ninguno,2026-09-18T16:18:53Z,100,"sin coste de proveedor registrado · precio = escalera fija por diámetro, no verificado como PVP · peso = escalera fija por diámetro, no medido · stock 0 sin seguimiento (venta continua)"
10898627723597,oyl260416101-21-audi,Juego de 4 llantas 21 pulgadas Audi – OYL260416101,OYL260416101,wheel-design-038,audi,AUDIA6/A8,21,9.0,5x112,25,66.5,MB+L,56.0,KILOGRAMS,1099.00,,,0,CONTINUE,False,True,1,1,927,899,https://cdn.shopify.com/s/files/1/0995/6920/5581/files/wheel-design-038_83c576f2-b856-4413-ba40-bec34b25467c.png,"Juego de llantas 21X9.0 Audi, referencia OYL260416101",llantas-21-pulgadas|llantas-audi,5x112|audi|color-mb+l|et-25|llantas|llantas-21,11,"Llantas 21"" Audi | Juego de 4","Juego de 4 llantas 21X9.0, 5X112, ET +25, compatible de forma orientativa con AUDIA6/A8. Precio cerrado y entrega a domicilio.",DRAFT,ninguno,2026-09-18T16:18:53Z,100,"sin coste de proveedor registrado · precio = escalera fija por diámetro, no verificado como PVP · peso = escalera fija por diámetro, no medido · stock 0 sin seguimiento (venta continua)"
10898627756365,oyl260416102-20-audi,Juego de 4 llantas 20 pulgadas Audi – OYL260416102,OYL260416102,wheel-design-039,audi,AUDIQ8,20,9.0,5x112,30,66.45,MB,52.0,KILOGRAMS,999.00,,,0,CONTINUE,False,True,1,1,890,899,https://cdn.shopify.com/s/files/1/0995/6920/5581/files/wheel-design-039_e180fafe-1a49-407b-aa13-bf0edfe2d614.png,Juego de 4 llantas 20 pulgadas Audi – OYL260416102,llantas-20-pulgadas|llantas-audi,5x112|audi|color-mb|et-30|llantas|llantas-20,11,"Llantas 20"" Audi | Juego de 4","Juego de 4 llantas 20X9.0, 5X112, ET +30, compatible de forma orientativa con AUDIQ8. Precio cerrado y entrega a domicilio.",DRAFT,ninguno,2026-09-18T16:18:54Z,100,"sin coste de proveedor registrado · precio = escalera fija por diámetro, no verificado como PVP · peso = escalera fija por diámetro, no medido · stock 0 sin seguimiento (venta continua)"
10898627789133,oyl260416103-23-audi,Juego de 4 llantas 23 pulgadas Audi – OYL260416103,OYL260416103,wheel-design-039,audi,AUDIQ8,23,10.0,5x112,20,66.5,B,64.0,KILOGRAMS,1399.00,,,0,CONTINUE,False,True,1,1,890,899,https://cdn.shopify.com/s/files/1/0995/6920/5581/files/wheel-design-039_32453468-fe8f-4007-b2c0-31992d382a0b.png,Juego de 4 llantas 23 pulgadas Audi – OYL260416103,llantas-23-pulgadas|llantas-audi,5x112|audi|color-b|et-20|llantas|llantas-23,11,"Llantas 23"" Audi | Juego de 4","Juego de 4 llantas 23X10, 5X112, ET +20, compatible de forma orientativa con AUDIQ8. Precio cerrado y entrega a domicilio.",DRAFT,ninguno,2026-09-18T16:18:54Z,100,"sin coste de proveedor registrado · precio = escalera fija por diámetro, no verificado como PVP · peso = escalera fija por diámetro, no medido · stock 0 sin seguimiento (venta continua)"
10898627821901,oyl260416104-18-mercedes-benz,Juego de 4 llantas 18 pulgadas Mercedes-Benz – OYL260416104,OYL260416104,wheel-design-040,mercedes-benz,BENZ S级新,18,8.0,5x112,36,66.5,MB,44.0,KILOGRAMS,799.00,,,0,CONTINUE,False,True,1,1,916,873,https://cdn.shopify.com/s/files/1/0995/6920/5581/files/wheel-design-040_34184ea2-a495-4635-8a13-e143bc3ad903.png,"Juego de llantas 18X8.0 Mercedes-Benz, referencia OYL260416104",llantas-18-pulgadas|llantas-mercedes-benz,5x112|color-mb|et-36|llantas|llantas-18|mercedes-benz,11,"Llantas 18"" Mercedes-Benz | Juego de 4","Juego de 4 llantas 18X8.0, 5X112, ET +36, compatible de forma orientativa con BENZ S级新. Precio cerrado y entrega a domicilio.",DRAFT,ninguno,2026-09-18T16:18:55Z,85,"chino del proveedor visible en la descripción · chino del proveedor visible en la meta description · sin coste de proveedor registrado · precio = escalera fija por diámetro, no verificado como PVP · peso = escalera fija por diámetro, no medido · stock 0 sin seguimiento (venta continua)"
10898627854669,oyl260416105-18-mercedes-benz,Juego de 4 llantas 18 pulgadas Mercedes-Benz – OYL260416105,OYL260416105,wheel-design-040,mercedes-benz,BENZ S级新,18,9.0,5x112,42,66.5,MB,44.0,KILOGRAMS,799.00,,,0,CONTINUE,False,True,1,1,916,873,https://cdn.shopify.com/s/files/1/0995/6920/5581/files/wheel-design-040_b109675a-9cc5-4939-8ffd-221fc7a54dd9.png,"Juego de llantas 18X9.0 Mercedes-Benz, referencia OYL260416105",llantas-18-pulgadas|llantas-mercedes-benz,5x112|color-mb|et-42|llantas|llantas-18|mercedes-benz,11,"Llantas 18"" Mercedes-Benz | Juego de 4","Juego de 4 llantas 18X9.0, 5X112, ET +42, compatible de forma orientativa con BENZ S级新. Precio cerrado y entrega a domicilio.",DRAFT,ninguno,2026-09-18T16:18:55Z,85,"chino del proveedor visible en la descripción · chino del proveedor visible en la meta description · sin coste de proveedor registrado · precio = escalera fija por diámetro, no verificado como PVP · peso = escalera fija por diámetro, no medido · stock 0 sin seguimiento (venta continua)"
10898627887437,oyl260416106-18-mercedes-benz,Juego de 4 llantas 18 pulgadas Mercedes-Benz – OYL260416106,OYL260416106,wheel-design-040,mercedes-benz,BENZ S级新,18,8.0,5x112,36,66.5,MG,44.0,KILOGRAMS,799.00,,,0,CONTINUE,False,True,1,1,916,873,https://cdn.shopify.com/s/files/1/0995/6920/5581/files/wheel-design-040_b231b023-e384-4e95-8bd2-51e3c3cdb41b.png,"Juego de llantas 18X8.0 Mercedes-Benz, referencia OYL260416106",llantas-18-pulgadas|llantas-mercedes-benz,5x112|color-mg|et-36|llantas|llantas-18|mercedes-benz,11,"Llantas 18"" Mercedes-Benz | Juego de 4","Juego de 4 llantas 18X8.0, 5X112, ET +36, compatible de forma orientativa con BENZ S级新. Precio cerrado y entrega a domicilio.",DRAFT,ninguno,2026-09-18T16:18:56Z,85,"chino del proveedor visible en la descripción · chino del proveedor visible en la meta description · sin coste de proveedor registrado · precio = escalera fija por diámetro, no verificado como PVP · peso = escalera fija por diámetro, no medido · stock 0 sin seguimiento (venta continua)"
10898627952973,oyl260416107-18-mercedes-benz,Juego de 4 llantas 18 pulgadas Mercedes-Benz – OYL260416107,OYL260416107,wheel-design-040,mercedes-benz,BENZ S级新,18,9.0,5x112,42,66.5,MG,44.0,KILOGRAMS,799.00,,,0,CONTINUE,False,True,1,1,916,873,https://cdn.shopify.com/s/files/1/0995/6920/5581/files/wheel-design-040_1148eb1d-321a-4fea-9d40-ab43f052d996.png,Juego de 4 llantas 18 pulgadas Mercedes-Benz – OYL260416107,llantas-18-pulgadas|llantas-mercedes-benz,5x112|color-mg|et-42|llantas|llantas-18|mercedes-benz,11,"Llantas 18"" Mercedes-Benz | Juego de 4","Juego de 4 llantas 18X9.0, 5X112, ET +42, compatible de forma orientativa con BENZ S级新. Precio cerrado y entrega a domicilio.",DRAFT,ninguno,2026-09-18T16:18:57Z,85,"chino del proveedor visible en la descripción · chino del proveedor visible en la meta description · sin coste de proveedor registrado · precio = escalera fija por diámetro, no verificado como PVP · peso = escalera fija por diámetro, no medido · stock 0 sin seguimiento (venta continua)"
10898628018509,oyl260416108-19-mercedes-benz,Juego de 4 llantas 19 pulgadas Mercedes-Benz – OYL260416108,OYL260416108,wheel-design-040,mercedes-benz,BENZ S级新,19,9.5,5x112,43,66.5,MG,48.0,KILOGRAMS,899.00,,,0,CONTINUE,False,True,1,1,916,873,https://cdn.shopify.com/s/files/1/0995/6920/5581/files/wheel-design-040_767655f8-c2b7-4acc-ba2b-100db646d5e9.png,"Juego de llantas 19X9.5 Mercedes-Benz, referencia OYL260416108",llantas-19-pulgadas|llantas-mercedes-benz,5x112|color-mg|et-43|llantas|llantas-19|mercedes-benz,11,"Llantas 19"" Mercedes-Benz | Juego de 4","Juego de 4 llantas 19X9.5, 5X112, ET +43, compatible de forma orientativa con BENZ S级新. Precio cerrado y entrega a domicilio.",DRAFT,ninguno,2026-09-18T16:18:57Z,85,"chino del proveedor visible en la descripción · chino del proveedor visible en la meta description · sin coste de proveedor registrado · precio = escalera fija por diámetro, no verificado como PVP · peso = escalera fija por diámetro, no medido · stock 0 sin seguimiento (venta continua)"
10898628051277,oyl260416109-19-mercedes-benz,Juego de 4 llantas 19 pulgadas Mercedes-Benz – OYL260416109,OYL260416109,wheel-design-040,mercedes-benz,BENZ S级新,19,9.5,5x112,43,66.5,MB,48.0,KILOGRAMS,899.00,,,0,CONTINUE,False,True,1,1,916,873,https://cdn.shopify.com/s/files/1/0995/6920/5581/files/wheel-design-040_0215516e-0ef2-4c1f-9620-26fcf023ff55.png,"Juego de llantas 19X9.5 Mercedes-Benz, referencia OYL260416109",llantas-19-pulgadas|llantas-mercedes-benz,5x112|color-mb|et-43|llantas|llantas-19|mercedes-benz,11,"Llantas 19"" Mercedes-Benz | Juego de 4","Juego de 4 llantas 19X9.5, 5X112, ET +43, compatible de forma orientativa con BENZ S级新. Precio cerrado y entrega a domicilio.",DRAFT,ninguno,2026-09-18T16:18:58Z,85,"chino del proveedor visible en la descripción · chino del proveedor visible en la meta description · sin coste de proveedor registrado · precio = escalera fija por diámetro, no verificado como PVP · peso = escalera fija por diámetro, no medido · stock 0 sin seguimiento (venta continua)"
10898628116813,oyl260416110-20-mercedes-benz,Juego de 4 llantas 20 pulgadas Mercedes-Benz – OYL260416110,OYL260416110,wheel-design-040,mercedes-benz,BENZ S级新,20,8.5,5x112,36,66.5,MG,52.0,KILOGRAMS,999.00,,,0,CONTINUE,False,True,1,1,916,873,https://cdn.shopify.com/s/files/1/0995/6920/5581/files/wheel-design-040_3f4cfd55-563d-440e-9a6c-9a42d481d256.png,Juego de 4 llantas 20 pulgadas Mercedes-Benz – OYL260416110,llantas-20-pulgadas|llantas-mercedes-benz,5x112|color-mg|et-36|llantas|llantas-20|mercedes-benz,11,"Llantas 20"" Mercedes-Benz | Juego de 4","Juego de 4 llantas 20X8.5, 5X112, ET +36, compatible de forma orientativa con BENZ S级新. Precio cerrado y entrega a domicilio.",DRAFT,ninguno,2026-09-18T16:18:58Z,85,"chino del proveedor visible en la descripción · chino del proveedor visible en la meta description · sin coste de proveedor registrado · precio = escalera fija por diámetro, no verificado como PVP · peso = escalera fija por diámetro, no medido · stock 0 sin seguimiento (venta continua)"
10898628215117,oyl260416111-20-mercedes-benz,Juego de 4 llantas 20 pulgadas Mercedes-Benz – OYL260416111,OYL260416111,wheel-design-040,mercedes-benz,BENZ S级新,20,8.5,5x112,36,66.5,MB,52.0,KILOGRAMS,999.00,,,0,CONTINUE,False,True,1,1,916,873,https://cdn.shopify.com/s/files/1/0995/6920/5581/files/wheel-design-040_b29d34a1-6e0a-414e-8e0e-66ee2bb2aca1.png,"Juego de llantas 20X8.5 Mercedes-Benz, referencia OYL260416111",llantas-20-pulgadas|llantas-mercedes-benz,5x112|color-mb|et-36|llantas|llantas-20|mercedes-benz,11,"Llantas 20"" Mercedes-Benz | Juego de 4","Juego de 4 llantas 20X8.5, 5X112, ET +36, compatible de forma orientativa con BENZ S级新. Precio cerrado y entrega a domicilio.",DRAFT,ninguno,2026-09-18T16:18:59Z,85,"chino del proveedor visible en la descripción · chino del proveedor visible en la meta description · sin coste de proveedor registrado · precio = escalera fija por diámetro, no verificado como PVP · peso = escalera fija por diámetro, no medido · stock 0 sin seguimiento (venta continua)"
10898628247885,oyl260416112-20-mercedes-benz,Juego de 4 llantas 20 pulgadas Mercedes-Benz – OYL260416112,OYL260416112,wheel-design-040,mercedes-benz,BENZ S级新,20,9.5,5x112,43,66.5,MB,52.0,KILOGRAMS,999.00,,,0,CONTINUE,False,True,1,1,916,873,https://cdn.shopify.com/s/files/1/0995/6920/5581/files/wheel-design-040_6be9d283-0302-41de-9468-fdf63bec6f82.png,Juego de 4 llantas 20 pulgadas Mercedes-Benz – OYL260416112,llantas-20-pulgadas|llantas-mercedes-benz,5x112|color-mb|et-43|llantas|llantas-20|mercedes-benz,11,"Llantas 20"" Mercedes-Benz | Juego de 4","Juego de 4 llantas 20X9.5, 5X112, ET +43, compatible de forma orientativa con BENZ S级新. Precio cerrado y entrega a domicilio.",DRAFT,ninguno,2026-09-18T16:18:59Z,85,"chino del proveedor visible en la descripción · chino del proveedor visible en la meta description · sin coste de proveedor registrado · precio = escalera fija por diámetro, no verificado como PVP · peso = escalera fija por diámetro, no medido · stock 0 sin seguimiento (venta continua)"
10898628313421,oyl260416113-18-mercedes-benz,Juego de 4 llantas 18 pulgadas Mercedes-Benz – OYL260416113,OYL260416113,wheel-design-041,mercedes-benz,BENZ E级,18,8.0,5x112,40,66.5,MBI,44.0,KILOGRAMS,799.00,,,0,CONTINUE,False,True,1,1,893,890,https://cdn.shopify.com/s/files/1/0995/6920/5581/files/wheel-design-041_64e4b67f-647d-4462-a87b-122a32ae4c14.png,"Juego de llantas 18X8.0 Mercedes-Benz, referencia OYL260416113",llantas-18-pulgadas|llantas-mercedes-benz,5x112|color-mbi|et-40|llantas|llantas-18|mercedes-benz,11,"Llantas 18"" Mercedes-Benz | Juego de 4","Juego de 4 llantas 18X8.0, 5X112, ET +40, compatible de forma orientativa con BENZ E级. Precio cerrado y entrega a domicilio.",DRAFT,ninguno,2026-09-18T16:19:00Z,85,"chino del proveedor visible en la descripción · chino del proveedor visible en la meta description · sin coste de proveedor registrado · precio = escalera fija por diámetro, no verificado como PVP · peso = escalera fija por diámetro, no medido · stock 0 sin seguimiento (venta continua)"
10898628346189,oyl260416114-18-mercedes-benz,Juego de 4 llantas 18 pulgadas Mercedes-Benz – OYL260416114,OYL260416114,wheel-design-041,mercedes-benz,BENZ E级,18,9.0,5x112,45,66.5,MBI,44.0,KILOGRAMS,799.00,,,0,CONTINUE,False,True,1,1,893,890,https://cdn.shopify.com/s/files/1/0995/6920/5581/files/wheel-design-041_7c206ecd-6043-42dd-bfa2-9a77b15b78f7.png,"Juego de llantas 18X9.0 Mercedes-Benz, referencia OYL260416114",llantas-18-pulgadas|llantas-mercedes-benz,5x112|color-mbi|et-45|llantas|llantas-18|mercedes-benz,11,"Llantas 18"" Mercedes-Benz | Juego de 4","Juego de 4 llantas 18X9.0, 5X112, ET +45, compatible de forma orientativa con BENZ E级. Precio cerrado y entrega a domicilio.",DRAFT,ninguno,2026-09-18T16:19:01Z,85,"chino del proveedor visible en la descripción · chino del proveedor visible en la meta description · sin coste de proveedor registrado · precio = escalera fija por diámetro, no verificado como PVP · peso = escalera fija por diámetro, no medido · stock 0 sin seguimiento (venta continua)"
10898628411725,oyl260416115-18-mercedes-benz,Juego de 4 llantas 18 pulgadas Mercedes-Benz – OYL260416115,OYL260416115,wheel-design-041,mercedes-benz,BENZ E级,18,8.0,5x112,40,66.5,MB,44.0,KILOGRAMS,799.00,,,0,CONTINUE,False,True,1,1,893,890,https://cdn.shopify.com/s/files/1/0995/6920/5581/files/wheel-design-041_5fa74d7c-5c1b-4ee4-82a9-12ad0ae67e23.png,"Juego de llantas 18X8.0 Mercedes-Benz, referencia OYL260416115",llantas-18-pulgadas|llantas-mercedes-benz,5x112|color-mb|et-40|llantas|llantas-18|mercedes-benz,11,"Llantas 18"" Mercedes-Benz | Juego de 4","Juego de 4 llantas 18X8.0, 5X112, ET +40, compatible de forma orientativa con BENZ E级. Precio cerrado y entrega a domicilio.",DRAFT,ninguno,2026-09-18T16:19:01Z,85,"chino del proveedor visible en la descripción · chino del proveedor visible en la meta description · sin coste de proveedor registrado · precio = escalera fija por diámetro, no verificado como PVP · peso = escalera fija por diámetro, no medido · stock 0 sin seguimiento (venta continua)"
10898628477261,oyl260416116-18-mercedes-benz,Juego de 4 llantas 18 pulgadas Mercedes-Benz – OYL260416116,OYL260416116,wheel-design-041,mercedes-benz,BENZ E级,18,9.0,5x112,45,66.5,MB,44.0,KILOGRAMS,799.00,,,0,CONTINUE,False,True,1,1,893,890,https://cdn.shopify.com/s/files/1/0995/6920/5581/files/wheel-design-041_0f508d94-9c95-411d-9b96-57a506b72337.png,"Juego de llantas 18X9.0 Mercedes-Benz, referencia OYL260416116",llantas-18-pulgadas|llantas-mercedes-benz,5x112|color-mb|et-45|llantas|llantas-18|mercedes-benz,11,"Llantas 18"" Mercedes-Benz | Juego de 4","Juego de 4 llantas 18X9.0, 5X112, ET +45, compatible de forma orientativa con BENZ E级. Precio cerrado y entrega a domicilio.",DRAFT,ninguno,2026-09-18T16:19:02Z,85,"chino del proveedor visible en la descripción · chino del proveedor visible en la meta description · sin coste de proveedor registrado · precio = escalera fija por diámetro, no verificado como PVP · peso = escalera fija por diámetro, no medido · stock 0 sin seguimiento (venta continua)"
10898628510029,oyl260416117-18-vehiculos-europeos,Juego de 4 llantas 18 pulgadas Vehículos europeos – OYL260416117,OYL260416117,wheel-design-041,,Consultar,18,8.0,5x112,35,66.6,MBI,44.0,KILOGRAMS,799.00,,,0,CONTINUE,False,True,1,1,893,890,https://cdn.shopify.com/s/files/1/0995/6920/5581/files/wheel-design-041_9f557e66-0d0d-4596-8b27-cad8ca31d388.png,Juego de 4 llantas 18 pulgadas Vehículos europeos – OYL260416117,llantas-18-pulgadas,5x112|color-mbi|et-35|llantas|llantas-18|vehículos-europeos,11,"Llantas 18"" Vehículos europeos | Juego de 4","Juego de 4 llantas 18X8.0, 5X112, ET +35, compatible de forma orientativa con Vehículos europeos. Precio cerrado y entrega a domicilio.",DRAFT,ninguno,2026-09-18T16:19:02Z,100,"sin coste de proveedor registrado · precio = escalera fija por diámetro, no verificado como PVP · peso = escalera fija por diámetro, no medido · stock 0 sin seguimiento (venta continua)"
10898628575565,oyl260416118-19-mercedes-benz,Juego de 4 llantas 19 pulgadas Mercedes-Benz – OYL260416118,OYL260416118,wheel-design-041,mercedes-benz,BENZ E级,19,8.0,5x112,36,66.5,MBI,48.0,KILOGRAMS,899.00,,,0,CONTINUE,False,True,1,1,893,890,https://cdn.shopify.com/s/files/1/0995/6920/5581/files/wheel-design-041_f59a6d7e-7298-48cf-b53a-ea39116b21f3.png,"Juego de llantas 19X8.0 Mercedes-Benz, referencia OYL260416118",llantas-19-pulgadas|llantas-mercedes-benz,5x112|color-mbi|et-36|llantas|llantas-19|mercedes-benz,11,"Llantas 19"" Mercedes-Benz | Juego de 4","Juego de 4 llantas 19X8.0, 5X112, ET +36, compatible de forma orientativa con BENZ E级. Precio cerrado y entrega a domicilio.",DRAFT,ninguno,2026-09-18T16:19:03Z,85,"chino del proveedor visible en la descripción · chino del proveedor visible en la meta description · sin coste de proveedor registrado · precio = escalera fija por diámetro, no verificado como PVP · peso = escalera fija por diámetro, no medido · stock 0 sin seguimiento (venta continua)"
10898628608333,oyl260416119-19-mercedes-benz,Juego de 4 llantas 19 pulgadas Mercedes-Benz – OYL260416119,OYL260416119,wheel-design-041,mercedes-benz,BENZ E级,19,9.0,5x112,42,66.5,MBI,48.0,KILOGRAMS,899.00,,,0,CONTINUE,False,True,1,1,893,890,https://cdn.shopify.com/s/files/1/0995/6920/5581/files/wheel-design-041_f45e2401-8637-4431-b62f-d78803048bc8.png,"Juego de llantas 19X9.0 Mercedes-Benz, referencia OYL260416119",llantas-19-pulgadas|llantas-mercedes-benz,5x112|color-mbi|et-42|llantas|llantas-19|mercedes-benz,11,"Llantas 19"" Mercedes-Benz | Juego de 4","Juego de 4 llantas 19X9.0, 5X112, ET +42, compatible de forma orientativa con BENZ E级. Precio cerrado y entrega a domicilio.",DRAFT,ninguno,2026-09-18T16:19:04Z,85,"chino del proveedor visible en la descripción · chino del proveedor visible en la meta description · sin coste de proveedor registrado · precio = escalera fija por diámetro, no verificado como PVP · peso = escalera fija por diámetro, no medido · stock 0 sin seguimiento (venta continua)"
10898628673869,oyl260416120-19-mercedes-benz,Juego de 4 llantas 19 pulgadas Mercedes-Benz – OYL260416120,OYL260416120,wheel-design-041,mercedes-benz,BENZ E级,19,8.0,5x112,36,66.5,MB,48.0,KILOGRAMS,899.00,,,0,CONTINUE,False,True,1,1,893,890,https://cdn.shopify.com/s/files/1/0995/6920/5581/files/wheel-design-041_281b79b4-7b6a-478e-b1bf-703d98010b91.png,Juego de 4 llantas 19 pulgadas Mercedes-Benz – OYL260416120,llantas-19-pulgadas|llantas-mercedes-benz,5x112|color-mb|et-36|llantas|llantas-19|mercedes-benz,11,"Llantas 19"" Mercedes-Benz | Juego de 4","Juego de 4 llantas 19X8.0, 5X112, ET +36, compatible de forma orientativa con BENZ E级. Precio cerrado y entrega a domicilio.",DRAFT,ninguno,2026-09-18T16:19:04Z,85,"chino del proveedor visible en la descripción · chino del proveedor visible en la meta description · sin coste de proveedor registrado · precio = escalera fija por diámetro, no verificado como PVP · peso = escalera fija por diámetro, no medido · stock 0 sin seguimiento (venta continua)"
10898628739405,oyl260416121-19-mercedes-benz,Juego de 4 llantas 19 pulgadas Mercedes-Benz – OYL260416121,OYL260416121,wheel-design-041,mercedes-benz,BENZ E级,19,9.0,5x112,42,66.5,MB,48.0,KILOGRAMS,899.00,,,0,CONTINUE,False,True,1,1,893,890,https://cdn.shopify.com/s/files/1/0995/6920/5581/files/wheel-design-041_074a98a7-a577-4b31-aa84-768197d7f89b.png,Juego de 4 llantas 19 pulgadas Mercedes-Benz – OYL260416121,llantas-19-pulgadas|llantas-mercedes-benz,5x112|color-mb|et-42|llantas|llantas-19|mercedes-benz,11,"Llantas 19"" Mercedes-Benz | Juego de 4","Juego de 4 llantas 19X9.0, 5X112, ET +42, compatible de forma orientativa con BENZ E级. Precio cerrado y entrega a domicilio.",DRAFT,ninguno,2026-09-18T16:19:05Z,85,"chino del proveedor visible en la descripción · chino del proveedor visible en la meta description · sin coste de proveedor registrado · precio = escalera fija por diámetro, no verificado como PVP · peso = escalera fija por diámetro, no medido · stock 0 sin seguimiento (venta continua)"
10898628772173,oyl260416122-20-mercedes-benz,Juego de 4 llantas 20 pulgadas Mercedes-Benz – OYL260416122,OYL260416122,wheel-design-041,mercedes-benz,BENZ E级,20,8.5,5x112,36,66.5,MB,52.0,KILOGRAMS,999.00,,,0,CONTINUE,False,True,1,1,893,890,https://cdn.shopify.com/s/files/1/0995/6920/5581/files/wheel-design-041_d57ff3ce-c3ae-4f13-abff-625db1f591b7.png,"Juego de llantas 20X8.5 Mercedes-Benz, referencia OYL260416122",llantas-20-pulgadas|llantas-mercedes-benz,5x112|color-mb|et-36|llantas|llantas-20|mercedes-benz,11,"Llantas 20"" Mercedes-Benz | Juego de 4","Juego de 4 llantas 20X8.5, 5X112, ET +36, compatible de forma orientativa con BENZ E级. Precio cerrado y entrega a domicilio.",DRAFT,ninguno,2026-09-18T16:19:05Z,85,"chino del proveedor visible en la descripción · chino del proveedor visible en la meta description · sin coste de proveedor registrado · precio = escalera fija por diámetro, no verificado como PVP · peso = escalera fija por diámetro, no medido · stock 0 sin seguimiento (venta continua)"
10898628837709,oyl260416123-20-mercedes-benz,Juego de 4 llantas 20 pulgadas Mercedes-Benz – OYL260416123,OYL260416123,wheel-design-041,mercedes-benz,BENZ E级,20,9.5,5x112,43,66.5,MB,52.0,KILOGRAMS,999.00,,,0,CONTINUE,False,True,1,1,893,890,https://cdn.shopify.com/s/files/1/0995/6920/5581/files/wheel-design-041_9dac4849-0938-4898-985d-684069ee4da6.png,"Juego de llantas 20X9.5 Mercedes-Benz, referencia OYL260416123",llantas-20-pulgadas|llantas-mercedes-benz,5x112|color-mb|et-43|llantas|llantas-20|mercedes-benz,11,"Llantas 20"" Mercedes-Benz | Juego de 4","Juego de 4 llantas 20X9.5, 5X112, ET +43, compatible de forma orientativa con BENZ E级. Precio cerrado y entrega a domicilio.",DRAFT,ninguno,2026-09-18T16:19:06Z,85,"chino del proveedor visible en la descripción · chino del proveedor visible en la meta description · sin coste de proveedor registrado · precio = escalera fija por diámetro, no verificado como PVP · peso = escalera fija por diámetro, no medido · stock 0 sin seguimiento (venta continua)"
10898628903245,oyl260416124-20-mercedes-benz,Juego de 4 llantas 20 pulgadas Mercedes-Benz – OYL260416124,OYL260416124,wheel-design-041,mercedes-benz,BENZ E级,20,8.5,5x112,36,66.5,MIB,52.0,KILOGRAMS,999.00,,,0,CONTINUE,False,True,1,1,893,890,https://cdn.shopify.com/s/files/1/0995/6920/5581/files/wheel-design-041_5efdd395-cad0-430f-8f14-32ecb6577dd9.png,"Juego de llantas 20X8.5 Mercedes-Benz, referencia OYL260416124",llantas-20-pulgadas|llantas-mercedes-benz,5x112|color-mib|et-36|llantas|llantas-20|mercedes-benz,11,"Llantas 20"" Mercedes-Benz | Juego de 4","Juego de 4 llantas 20X8.5, 5X112, ET +36, compatible de forma orientativa con BENZ E级. Precio cerrado y entrega a domicilio.",DRAFT,ninguno,2026-09-18T16:19:06Z,85,"chino del proveedor visible en la descripción · chino del proveedor visible en la meta description · sin coste de proveedor registrado · precio = escalera fija por diámetro, no verificado como PVP · peso = escalera fija por diámetro, no medido · stock 0 sin seguimiento (venta continua)"
10898628968781,oyl260416125-20-mercedes-benz,Juego de 4 llantas 20 pulgadas Mercedes-Benz – OYL260416125,OYL260416125,wheel-design-041,mercedes-benz,BENZ E级,20,9.5,5x112,43,66.5,MIB,52.0,KILOGRAMS,999.00,,,0,CONTINUE,False,True,1,1,893,890,https://cdn.shopify.com/s/files/1/0995/6920/5581/files/wheel-design-041_f5b1defb-20e0-4ee8-bcfd-c51e8be7a2d6.png,"Juego de llantas 20X9.5 Mercedes-Benz, referencia OYL260416125",llantas-20-pulgadas|llantas-mercedes-benz,5x112|color-mib|et-43|llantas|llantas-20|mercedes-benz,11,"Llantas 20"" Mercedes-Benz | Juego de 4","Juego de 4 llantas 20X9.5, 5X112, ET +43, compatible de forma orientativa con BENZ E级. Precio cerrado y entrega a domicilio.",DRAFT,ninguno,2026-09-18T16:19:07Z,85,"chino del proveedor visible en la descripción · chino del proveedor visible en la meta description · sin coste de proveedor registrado · precio = escalera fija por diámetro, no verificado como PVP · peso = escalera fija por diámetro, no medido · stock 0 sin seguimiento (venta continua)"
10898629034317,oyl260416126-19-mercedes-benz,Juego de 4 llantas 19 pulgadas Mercedes-Benz – OYL260416126,OYL260416126,wheel-design-042,mercedes-benz,BENZ GLC,19,8.0,5x112,38,66.5,MB,48.0,KILOGRAMS,899.00,,,0,CONTINUE,False,True,1,1,910,902,https://cdn.shopify.com/s/files/1/0995/6920/5581/files/wheel-design-042_9e97cd82-1d9d-4953-abd8-51c637c4945d.png,"Juego de llantas 19X8.0 Mercedes-Benz, referencia OYL260416126",llantas-19-pulgadas|llantas-mercedes-benz,5x112|color-mb|et-38|llantas|llantas-19|mercedes-benz,11,"Llantas 19"" Mercedes-Benz | Juego de 4","Juego de 4 llantas 19X8.0, 5X112, ET +38, compatible de forma orientativa con BENZ GLC. Precio cerrado y entrega a domicilio.",DRAFT,ninguno,2026-09-18T16:19:08Z,100,"sin coste de proveedor registrado · precio = escalera fija por diámetro, no verificado como PVP · peso = escalera fija por diámetro, no medido · stock 0 sin seguimiento (venta continua)"
10898629099853,oyl260416127-18-mercedes-benz,Juego de 4 llantas 18 pulgadas Mercedes-Benz – OYL260416127,OYL260416127,wheel-design-043,mercedes-benz,BENZ S级贴AMG标,18,8.0,5x112,36,66.5,MB,44.0,KILOGRAMS,799.00,,,0,CONTINUE,False,True,1,1,908,888,https://cdn.shopify.com/s/files/1/0995/6920/5581/files/wheel-design-043_2d3e6443-6727-460c-9099-31c40ed0f53e.png,"Juego de llantas 18X8.0 Mercedes-Benz, referencia OYL260416127",llantas-18-pulgadas|llantas-mercedes-benz,5x112|color-mb|et-36|llantas|llantas-18|mercedes-benz,11,"Llantas 18"" Mercedes-Benz | Juego de 4","Juego de 4 llantas 18X8.0, 5X112, ET +36, compatible de forma orientativa con BENZ S级贴AMG标. Precio cerrado y entrega a domicilio.",DRAFT,ninguno,2026-09-18T16:19:08Z,85,"chino del proveedor visible en la descripción · chino del proveedor visible en la meta description · sin coste de proveedor registrado · precio = escalera fija por diámetro, no verificado como PVP · peso = escalera fija por diámetro, no medido · stock 0 sin seguimiento (venta continua)"
10898629132621,oyl260416128-18-mercedes-benz,Juego de 4 llantas 18 pulgadas Mercedes-Benz – OYL260416128,OYL260416128,wheel-design-043,mercedes-benz,BENZ S级贴AMG标,18,9.0,5x112,42,66.5,MB,44.0,KILOGRAMS,799.00,,,0,CONTINUE,False,True,1,1,908,888,https://cdn.shopify.com/s/files/1/0995/6920/5581/files/wheel-design-043_db3e9723-df8a-48dc-bc19-08d9402eac66.png,"Juego de llantas 18X9.0 Mercedes-Benz, referencia OYL260416128",llantas-18-pulgadas|llantas-mercedes-benz,5x112|color-mb|et-42|llantas|llantas-18|mercedes-benz,11,"Llantas 18"" Mercedes-Benz | Juego de 4","Juego de 4 llantas 18X9.0, 5X112, ET +42, compatible de forma orientativa con BENZ S级贴AMG标. Precio cerrado y entrega a domicilio.",DRAFT,ninguno,2026-09-18T16:19:09Z,85,"chino del proveedor visible en la descripción · chino del proveedor visible en la meta description · sin coste de proveedor registrado · precio = escalera fija por diámetro, no verificado como PVP · peso = escalera fija por diámetro, no medido · stock 0 sin seguimiento (venta continua)"
10898629198157,oyl260416129-19-mercedes-benz,Juego de 4 llantas 19 pulgadas Mercedes-Benz – OYL260416129,OYL260416129,wheel-design-043,mercedes-benz,BENZ S级贴AMG标,19,8.5,5x112,36,66.5,MB,48.0,KILOGRAMS,899.00,,,0,CONTINUE,False,True,1,1,908,888,https://cdn.shopify.com/s/files/1/0995/6920/5581/files/wheel-design-043_246da483-e9d6-4d60-a92c-d24178f48421.png,"Juego de llantas 19X8.5 Mercedes-Benz, referencia OYL260416129",llantas-19-pulgadas|llantas-mercedes-benz,5x112|color-mb|et-36|llantas|llantas-19|mercedes-benz,11,"Llantas 19"" Mercedes-Benz | Juego de 4","Juego de 4 llantas 19X8.5, 5X112, ET +36, compatible de forma orientativa con BENZ S级贴AMG标. Precio cerrado y entrega a domicilio.",DRAFT,ninguno,2026-09-18T16:19:09Z,85,"chino del proveedor visible en la descripción · chino del proveedor visible en la meta description · sin coste de proveedor registrado · precio = escalera fija por diámetro, no verificado como PVP · peso = escalera fija por diámetro, no medido · stock 0 sin seguimiento (venta continua)"
10898629230925,oyl260416130-19-mercedes-benz,Juego de 4 llantas 19 pulgadas Mercedes-Benz – OYL260416130,OYL260416130,wheel-design-043,mercedes-benz,BENZ S级贴AMG标,19,9.5,5x112,43,66.5,MB,48.0,KILOGRAMS,899.00,,,0,CONTINUE,False,True,1,1,908,888,https://cdn.shopify.com/s/files/1/0995/6920/5581/files/wheel-design-043_e5dff30c-289d-4a65-89cc-ed0883a9f447.png,"Juego de llantas 19X9.5 Mercedes-Benz, referencia OYL260416130",llantas-19-pulgadas|llantas-mercedes-benz,5x112|color-mb|et-43|llantas|llantas-19|mercedes-benz,11,"Llantas 19"" Mercedes-Benz | Juego de 4","Juego de 4 llantas 19X9.5, 5X112, ET +43, compatible de forma orientativa con BENZ S级贴AMG标. Precio cerrado y entrega a domicilio.",DRAFT,ninguno,2026-09-18T16:19:10Z,85,"chino del proveedor visible en la descripción · chino del proveedor visible en la meta description · sin coste de proveedor registrado · precio = escalera fija por diámetro, no verificado como PVP · peso = escalera fija por diámetro, no medido · stock 0 sin seguimiento (venta continua)"
10898629296461,oyl260416131-20-mercedes-benz,Juego de 4 llantas 20 pulgadas Mercedes-Benz – OYL260416131,OYL260416131,wheel-design-043,mercedes-benz,BENZ S级贴AMG标,20,8.5,5x112,36,66.5,MB,52.0,KILOGRAMS,999.00,,,0,CONTINUE,False,True,1,1,908,888,https://cdn.shopify.com/s/files/1/0995/6920/5581/files/wheel-design-043_4887dd6f-ad19-4b85-8f94-80299d84d3ff.png,"Juego de llantas 20X8.5 Mercedes-Benz, referencia OYL260416131",llantas-20-pulgadas|llantas-mercedes-benz,5x112|color-mb|et-36|llantas|llantas-20|mercedes-benz,11,"Llantas 20"" Mercedes-Benz | Juego de 4","Juego de 4 llantas 20X8.5, 5X112, ET +36, compatible de forma orientativa con BENZ S级贴AMG标. Precio cerrado y entrega a domicilio.",DRAFT,ninguno,2026-09-18T16:19:11Z,85,"chino del proveedor visible en la descripción · chino del proveedor visible en la meta description · sin coste de proveedor registrado · precio = escalera fija por diámetro, no verificado como PVP · peso = escalera fija por diámetro, no medido · stock 0 sin seguimiento (venta continua)"
10898629361997,oyl260416132-20-mercedes-benz,Juego de 4 llantas 20 pulgadas Mercedes-Benz – OYL260416132,OYL260416132,wheel-design-043,mercedes-benz,BENZ S级贴AMG标,20,9.5,5x112,43,66.5,MB,52.0,KILOGRAMS,999.00,,,0,CONTINUE,False,True,1,1,908,888,https://cdn.shopify.com/s/files/1/0995/6920/5581/files/wheel-design-043_0bb7f1d8-b7c4-4326-ae54-e99bae9ba159.png,"Juego de llantas 20X9.5 Mercedes-Benz, referencia OYL260416132",llantas-20-pulgadas|llantas-mercedes-benz,5x112|color-mb|et-43|llantas|llantas-20|mercedes-benz,11,"Llantas 20"" Mercedes-Benz | Juego de 4","Juego de 4 llantas 20X9.5, 5X112, ET +43, compatible de forma orientativa con BENZ S级贴AMG标. Precio cerrado y entrega a domicilio.",DRAFT,ninguno,2026-09-18T16:19:11Z,85,"chino del proveedor visible en la descripción · chino del proveedor visible en la meta description · sin coste de proveedor registrado · precio = escalera fija por diámetro, no verificado como PVP · peso = escalera fija por diámetro, no medido · stock 0 sin seguimiento (venta continua)"
10898629394765,oyl260416133-21-mercedes-benz,Juego de 4 llantas 21 pulgadas Mercedes-Benz – OYL260416133,OYL260416133,wheel-design-043,mercedes-benz,BENZ S级贴AMG标,21,9.0,5x112,34,66.5,MB,56.0,KILOGRAMS,1099.00,,,0,CONTINUE,False,True,1,1,908,888,https://cdn.shopify.com/s/files/1/0995/6920/5581/files/wheel-design-043_68fc16a5-3985-46de-ba2b-a710db86f3dd.png,"Juego de llantas 21X9.0 Mercedes-Benz, referencia OYL260416133",llantas-21-pulgadas|llantas-mercedes-benz,5x112|color-mb|et-34|llantas|llantas-21|mercedes-benz,11,"Llantas 21"" Mercedes-Benz | Juego de 4","Juego de 4 llantas 21X9.0, 5X112, ET +34, compatible de forma orientativa con BENZ S级贴AMG标. Precio cerrado y entrega a domicilio.",DRAFT,ninguno,2026-09-18T16:19:12Z,85,"chino del proveedor visible en la descripción · chino del proveedor visible en la meta description · sin coste de proveedor registrado · precio = escalera fija por diámetro, no verificado como PVP · peso = escalera fija por diámetro, no medido · stock 0 sin seguimiento (venta continua)"
10898629460301,oyl260416134-21-mercedes-benz,Juego de 4 llantas 21 pulgadas Mercedes-Benz – OYL260416134,OYL260416134,wheel-design-043,mercedes-benz,BENZ S级贴AMG标,21,10.0,5x112,48,66.5,MB,56.0,KILOGRAMS,1099.00,,,0,CONTINUE,False,True,1,1,908,888,https://cdn.shopify.com/s/files/1/0995/6920/5581/files/wheel-design-043_4ae9e0bb-7dde-405c-930d-debc0082ef35.png,"Juego de llantas 21X10 Mercedes-Benz, referencia OYL260416134",llantas-21-pulgadas|llantas-mercedes-benz,5x112|color-mb|et-48|llantas|llantas-21|mercedes-benz,11,"Llantas 21"" Mercedes-Benz | Juego de 4","Juego de 4 llantas 21X10, 5X112, ET +48, compatible de forma orientativa con BENZ S级贴AMG标. Precio cerrado y entrega a domicilio.",DRAFT,ninguno,2026-09-18T16:19:12Z,85,"chino del proveedor visible en la descripción · chino del proveedor visible en la meta description · sin coste de proveedor registrado · precio = escalera fija por diámetro, no verificado como PVP · peso = escalera fija por diámetro, no medido · stock 0 sin seguimiento (venta continua)"
10898629493069,oyl260416135-19-mercedes-benz,Juego de 4 llantas 19 pulgadas Mercedes-Benz – OYL260416135,OYL260416135,wheel-design-044,mercedes-benz,BENZ GLS/GLE,19,8.5,5x112,36,66.5,MB,48.0,KILOGRAMS,899.00,,,0,CONTINUE,False,True,1,1,882,868,https://cdn.shopify.com/s/files/1/0995/6920/5581/files/wheel-design-044_7422b667-1185-483a-802b-0cf2b26825a5.png,"Juego de llantas 19X8.5 Mercedes-Benz, referencia OYL260416135",llantas-19-pulgadas|llantas-mercedes-benz,5x112|color-mb|et-36|llantas|llantas-19|mercedes-benz,11,"Llantas 19"" Mercedes-Benz | Juego de 4","Juego de 4 llantas 19X8.5, 5X112, ET +36, compatible de forma orientativa con BENZ GLS/GLE. Precio cerrado y entrega a domicilio.",DRAFT,ninguno,2026-09-18T16:19:13Z,100,"sin coste de proveedor registrado · precio = escalera fija por diámetro, no verificado como PVP · peso = escalera fija por diámetro, no medido · stock 0 sin seguimiento (venta continua)"
10898629558605,oyl260416136-19-mercedes-benz,Juego de 4 llantas 19 pulgadas Mercedes-Benz – OYL260416136,OYL260416136,wheel-design-044,mercedes-benz,BENZ GLS/GLE,19,9.5,5x112,43,66.5,MB,48.0,KILOGRAMS,899.00,,,0,CONTINUE,False,True,1,1,882,868,https://cdn.shopify.com/s/files/1/0995/6920/5581/files/wheel-design-044_ee49988c-a4eb-449d-b6fb-7627ab83c428.png,"Juego de llantas 19X9.5 Mercedes-Benz, referencia OYL260416136",llantas-19-pulgadas|llantas-mercedes-benz,5x112|color-mb|et-43|llantas|llantas-19|mercedes-benz,11,"Llantas 19"" Mercedes-Benz | Juego de 4","Juego de 4 llantas 19X9.5, 5X112, ET +43, compatible de forma orientativa con BENZ GLS/GLE. Precio cerrado y entrega a domicilio.",DRAFT,ninguno,2026-09-18T16:19:13Z,100,"sin coste de proveedor registrado · precio = escalera fija por diámetro, no verificado como PVP · peso = escalera fija por diámetro, no medido · stock 0 sin seguimiento (venta continua)"
10898629624141,oyl260416137-20-mercedes-benz,Juego de 4 llantas 20 pulgadas Mercedes-Benz – OYL260416137,OYL260416137,wheel-design-044,mercedes-benz,BENZ GLS/GLE,20,8.5,5x112,36,66.5,MB,52.0,KILOGRAMS,999.00,,,0,CONTINUE,False,True,1,1,882,868,https://cdn.shopify.com/s/files/1/0995/6920/5581/files/wheel-design-044_b3291c91-ece7-421d-9664-3bbd1f892ed6.png,"Juego de llantas 20X8.5 Mercedes-Benz, referencia OYL260416137",llantas-20-pulgadas|llantas-mercedes-benz,5x112|color-mb|et-36|llantas|llantas-20|mercedes-benz,11,"Llantas 20"" Mercedes-Benz | Juego de 4","Juego de 4 llantas 20X8.5, 5X112, ET +36, compatible de forma orientativa con BENZ GLS/GLE. Precio cerrado y entrega a domicilio.",DRAFT,ninguno,2026-09-18T16:19:14Z,100,"sin coste de proveedor registrado · precio = escalera fija por diámetro, no verificado como PVP · peso = escalera fija por diámetro, no medido · stock 0 sin seguimiento (venta continua)"
10898629656909,oyl260416138-20-mercedes-benz,Juego de 4 llantas 20 pulgadas Mercedes-Benz – OYL260416138,OYL260416138,wheel-design-044,mercedes-benz,BENZ GLS/GLE,20,9.5,5x112,45,66.5,MB,52.0,KILOGRAMS,999.00,,,0,CONTINUE,False,True,1,1,882,868,https://cdn.shopify.com/s/files/1/0995/6920/5581/files/wheel-design-044_9c20f822-a2ef-4161-85e7-3c29093472e9.png,Juego de 4 llantas 20 pulgadas Mercedes-Benz – OYL260416138,llantas-20-pulgadas|llantas-mercedes-benz,5x112|color-mb|et-45|llantas|llantas-20|mercedes-benz,11,"Llantas 20"" Mercedes-Benz | Juego de 4","Juego de 4 llantas 20X9.5, 5X112, ET +45, compatible de forma orientativa con BENZ GLS/GLE. Precio cerrado y entrega a domicilio.",DRAFT,ninguno,2026-09-18T16:19:15Z,100,"sin coste de proveedor registrado · precio = escalera fija por diámetro, no verificado como PVP · peso = escalera fija por diámetro, no medido · stock 0 sin seguimiento (venta continua)"
10898629755213,oyl260416139-20-mercedes-benz,Juego de 4 llantas 20 pulgadas Mercedes-Benz – OYL260416139,OYL260416139,wheel-design-044,mercedes-benz,BENZ GLS/GLE,20,8.5,5x112,36,66.5,MB,52.0,KILOGRAMS,999.00,,,0,CONTINUE,False,True,1,1,882,868,https://cdn.shopify.com/s/files/1/0995/6920/5581/files/wheel-design-044_4ca354b4-8b4a-4afb-a2e7-3b3fa5023757.png,"Juego de llantas 20X8.5 Mercedes-Benz, referencia OYL260416139",llantas-20-pulgadas|llantas-mercedes-benz,5x112|color-mb|et-36|llantas|llantas-20|mercedes-benz,11,"Llantas 20"" Mercedes-Benz | Juego de 4","Juego de 4 llantas 20X8.5, 5X112, ET +36, compatible de forma orientativa con BENZ GLS/GLE. Precio cerrado y entrega a domicilio.",DRAFT,ninguno,2026-09-18T16:19:15Z,100,"sin coste de proveedor registrado · precio = escalera fija por diámetro, no verificado como PVP · peso = escalera fija por diámetro, no medido · stock 0 sin seguimiento (venta continua)"
10898629787981,oyl260416140-20-mercedes-benz,Juego de 4 llantas 20 pulgadas Mercedes-Benz – OYL260416140,OYL260416140,wheel-design-044,mercedes-benz,BENZ GLS/GLE,20,9.5,5x112,45,66.5,MB,52.0,KILOGRAMS,999.00,,,0,CONTINUE,False,True,1,1,882,868,https://cdn.shopify.com/s/files/1/0995/6920/5581/files/wheel-design-044_e092cc9a-a591-4f74-a32a-97cb1a0f77f4.png,"Juego de llantas 20X9.5 Mercedes-Benz, referencia OYL260416140",llantas-20-pulgadas|llantas-mercedes-benz,5x112|color-mb|et-45|llantas|llantas-20|mercedes-benz,11,"Llantas 20"" Mercedes-Benz | Juego de 4","Juego de 4 llantas 20X9.5, 5X112, ET +45, compatible de forma orientativa con BENZ GLS/GLE. Precio cerrado y entrega a domicilio.",DRAFT,ninguno,2026-09-18T16:19:16Z,100,"sin coste de proveedor registrado · precio = escalera fija por diámetro, no verificado como PVP · peso = escalera fija por diámetro, no medido · stock 0 sin seguimiento (venta continua)"
10898629853517,oyl260416141-21-mercedes-benz,Juego de 4 llantas 21 pulgadas Mercedes-Benz – OYL260416141,OYL260416141,wheel-design-044,mercedes-benz,BENZ GLS/GLE,21,10.0,5x112,45,66.5,MB,56.0,KILOGRAMS,1099.00,,,0,CONTINUE,False,True,1,1,882,868,https://cdn.shopify.com/s/files/1/0995/6920/5581/files/wheel-design-044_e48b78fc-6c70-4a76-b2dc-04be7c9c1ce5.png,Juego de 4 llantas 21 pulgadas Mercedes-Benz – OYL260416141,llantas-21-pulgadas|llantas-mercedes-benz,5x112|color-mb|et-45|llantas|llantas-21|mercedes-benz,11,"Llantas 21"" Mercedes-Benz | Juego de 4","Juego de 4 llantas 21X10, 5X112, ET +45, compatible de forma orientativa con BENZ GLS/GLE. Precio cerrado y entrega a domicilio.",DRAFT,ninguno,2026-09-18T16:19:16Z,100,"sin coste de proveedor registrado · precio = escalera fija por diámetro, no verificado como PVP · peso = escalera fija por diámetro, no medido · stock 0 sin seguimiento (venta continua)"
10898629919053,oyl260416142-21-mercedes-benz,Juego de 4 llantas 21 pulgadas Mercedes-Benz – OYL260416142,OYL260416142,wheel-design-044,mercedes-benz,BENZ GLS/GLE,21,11.0,5x112,42,66.5,MB,56.0,KILOGRAMS,1099.00,,,0,CONTINUE,False,True,1,1,882,868,https://cdn.shopify.com/s/files/1/0995/6920/5581/files/wheel-design-044_5ec71541-3ce5-42a3-9b7c-e7f7e8eafc36.png,"Juego de llantas 21X11 Mercedes-Benz, referencia OYL260416142",llantas-21-pulgadas|llantas-mercedes-benz,5x112|color-mb|et-42|llantas|llantas-21|mercedes-benz,11,"Llantas 21"" Mercedes-Benz | Juego de 4","Juego de 4 llantas 21X11, 5X112, ET +42, compatible de forma orientativa con BENZ GLS/GLE. Precio cerrado y entrega a domicilio.",DRAFT,ninguno,2026-09-18T16:19:17Z,100,"sin coste de proveedor registrado · precio = escalera fija por diámetro, no verificado como PVP · peso = escalera fija por diámetro, no medido · stock 0 sin seguimiento (venta continua)"
10898629984589,oyl260416143-22-mercedes-benz,Juego de 4 llantas 22 pulgadas Mercedes-Benz – OYL260416143,OYL260416143,wheel-design-044,mercedes-benz,BENZ GLS/GLE,22,9.5,5x112,45,66.5,MB,60.0,KILOGRAMS,1249.00,,,0,CONTINUE,False,True,1,1,882,868,https://cdn.shopify.com/s/files/1/0995/6920/5581/files/wheel-design-044_83acadb8-783b-4d9a-ac8f-6226a456db69.png,"Juego de llantas 22X9.5 Mercedes-Benz, referencia OYL260416143",llantas-22-pulgadas|llantas-mercedes-benz,5x112|color-mb|et-45|llantas|llantas-22|mercedes-benz,11,"Llantas 22"" Mercedes-Benz | Juego de 4","Juego de 4 llantas 22X9.5, 5X112, ET +45, compatible de forma orientativa con BENZ GLS/GLE. Precio cerrado y entrega a domicilio.",DRAFT,ninguno,2026-09-18T16:19:17Z,100,"sin coste de proveedor registrado · precio = escalera fija por diámetro, no verificado como PVP · peso = escalera fija por diámetro, no medido · stock 0 sin seguimiento (venta continua)"
10898630017357,oyl260416144-22-mercedes-benz,Juego de 4 llantas 22 pulgadas Mercedes-Benz – OYL260416144,OYL260416144,wheel-design-044,mercedes-benz,BENZ GLS/GLE,22,11.5,5x112,47,66.5,MB,60.0,KILOGRAMS,1249.00,,,0,CONTINUE,False,True,1,1,882,868,https://cdn.shopify.com/s/files/1/0995/6920/5581/files/wheel-design-044_c5724f54-d096-40ae-9444-ed53d1c563bb.png,"Juego de llantas 22X11.5 Mercedes-Benz, referencia OYL260416144",llantas-22-pulgadas|llantas-mercedes-benz,5x112|color-mb|et-47|llantas|llantas-22|mercedes-benz,11,"Llantas 22"" Mercedes-Benz | Juego de 4","Juego de 4 llantas 22X11.5, 5X112, ET +47, compatible de forma orientativa con BENZ GLS/GLE. Precio cerrado y entrega a domicilio.",DRAFT,ninguno,2026-09-18T16:19:18Z,100,"sin coste de proveedor registrado · precio = escalera fija por diámetro, no verificado como PVP · peso = escalera fija por diámetro, no medido · stock 0 sin seguimiento (venta continua)"
10898630050125,oyl260416145-22-mercedes-benz,Juego de 4 llantas 22 pulgadas Mercedes-Benz – OYL260416145,OYL260416145,wheel-design-044,mercedes-benz,BENZ GLS/GLE,22,9.5,5x112,45,66.5,MG,60.0,KILOGRAMS,1249.00,,,0,CONTINUE,False,True,1,1,882,868,https://cdn.shopify.com/s/files/1/0995/6920/5581/files/wheel-design-044_ac67e6d8-8cd2-4891-9c14-21e6306fe27a.png,"Juego de llantas 22X9.5 Mercedes-Benz, referencia OYL260416145",llantas-22-pulgadas|llantas-mercedes-benz,5x112|color-mg|et-45|llantas|llantas-22|mercedes-benz,11,"Llantas 22"" Mercedes-Benz | Juego de 4","Juego de 4 llantas 22X9.5, 5X112, ET +45, compatible de forma orientativa con BENZ GLS/GLE. Precio cerrado y entrega a domicilio.",DRAFT,ninguno,2026-09-18T16:19:18Z,100,"sin coste de proveedor registrado · precio = escalera fija por diámetro, no verificado como PVP · peso = escalera fija por diámetro, no medido · stock 0 sin seguimiento (venta continua)"
10898630115661,oyl260416146-19-mercedes-benz,Juego de 4 llantas 19 pulgadas Mercedes-Benz – OYL260416146,OYL260416146,wheel-design-045,mercedes-benz,BENZ S级老 迈巴赫威霆,19,8.5,5x112,36,66.5,P,48.0,KILOGRAMS,899.00,,,0,CONTINUE,False,True,1,1,190,179,https://cdn.shopify.com/s/files/1/0995/6920/5581/files/wheel-design-045_1915ccdb-2fdd-4fef-a5a1-ed54098918e8.png,Juego de 4 llantas 19 pulgadas Mercedes-Benz – OYL260416146,llantas-19-pulgadas|llantas-mercedes-benz,5x112|color-p|et-36|llantas|llantas-19|mercedes-benz,11,"Llantas 19"" Mercedes-Benz | Juego de 4","Juego de 4 llantas 19X8.5, 5X112, ET +36, compatible de forma orientativa con BENZ S级老 迈巴赫威霆. Precio cerrado y entrega a domicilio.",DRAFT,ninguno,2026-09-18T16:19:19Z,60,"imagen 190x179 (por debajo de 800x800) · chino del proveedor visible en la descripción · chino del proveedor visible en la meta description · sin coste de proveedor registrado · precio = escalera fija por diámetro, no verificado como PVP · peso = escalera fija por diámetro, no medido · stock 0 sin seguimiento (venta continua)"
10898630181197,oyl260416147-19-mercedes-benz,Juego de 4 llantas 19 pulgadas Mercedes-Benz – OYL260416147,OYL260416147,wheel-design-045,mercedes-benz,BENZ S级老 迈巴赫威霆,19,9.5,5x112,43,66.5,P,48.0,KILOGRAMS,899.00,,,0,CONTINUE,False,True,1,1,190,179,https://cdn.shopify.com/s/files/1/0995/6920/5581/files/wheel-design-045_1ae586a3-de5c-47ce-b2b0-6dd0e724fe99.png,"Juego de llantas 19X9.5 Mercedes-Benz, referencia OYL260416147",llantas-19-pulgadas|llantas-mercedes-benz,5x112|color-p|et-43|llantas|llantas-19|mercedes-benz,11,"Llantas 19"" Mercedes-Benz | Juego de 4","Juego de 4 llantas 19X9.5, 5X112, ET +43, compatible de forma orientativa con BENZ S级老 迈巴赫威霆. Precio cerrado y entrega a domicilio.",DRAFT,ninguno,2026-09-18T16:19:20Z,60,"imagen 190x179 (por debajo de 800x800) · chino del proveedor visible en la descripción · chino del proveedor visible en la meta description · sin coste de proveedor registrado · precio = escalera fija por diámetro, no verificado como PVP · peso = escalera fija por diámetro, no medido · stock 0 sin seguimiento (venta continua)"
10898630213965,oyl260416148-20-mercedes-benz,Juego de 4 llantas 20 pulgadas Mercedes-Benz – OYL260416148,OYL260416148,wheel-design-045,mercedes-benz,BENZ S级老 迈巴赫威霆,20,8.5,5x112,36,66.5,P,52.0,KILOGRAMS,999.00,,,0,CONTINUE,False,True,1,1,190,179,https://cdn.shopify.com/s/files/1/0995/6920/5581/files/wheel-design-045_b1a1f1a9-51f8-4462-8cd4-7c68e632677e.png,"Juego de llantas 20X8.5 Mercedes-Benz, referencia OYL260416148",llantas-20-pulgadas|llantas-mercedes-benz,5x112|color-p|et-36|llantas|llantas-20|mercedes-benz,11,"Llantas 20"" Mercedes-Benz | Juego de 4","Juego de 4 llantas 20X8.5, 5X112, ET +36, compatible de forma orientativa con BENZ S级老 迈巴赫威霆. Precio cerrado y entrega a domicilio.",DRAFT,ninguno,2026-09-18T16:19:20Z,60,"imagen 190x179 (por debajo de 800x800) · chino del proveedor visible en la descripción · chino del proveedor visible en la meta description · sin coste de proveedor registrado · precio = escalera fija por diámetro, no verificado como PVP · peso = escalera fija por diámetro, no medido · stock 0 sin seguimiento (venta continua)"
10898630279501,oyl260416149-20-mercedes-benz,Juego de 4 llantas 20 pulgadas Mercedes-Benz – OYL260416149,OYL260416149,wheel-design-045,mercedes-benz,BENZ S级老 迈巴赫威霆,20,9.5,5x112,43,66.5,P,52.0,KILOGRAMS,999.00,,,0,CONTINUE,False,True,1,1,190,179,https://cdn.shopify.com/s/files/1/0995/6920/5581/files/wheel-design-045_4f889db7-83b8-43c9-9ef1-b576c1aa575a.png,"Juego de llantas 20X9.5 Mercedes-Benz, referencia OYL260416149",llantas-20-pulgadas|llantas-mercedes-benz,5x112|color-p|et-43|llantas|llantas-20|mercedes-benz,11,"Llantas 20"" Mercedes-Benz | Juego de 4","Juego de 4 llantas 20X9.5, 5X112, ET +43, compatible de forma orientativa con BENZ S级老 迈巴赫威霆. Precio cerrado y entrega a domicilio.",DRAFT,ninguno,2026-09-18T16:19:21Z,60,"imagen 190x179 (por debajo de 800x800) · chino del proveedor visible en la descripción · chino del proveedor visible en la meta description · sin coste de proveedor registrado · precio = escalera fija por diámetro, no verificado como PVP · peso = escalera fija por diámetro, no medido · stock 0 sin seguimiento (venta continua)"
10898630345037,oyl260416150-20-mercedes-benz,Juego de 4 llantas 20 pulgadas Mercedes-Benz – OYL260416150,OYL260416150,wheel-design-045,mercedes-benz,BENZ S级老 迈巴赫威霆,20,8.5,5x112,36,66.5,CB,52.0,KILOGRAMS,999.00,,,0,CONTINUE,False,True,1,1,190,179,https://cdn.shopify.com/s/files/1/0995/6920/5581/files/wheel-design-045_28d7d029-157d-4965-b9f3-3ce9a5243b3d.png,"Juego de llantas 20X8.5 Mercedes-Benz, referencia OYL260416150",llantas-20-pulgadas|llantas-mercedes-benz,5x112|color-cb|et-36|llantas|llantas-20|mercedes-benz,11,"Llantas 20"" Mercedes-Benz | Juego de 4","Juego de 4 llantas 20X8.5, 5X112, ET +36, compatible de forma orientativa con BENZ S级老 迈巴赫威霆. Precio cerrado y entrega a domicilio.",DRAFT,ninguno,2026-09-18T16:19:22Z,60,"imagen 190x179 (por debajo de 800x800) · chino del proveedor visible en la descripción · chino del proveedor visible en la meta description · sin coste de proveedor registrado · precio = escalera fija por diámetro, no verificado como PVP · peso = escalera fija por diámetro, no medido · stock 0 sin seguimiento (venta continua)"
10898630410573,oyl260416151-19-mercedes-benz,Juego de 4 llantas 19 pulgadas Mercedes-Benz – OYL260416151,OYL260416151,wheel-design-046,mercedes-benz,BENZ S级老 迈巴赫 威霆,19,8.5,5x112,36,66.5,MB,48.0,KILOGRAMS,899.00,,,0,CONTINUE,False,True,1,1,186,176,https://cdn.shopify.com/s/files/1/0995/6920/5581/files/wheel-design-046_e81b26f9-709b-4910-b893-b39e439bb695.png,Juego de 4 llantas 19 pulgadas Mercedes-Benz – OYL260416151,llantas-19-pulgadas|llantas-mercedes-benz,5x112|color-mb|et-36|llantas|llantas-19|mercedes-benz,11,"Llantas 19"" Mercedes-Benz | Juego de 4","Juego de 4 llantas 19X8.5, 5X112, ET +36, compatible de forma orientativa con BENZ S级老 迈巴赫 威霆. Precio cerrado y entrega a domicilio.",DRAFT,ninguno,2026-09-18T16:19:22Z,60,"imagen 186x176 (por debajo de 800x800) · chino del proveedor visible en la descripción · chino del proveedor visible en la meta description · sin coste de proveedor registrado · precio = escalera fija por diámetro, no verificado como PVP · peso = escalera fija por diámetro, no medido · stock 0 sin seguimiento (venta continua)"
10898630476109,oyl260416152-19-mercedes-benz,Juego de 4 llantas 19 pulgadas Mercedes-Benz – OYL260416152,OYL260416152,wheel-design-046,mercedes-benz,BENZ S级老 迈巴赫 威霆,19,9.5,5x112,43,66.5,MB,48.0,KILOGRAMS,899.00,,,0,CONTINUE,False,True,1,1,186,176,https://cdn.shopify.com/s/files/1/0995/6920/5581/files/wheel-design-046_f8b08402-442a-4663-9a3a-1372f87d9bfd.png,"Juego de llantas 19X9.5 Mercedes-Benz, referencia OYL260416152",llantas-19-pulgadas|llantas-mercedes-benz,5x112|color-mb|et-43|llantas|llantas-19|mercedes-benz,11,"Llantas 19"" Mercedes-Benz | Juego de 4","Juego de 4 llantas 19X9.5, 5X112, ET +43, compatible de forma orientativa con BENZ S级老 迈巴赫 威霆. Precio cerrado y entrega a domicilio.",DRAFT,ninguno,2026-09-18T16:19:23Z,60,"imagen 186x176 (por debajo de 800x800) · chino del proveedor visible en la descripción · chino del proveedor visible en la meta description · sin coste de proveedor registrado · precio = escalera fija por diámetro, no verificado como PVP · peso = escalera fija por diámetro, no medido · stock 0 sin seguimiento (venta continua)"
10898630508877,oyl260416153-20-mercedes-benz,Juego de 4 llantas 20 pulgadas Mercedes-Benz – OYL260416153,OYL260416153,wheel-design-046,mercedes-benz,BENZ S级老 迈巴赫 威霆,20,8.5,5x112,36,66.5,MB,52.0,KILOGRAMS,999.00,,,0,CONTINUE,False,True,1,1,186,176,https://cdn.shopify.com/s/files/1/0995/6920/5581/files/wheel-design-046_f39473c7-1437-4105-9118-3398c4388716.png,"Juego de llantas 20X8.5 Mercedes-Benz, referencia OYL260416153",llantas-20-pulgadas|llantas-mercedes-benz,5x112|color-mb|et-36|llantas|llantas-20|mercedes-benz,11,"Llantas 20"" Mercedes-Benz | Juego de 4","Juego de 4 llantas 20X8.5, 5X112, ET +36, compatible de forma orientativa con BENZ S级老 迈巴赫 威霆. Precio cerrado y entrega a domicilio.",DRAFT,ninguno,2026-09-18T16:19:23Z,60,"imagen 186x176 (por debajo de 800x800) · chino del proveedor visible en la descripción · chino del proveedor visible en la meta description · sin coste de proveedor registrado · precio = escalera fija por diámetro, no verificado como PVP · peso = escalera fija por diámetro, no medido · stock 0 sin seguimiento (venta continua)"
10898630607181,oyl260416154-20-mercedes-benz,Juego de 4 llantas 20 pulgadas Mercedes-Benz – OYL260416154,OYL260416154,wheel-design-046,mercedes-benz,BENZ S级老 迈巴赫 威霆,20,9.5,5x112,43,66.5,MB,52.0,KILOGRAMS,999.00,,,0,CONTINUE,False,True,1,1,186,176,https://cdn.shopify.com/s/files/1/0995/6920/5581/files/wheel-design-046_62b20ca9-1d84-4945-88a1-149af2702784.png,Juego de 4 llantas 20 pulgadas Mercedes-Benz – OYL260416154,llantas-20-pulgadas|llantas-mercedes-benz,5x112|color-mb|et-43|llantas|llantas-20|mercedes-benz,11,"Llantas 20"" Mercedes-Benz | Juego de 4","Juego de 4 llantas 20X9.5, 5X112, ET +43, compatible de forma orientativa con BENZ S级老 迈巴赫 威霆. Precio cerrado y entrega a domicilio.",DRAFT,ninguno,2026-09-18T16:19:24Z,60,"imagen 186x176 (por debajo de 800x800) · chino del proveedor visible en la descripción · chino del proveedor visible en la meta description · sin coste de proveedor registrado · precio = escalera fija por diámetro, no verificado como PVP · peso = escalera fija por diámetro, no medido · stock 0 sin seguimiento (venta continua)"
10898630705485,oyl260416155-20-bmw,Juego de 4 llantas 20 pulgadas BMW – OYL260416155,OYL260416155,wheel-design-047,bmw,BMW X5X6,20,10.5,5x112,40,66.5,MB,52.0,KILOGRAMS,999.00,,,0,CONTINUE,False,True,1,1,929,916,https://cdn.shopify.com/s/files/1/0995/6920/5581/files/wheel-design-047_feb8096f-4b37-4de3-8830-2a9172cf14eb.png,Juego de 4 llantas 20 pulgadas BMW – OYL260416155,llantas-20-pulgadas|llantas-bmw,5x112|bmw|color-mb|et-40|llantas|llantas-20,11,"Llantas 20"" BMW | Juego de 4","Juego de 4 llantas 20X10.5, 5X112, ET +40, compatible de forma orientativa con BMW X5X6. Precio cerrado y entrega a domicilio.",DRAFT,ninguno,2026-09-18T16:19:25Z,100,"sin coste de proveedor registrado · precio = escalera fija por diámetro, no verificado como PVP · peso = escalera fija por diámetro, no medido · stock 0 sin seguimiento (venta continua)"
10898630738253,oyl260416156-20-bmw,Juego de 4 llantas 20 pulgadas BMW – OYL260416156,OYL260416156,wheel-design-047,bmw,BMW X5X6,20,10.5,5x120,40,74.1,MB,52.0,KILOGRAMS,999.00,,,0,CONTINUE,False,True,1,1,929,916,https://cdn.shopify.com/s/files/1/0995/6920/5581/files/wheel-design-047_403bd4a5-6398-45b4-99a3-e4fd972dd8eb.png,"Juego de llantas 20X10.5 BMW, referencia OYL260416156",llantas-20-pulgadas|llantas-bmw,5x120|bmw|color-mb|et-40|llantas|llantas-20,11,"Llantas 20"" BMW | Juego de 4","Juego de 4 llantas 20X10.5, 5X120, ET +40, compatible de forma orientativa con BMW X5X6. Precio cerrado y entrega a domicilio.",DRAFT,ninguno,2026-09-18T16:19:25Z,100,"sin coste de proveedor registrado · precio = escalera fija por diámetro, no verificado como PVP · peso = escalera fija por diámetro, no medido · stock 0 sin seguimiento (venta continua)"
10898630803789,oyl260416157-19-bmw,Juego de 4 llantas 19 pulgadas BMW – OYL260416157,OYL260416157,wheel-design-048,bmw,BMW 5系7系,19,8.5,5x112,30,66.5,MB,48.0,KILOGRAMS,899.00,,,0,CONTINUE,False,True,1,1,897,906,https://cdn.shopify.com/s/files/1/0995/6920/5581/files/wheel-design-048_76026deb-7811-46b9-8f6b-b54265d7682d.png,"Juego de llantas 19X8.5 BMW, referencia OYL260416157",llantas-19-pulgadas|llantas-bmw,5x112|bmw|color-mb|et-30|llantas|llantas-19,11,"Llantas 19"" BMW | Juego de 4","Juego de 4 llantas 19X8.5, 5X112, ET +30, compatible de forma orientativa con BMW 5系7系. Precio cerrado y entrega a domicilio.",DRAFT,ninguno,2026-09-18T16:19:26Z,85,"chino del proveedor visible en la descripción · chino del proveedor visible en la meta description · sin coste de proveedor registrado · precio = escalera fija por diámetro, no verificado como PVP · peso = escalera fija por diámetro, no medido · stock 0 sin seguimiento (venta continua)"
10898630869325,oyl260416158-19-bmw,Juego de 4 llantas 19 pulgadas BMW – OYL260416158,OYL260416158,wheel-design-048,bmw,BMW 5系7系,19,9.5,5x112,35,66.5,MB,48.0,KILOGRAMS,899.00,,,0,CONTINUE,False,True,1,1,897,906,https://cdn.shopify.com/s/files/1/0995/6920/5581/files/wheel-design-048_754367f5-4059-4e75-891e-284f764333d5.png,"Juego de llantas 19X9.5 BMW, referencia OYL260416158",llantas-19-pulgadas|llantas-bmw,5x112|bmw|color-mb|et-35|llantas|llantas-19,11,"Llantas 19"" BMW | Juego de 4","Juego de 4 llantas 19X9.5, 5X112, ET +35, compatible de forma orientativa con BMW 5系7系. Precio cerrado y entrega a domicilio.",DRAFT,ninguno,2026-09-18T16:19:27Z,85,"chino del proveedor visible en la descripción · chino del proveedor visible en la meta description · sin coste de proveedor registrado · precio = escalera fija por diámetro, no verificado como PVP · peso = escalera fija por diámetro, no medido · stock 0 sin seguimiento (venta continua)"
10898630902093,oyl260416159-19-bmw,Juego de 4 llantas 19 pulgadas BMW – OYL260416159,OYL260416159,wheel-design-048,bmw,BMW 5系7系,19,8.5,5x120,30,72.6,MB,48.0,KILOGRAMS,899.00,,,0,CONTINUE,False,True,1,1,897,906,https://cdn.shopify.com/s/files/1/0995/6920/5581/files/wheel-design-048_4c642a22-9fcd-4ddf-bbb0-c5e4c9575a5f.png,"Juego de llantas 19X8.5 BMW, referencia OYL260416159",llantas-19-pulgadas|llantas-bmw,5x120|bmw|color-mb|et-30|llantas|llantas-19,11,"Llantas 19"" BMW | Juego de 4","Juego de 4 llantas 19X8.5, 5X120, ET +30, compatible de forma orientativa con BMW 5系7系. Precio cerrado y entrega a domicilio.",DRAFT,ninguno,2026-09-18T16:19:27Z,85,"chino del proveedor visible en la descripción · chino del proveedor visible en la meta description · sin coste de proveedor registrado · precio = escalera fija por diámetro, no verificado como PVP · peso = escalera fija por diámetro, no medido · stock 0 sin seguimiento (venta continua)"
10898630967629,oyl260416160-19-bmw,Juego de 4 llantas 19 pulgadas BMW – OYL260416160,OYL260416160,wheel-design-048,bmw,BMW 5系7系,19,9.5,5x120,35,72.6,MB,48.0,KILOGRAMS,899.00,,,0,CONTINUE,False,True,1,1,897,906,https://cdn.shopify.com/s/files/1/0995/6920/5581/files/wheel-design-048_b0187ab6-0094-4b27-9bae-b482a5b2ef67.png,"Juego de llantas 19X9.5 BMW, referencia OYL260416160",llantas-19-pulgadas|llantas-bmw,5x120|bmw|color-mb|et-35|llantas|llantas-19,11,"Llantas 19"" BMW | Juego de 4","Juego de 4 llantas 19X9.5, 5X120, ET +35, compatible de forma orientativa con BMW 5系7系. Precio cerrado y entrega a domicilio.",DRAFT,ninguno,2026-09-18T16:19:28Z,85,"chino del proveedor visible en la descripción · chino del proveedor visible en la meta description · sin coste de proveedor registrado · precio = escalera fija por diámetro, no verificado como PVP · peso = escalera fija por diámetro, no medido · stock 0 sin seguimiento (venta continua)"
10898631000397,oyl260416161-20-bmw,Juego de 4 llantas 20 pulgadas BMW – OYL260416161,OYL260416161,wheel-design-048,bmw,BMW 5系7系,20,8.5,5x112,25,66.5,MB,52.0,KILOGRAMS,999.00,,,0,CONTINUE,False,True,1,1,897,906,https://cdn.shopify.com/s/files/1/0995/6920/5581/files/wheel-design-048_3a2fe9f0-4083-478e-a9cc-a2c06e16cd8f.png,"Juego de llantas 20X8.5 BMW, referencia OYL260416161",llantas-20-pulgadas|llantas-bmw,5x112|bmw|color-mb|et-25|llantas|llantas-20,11,"Llantas 20"" BMW | Juego de 4","Juego de 4 llantas 20X8.5, 5X112, ET +25, compatible de forma orientativa con BMW 5系7系. Precio cerrado y entrega a domicilio.",DRAFT,ninguno,2026-09-18T16:19:29Z,85,"chino del proveedor visible en la descripción · chino del proveedor visible en la meta description · sin coste de proveedor registrado · precio = escalera fija por diámetro, no verificado como PVP · peso = escalera fija por diámetro, no medido · stock 0 sin seguimiento (venta continua)"
10898631065933,oyl260416162-20-bmw,Juego de 4 llantas 20 pulgadas BMW – OYL260416162,OYL260416162,wheel-design-048,bmw,BMW 5系7系,20,8.5,5x120,25,72.6,MB,52.0,KILOGRAMS,999.00,,,0,CONTINUE,False,True,1,1,897,906,https://cdn.shopify.com/s/files/1/0995/6920/5581/files/wheel-design-048_1fc97486-6f6d-4571-83c9-85792d432055.png,"Juego de llantas 20X8.5 BMW, referencia OYL260416162",llantas-20-pulgadas|llantas-bmw,5x120|bmw|color-mb|et-25|llantas|llantas-20,11,"Llantas 20"" BMW | Juego de 4","Juego de 4 llantas 20X8.5, 5X120, ET +25, compatible de forma orientativa con BMW 5系7系. Precio cerrado y entrega a domicilio.",DRAFT,ninguno,2026-09-18T16:19:29Z,85,"chino del proveedor visible en la descripción · chino del proveedor visible en la meta description · sin coste de proveedor registrado · precio = escalera fija por diámetro, no verificado como PVP · peso = escalera fija por diámetro, no medido · stock 0 sin seguimiento (venta continua)"
10898631131469,oyl260416163-20-bmw,Juego de 4 llantas 20 pulgadas BMW – OYL260416163,OYL260416163,wheel-design-048,bmw,BMW 5系7系,20,9.5,5x120,35,72.6,MB,52.0,KILOGRAMS,999.00,,,0,CONTINUE,False,True,1,1,897,906,https://cdn.shopify.com/s/files/1/0995/6920/5581/files/wheel-design-048_f1cba944-b3c7-441f-9d66-91120db931d4.png,"Juego de llantas 20X9.5 BMW, referencia OYL260416163",llantas-20-pulgadas|llantas-bmw,5x120|bmw|color-mb|et-35|llantas|llantas-20,11,"Llantas 20"" BMW | Juego de 4","Juego de 4 llantas 20X9.5, 5X120, ET +35, compatible de forma orientativa con BMW 5系7系. Precio cerrado y entrega a domicilio.",DRAFT,ninguno,2026-09-18T16:19:30Z,85,"chino del proveedor visible en la descripción · chino del proveedor visible en la meta description · sin coste de proveedor registrado · precio = escalera fija por diámetro, no verificado como PVP · peso = escalera fija por diámetro, no medido · stock 0 sin seguimiento (venta continua)"
10898631164237,oyl260416164-20-bmw,Juego de 4 llantas 20 pulgadas BMW – OYL260416164,OYL260416164,wheel-design-049,bmw,BMW 7系,20,9.5,5x112,40,66.5,MB,52.0,KILOGRAMS,999.00,,,0,CONTINUE,False,True,1,1,915,873,https://cdn.shopify.com/s/files/1/0995/6920/5581/files/wheel-design-049_e32d1817-f946-4aa5-9706-fc8c273014e9.png,"Juego de llantas 20X9.5 BMW, referencia OYL260416164",llantas-20-pulgadas|llantas-bmw,5x112|bmw|color-mb|et-40|llantas|llantas-20,11,"Llantas 20"" BMW | Juego de 4","Juego de 4 llantas 20X9.5, 5X112, ET +40, compatible de forma orientativa con BMW 7系. Precio cerrado y entrega a domicilio.",DRAFT,ninguno,2026-09-18T16:19:30Z,85,"chino del proveedor visible en la descripción · chino del proveedor visible en la meta description · sin coste de proveedor registrado · precio = escalera fija por diámetro, no verificado como PVP · peso = escalera fija por diámetro, no medido · stock 0 sin seguimiento (venta continua)"
10898631229773,oyl260416165-20-bmw,Juego de 4 llantas 20 pulgadas BMW – OYL260416165,OYL260416165,wheel-design-049,bmw,BMW 7系,20,8.5,5x120,25,72.6,MB,52.0,KILOGRAMS,999.00,,,0,CONTINUE,False,True,1,1,915,873,https://cdn.shopify.com/s/files/1/0995/6920/5581/files/wheel-design-049_93f8e6e7-202e-4825-b3cd-c31820ac450d.png,"Juego de llantas 20X8.5 BMW, referencia OYL260416165",llantas-20-pulgadas|llantas-bmw,5x120|bmw|color-mb|et-25|llantas|llantas-20,11,"Llantas 20"" BMW | Juego de 4","Juego de 4 llantas 20X8.5, 5X120, ET +25, compatible de forma orientativa con BMW 7系. Precio cerrado y entrega a domicilio.",DRAFT,ninguno,2026-09-18T16:19:31Z,85,"chino del proveedor visible en la descripción · chino del proveedor visible en la meta description · sin coste de proveedor registrado · precio = escalera fija por diámetro, no verificado como PVP · peso = escalera fija por diámetro, no medido · stock 0 sin seguimiento (venta continua)"
10898631295309,oyl260416166-20-bmw,Juego de 4 llantas 20 pulgadas BMW – OYL260416166,OYL260416166,wheel-design-049,bmw,BMW 7系,20,9.5,5x120,40,72.6,MB,52.0,KILOGRAMS,999.00,,,0,CONTINUE,False,True,1,1,915,873,https://cdn.shopify.com/s/files/1/0995/6920/5581/files/wheel-design-049_b9c64bc8-86e8-4df5-a05c-8aad580b7838.png,"Juego de llantas 20X9.5 BMW, referencia OYL260416166",llantas-20-pulgadas|llantas-bmw,5x120|bmw|color-mb|et-40|llantas|llantas-20,11,"Llantas 20"" BMW | Juego de 4","Juego de 4 llantas 20X9.5, 5X120, ET +40, compatible de forma orientativa con BMW 7系. Precio cerrado y entrega a domicilio.",DRAFT,ninguno,2026-09-18T16:19:32Z,85,"chino del proveedor visible en la descripción · chino del proveedor visible en la meta description · sin coste de proveedor registrado · precio = escalera fija por diámetro, no verificado como PVP · peso = escalera fija por diámetro, no medido · stock 0 sin seguimiento (venta continua)"
10898631328077,oyl260416167-21-bmw,Juego de 4 llantas 21 pulgadas BMW – OYL260416167,OYL260416167,wheel-design-049,bmw,BMW 7系,21,9.0,5x112,24,66.5,MB,56.0,KILOGRAMS,1099.00,,,0,CONTINUE,False,True,1,1,915,873,https://cdn.shopify.com/s/files/1/0995/6920/5581/files/wheel-design-049_452d7f94-caef-47f2-990f-4022d88e4517.png,"Juego de llantas 21X9.0 BMW, referencia OYL260416167",llantas-21-pulgadas|llantas-bmw,5x112|bmw|color-mb|et-24|llantas|llantas-21,11,"Llantas 21"" BMW | Juego de 4","Juego de 4 llantas 21X9.0, 5X112, ET +24, compatible de forma orientativa con BMW 7系. Precio cerrado y entrega a domicilio.",DRAFT,ninguno,2026-09-18T16:19:32Z,85,"chino del proveedor visible en la descripción · chino del proveedor visible en la meta description · sin coste de proveedor registrado · precio = escalera fija por diámetro, no verificado como PVP · peso = escalera fija por diámetro, no medido · stock 0 sin seguimiento (venta continua)"
10898631426381,oyl260416168-21-bmw,Juego de 4 llantas 21 pulgadas BMW – OYL260416168,OYL260416168,wheel-design-049,bmw,BMW 7系,21,10.5,5x112,44,66.5,MB,56.0,KILOGRAMS,1099.00,,,0,CONTINUE,False,True,1,1,915,873,https://cdn.shopify.com/s/files/1/0995/6920/5581/files/wheel-design-049_626bd61f-948d-4869-9e22-a13ccf6e9d23.png,Juego de 4 llantas 21 pulgadas BMW – OYL260416168,llantas-21-pulgadas|llantas-bmw,5x112|bmw|color-mb|et-44|llantas|llantas-21,11,"Llantas 21"" BMW | Juego de 4","Juego de 4 llantas 21X10.5, 5X112, ET +44, compatible de forma orientativa con BMW 7系. Precio cerrado y entrega a domicilio.",DRAFT,ninguno,2026-09-18T16:19:33Z,85,"chino del proveedor visible en la descripción · chino del proveedor visible en la meta description · sin coste de proveedor registrado · precio = escalera fija por diámetro, no verificado como PVP · peso = escalera fija por diámetro, no medido · stock 0 sin seguimiento (venta continua)"
10898631459149,oyl260416169-21-bmw,Juego de 4 llantas 21 pulgadas BMW – OYL260416169,OYL260416169,wheel-design-049,bmw,BMW 7系,21,9.0,5x120,24,72.6,MB,56.0,KILOGRAMS,1099.00,,,0,CONTINUE,False,True,1,1,915,873,https://cdn.shopify.com/s/files/1/0995/6920/5581/files/wheel-design-049_aa75d792-3c06-4802-8295-d48e6922ca64.png,"Juego de llantas 21X9.0 BMW, referencia OYL260416169",llantas-21-pulgadas|llantas-bmw,5x120|bmw|color-mb|et-24|llantas|llantas-21,11,"Llantas 21"" BMW | Juego de 4","Juego de 4 llantas 21X9.0, 5X120, ET +24, compatible de forma orientativa con BMW 7系. Precio cerrado y entrega a domicilio.",DRAFT,ninguno,2026-09-18T16:19:33Z,85,"chino del proveedor visible en la descripción · chino del proveedor visible en la meta description · sin coste de proveedor registrado · precio = escalera fija por diámetro, no verificado como PVP · peso = escalera fija por diámetro, no medido · stock 0 sin seguimiento (venta continua)"
10898631524685,oyl260416170-21-bmw,Juego de 4 llantas 21 pulgadas BMW – OYL260416170,OYL260416170,wheel-design-049,bmw,BMW 7系,21,10.5,5x120,44,72.6,MB,56.0,KILOGRAMS,1099.00,,,0,CONTINUE,False,True,1,1,915,873,https://cdn.shopify.com/s/files/1/0995/6920/5581/files/wheel-design-049_d1e994a7-d74d-4b5c-8f21-2e50acd8147c.png,"Juego de llantas 21X10.5 BMW, referencia OYL260416170",llantas-21-pulgadas|llantas-bmw,5x120|bmw|color-mb|et-44|llantas|llantas-21,11,"Llantas 21"" BMW | Juego de 4","Juego de 4 llantas 21X10.5, 5X120, ET +44, compatible de forma orientativa con BMW 7系. Precio cerrado y entrega a domicilio.",DRAFT,ninguno,2026-09-18T16:19:34Z,85,"chino del proveedor visible en la descripción · chino del proveedor visible en la meta description · sin coste de proveedor registrado · precio = escalera fija por diámetro, no verificado como PVP · peso = escalera fija por diámetro, no medido · stock 0 sin seguimiento (venta continua)"
10898631590221,oyl260416171-19-bmw,Juego de 4 llantas 19 pulgadas BMW – OYL260416171,OYL260416171,wheel-design-050,bmw,BMW 3/5系,19,8.0,5x120,25,72.56,MB,48.0,KILOGRAMS,899.00,,,0,CONTINUE,False,True,1,1,892,930,https://cdn.shopify.com/s/files/1/0995/6920/5581/files/wheel-design-050_8471aed9-fb88-4507-a373-c37b50a790e2.png,"Juego de llantas 19X8.0 BMW, referencia OYL260416171",llantas-19-pulgadas|llantas-bmw,5x120|bmw|color-mb|et-25|llantas|llantas-19,11,"Llantas 19"" BMW | Juego de 4","Juego de 4 llantas 19X8.0, 5X120, ET +25, compatible de forma orientativa con BMW 3/5系. Precio cerrado y entrega a domicilio.",DRAFT,ninguno,2026-09-18T16:19:34Z,85,"chino del proveedor visible en la descripción · chino del proveedor visible en la meta description · sin coste de proveedor registrado · precio = escalera fija por diámetro, no verificado como PVP · peso = escalera fija por diámetro, no medido · stock 0 sin seguimiento (venta continua)"
10898631622989,oyl260416172-19-bmw,Juego de 4 llantas 19 pulgadas BMW – OYL260416172,OYL260416172,wheel-design-050,bmw,BMW 3/5系,19,9.0,5x112,35,66.5,B,48.0,KILOGRAMS,899.00,,,0,CONTINUE,False,True,1,1,892,930,https://cdn.shopify.com/s/files/1/0995/6920/5581/files/wheel-design-050_69290e39-153a-49cb-8981-cbd6066ebff9.png,Juego de 4 llantas 19 pulgadas BMW – OYL260416172,llantas-19-pulgadas|llantas-bmw,5x112|bmw|color-b|et-35|llantas|llantas-19,11,"Llantas 19"" BMW | Juego de 4","Juego de 4 llantas 19X9.0, 5X112, ET +35, compatible de forma orientativa con BMW 3/5系. Precio cerrado y entrega a domicilio.",DRAFT,ninguno,2026-09-18T16:19:35Z,85,"chino del proveedor visible en la descripción · chino del proveedor visible en la meta description · sin coste de proveedor registrado · precio = escalera fija por diámetro, no verificado como PVP · peso = escalera fija por diámetro, no medido · stock 0 sin seguimiento (venta continua)"
10898631688525,oyl260416173-19-bmw,Juego de 4 llantas 19 pulgadas BMW – OYL260416173,OYL260416173,wheel-design-050,bmw,BMW 3/5系,19,8.0,5x120,25,72.56,B,48.0,KILOGRAMS,899.00,,,0,CONTINUE,False,True,1,1,892,930,https://cdn.shopify.com/s/files/1/0995/6920/5581/files/wheel-design-050_553d9b9f-d785-4834-bfde-8d5edde19f5c.png,"Juego de llantas 19X8.0 BMW, referencia OYL260416173",llantas-19-pulgadas|llantas-bmw,5x120|bmw|color-b|et-25|llantas|llantas-19,11,"Llantas 19"" BMW | Juego de 4","Juego de 4 llantas 19X8.0, 5X120, ET +25, compatible de forma orientativa con BMW 3/5系. Precio cerrado y entrega a domicilio.",DRAFT,ninguno,2026-09-18T16:19:36Z,85,"chino del proveedor visible en la descripción · chino del proveedor visible en la meta description · sin coste de proveedor registrado · precio = escalera fija por diámetro, no verificado como PVP · peso = escalera fija por diámetro, no medido · stock 0 sin seguimiento (venta continua)"
10898631721293,oyl260416174-18-volkswagen,Juego de 4 llantas 18 pulgadas Volkswagen – OYL260416174,OYL260416174,wheel-design-051,volkswagen,VW全系,18,8.0,5x112,35,57.1,B,44.0,KILOGRAMS,799.00,,,0,CONTINUE,False,True,1,1,190,165,https://cdn.shopify.com/s/files/1/0995/6920/5581/files/wheel-design-051_bac09328-95df-4fa6-b0ee-d95fa02a79ed.png,"Juego de llantas 18X8.0 Volkswagen, referencia OYL260416174",llantas-18-pulgadas|llantas-volkswagen,5x112|color-b|et-35|llantas|llantas-18|volkswagen,11,"Llantas 18"" Volkswagen | Juego de 4","Juego de 4 llantas 18X8.0, 5X112, ET +35, compatible de forma orientativa con VW全系. Precio cerrado y entrega a domicilio.",DRAFT,ninguno,2026-09-18T16:19:36Z,60,"imagen 190x165 (por debajo de 800x800) · chino del proveedor visible en la descripción · chino del proveedor visible en la meta description · sin coste de proveedor registrado · precio = escalera fija por diámetro, no verificado como PVP · peso = escalera fija por diámetro, no medido · stock 0 sin seguimiento (venta continua)"
10898631786829,oyl260416175-18-volkswagen,Juego de 4 llantas 18 pulgadas Volkswagen – OYL260416175,OYL260416175,wheel-design-051,volkswagen,VW全系,18,8.0,5x112,35,57.1,S,44.0,KILOGRAMS,799.00,,,0,CONTINUE,False,True,1,1,190,165,https://cdn.shopify.com/s/files/1/0995/6920/5581/files/wheel-design-051_d2d19b4a-34a8-4450-b246-80fb29fab9b0.png,"Juego de llantas 18X8.0 Volkswagen, referencia OYL260416175",llantas-18-pulgadas|llantas-volkswagen,5x112|color-s|et-35|llantas|llantas-18|volkswagen,11,"Llantas 18"" Volkswagen | Juego de 4","Juego de 4 llantas 18X8.0, 5X112, ET +35, compatible de forma orientativa con VW全系. Precio cerrado y entrega a domicilio.",DRAFT,ninguno,2026-09-18T16:19:37Z,60,"imagen 190x165 (por debajo de 800x800) · chino del proveedor visible en la descripción · chino del proveedor visible en la meta description · sin coste de proveedor registrado · precio = escalera fija por diámetro, no verificado como PVP · peso = escalera fija por diámetro, no medido · stock 0 sin seguimiento (venta continua)"
10898631852365,oyl260416176-19-volkswagen,Juego de 4 llantas 19 pulgadas Volkswagen – OYL260416176,OYL260416176,wheel-design-051,volkswagen,(VWMagotan-2024/2025/改）,19,8.0,5x112,38,57.1,B,48.0,KILOGRAMS,899.00,,,0,CONTINUE,False,True,1,1,190,165,https://cdn.shopify.com/s/files/1/0995/6920/5581/files/wheel-design-051_23399fe1-5cea-48dc-8fbe-5c0b9d45ff02.png,"Juego de llantas 19X8.0 Volkswagen, referencia OYL260416176",llantas-19-pulgadas|llantas-volkswagen,5x112|color-b|et-38|llantas|llantas-19|volkswagen,11,"Llantas 19"" Volkswagen | Juego de 4","Juego de 4 llantas 19X8.0, 5X112, ET +38, compatible de forma orientativa con (VWMagotan-2024/2025/改）. Precio cerrado y entrega a domicilio.",DRAFT,ninguno,2026-09-18T16:19:37Z,60,"imagen 190x165 (por debajo de 800x800) · chino del proveedor visible en la descripción · chino del proveedor visible en la meta description · sin coste de proveedor registrado · precio = escalera fija por diámetro, no verificado como PVP · peso = escalera fija por diámetro, no medido · stock 0 sin seguimiento (venta continua)"
10898631885133,oyl260416177-19-volkswagen,Juego de 4 llantas 19 pulgadas Volkswagen – OYL260416177,OYL260416177,wheel-design-051,volkswagen,(VWMagotan-2024/2025/改）,19,8.0,5x112,38,57.1,S,48.0,KILOGRAMS,899.00,,,0,CONTINUE,False,True,1,1,190,165,https://cdn.shopify.com/s/files/1/0995/6920/5581/files/wheel-design-051_4878dafd-803d-415d-b823-f08bbddf331f.png,"Juego de llantas 19X8.0 Volkswagen, referencia OYL260416177",llantas-19-pulgadas|llantas-volkswagen,5x112|color-s|et-38|llantas|llantas-19|volkswagen,11,"Llantas 19"" Volkswagen | Juego de 4","Juego de 4 llantas 19X8.0, 5X112, ET +38, compatible de forma orientativa con (VWMagotan-2024/2025/改）. Precio cerrado y entrega a domicilio.",DRAFT,ninguno,2026-09-18T16:19:38Z,60,"imagen 190x165 (por debajo de 800x800) · chino del proveedor visible en la descripción · chino del proveedor visible en la meta description · sin coste de proveedor registrado · precio = escalera fija por diámetro, no verificado como PVP · peso = escalera fija por diámetro, no medido · stock 0 sin seguimiento (venta continua)"
10898631950669,oyl260416178-17-volkswagen,Juego de 4 llantas 17 pulgadas Volkswagen – OYL260416178,OYL260416178,wheel-design-052,volkswagen,VW全系,17,7.5,5x100,35,57.1,MB,40.0,KILOGRAMS,699.00,,,0,CONTINUE,False,True,1,1,197,181,https://cdn.shopify.com/s/files/1/0995/6920/5581/files/wheel-design-052_0f045503-1197-4309-8b8b-64cea04a4939.png,"Juego de llantas 17X7.5 Volkswagen, referencia OYL260416178",llantas-17-pulgadas|llantas-volkswagen,5x100|color-mb|et-35|llantas|llantas-17|volkswagen,11,"Llantas 17"" Volkswagen | Juego de 4","Juego de 4 llantas 17X7.5, 5X100, ET +35, compatible de forma orientativa con VW全系. Precio cerrado y entrega a domicilio.",DRAFT,ninguno,2026-09-18T16:19:39Z,60,"imagen 197x181 (por debajo de 800x800) · chino del proveedor visible en la descripción · chino del proveedor visible en la meta description · sin coste de proveedor registrado · precio = escalera fija por diámetro, no verificado como PVP · peso = escalera fija por diámetro, no medido · stock 0 sin seguimiento (venta continua)"
10898631983437,oyl260416179-18-volkswagen,Juego de 4 llantas 18 pulgadas Volkswagen – OYL260416179,OYL260416179,wheel-design-052,volkswagen,VW全系,18,8.0,5x112,35,57.1,MB,44.0,KILOGRAMS,799.00,,,0,CONTINUE,False,True,1,1,197,181,https://cdn.shopify.com/s/files/1/0995/6920/5581/files/wheel-design-052_e9f65664-021e-4f5e-a335-7c616db6188b.png,"Juego de llantas 18X8.0 Volkswagen, referencia OYL260416179",llantas-18-pulgadas|llantas-volkswagen,5x112|color-mb|et-35|llantas|llantas-18|volkswagen,11,"Llantas 18"" Volkswagen | Juego de 4","Juego de 4 llantas 18X8.0, 5X112, ET +35, compatible de forma orientativa con VW全系. Precio cerrado y entrega a domicilio.",DRAFT,ninguno,2026-09-18T16:19:39Z,60,"imagen 197x181 (por debajo de 800x800) · chino del proveedor visible en la descripción · chino del proveedor visible en la meta description · sin coste de proveedor registrado · precio = escalera fija por diámetro, no verificado como PVP · peso = escalera fija por diámetro, no medido · stock 0 sin seguimiento (venta continua)"
10898632048973,oyl260416180-19-mercedes-benz,Juego de 4 llantas 19 pulgadas Mercedes-Benz – OYL260416180,OYL260416180,wheel-design-053,mercedes-benz,BENZ C43 AMG,19,8.5,5x112,36,66.5,MB,48.0,KILOGRAMS,899.00,,,0,CONTINUE,False,True,1,1,225,213,https://cdn.shopify.com/s/files/1/0995/6920/5581/files/wheel-design-053_d750500a-0896-4ff3-b271-709b9b5fc6a6.png,"Juego de llantas 19X8.5 Mercedes-Benz, referencia OYL260416180",llantas-19-pulgadas|llantas-mercedes-benz,5x112|color-mb|et-36|llantas|llantas-19|mercedes-benz,11,"Llantas 19"" Mercedes-Benz | Juego de 4","Juego de 4 llantas 19X8.5, 5X112, ET +36, compatible de forma orientativa con BENZ C43 AMG. Precio cerrado y entrega a domicilio.",DRAFT,ninguno,2026-09-18T16:19:40Z,75,"imagen 225x213 (por debajo de 800x800) · sin coste de proveedor registrado · precio = escalera fija por diámetro, no verificado como PVP · peso = escalera fija por diámetro, no medido · stock 0 sin seguimiento (venta continua)"
10898632114509,oyl260416181-19-mercedes-benz,Juego de 4 llantas 19 pulgadas Mercedes-Benz – OYL260416181,OYL260416181,wheel-design-053,mercedes-benz,BENZ C43 AMG,19,9.5,5x112,42,66.5,MB,48.0,KILOGRAMS,899.00,,,0,CONTINUE,False,True,1,1,225,213,https://cdn.shopify.com/s/files/1/0995/6920/5581/files/wheel-design-053_c21ba9c5-de1e-4c26-b92f-64fc97b40a92.png,Juego de 4 llantas 19 pulgadas Mercedes-Benz – OYL260416181,llantas-19-pulgadas|llantas-mercedes-benz,5x112|color-mb|et-42|llantas|llantas-19|mercedes-benz,11,"Llantas 19"" Mercedes-Benz | Juego de 4","Juego de 4 llantas 19X9.5, 5X112, ET +42, compatible de forma orientativa con BENZ C43 AMG. Precio cerrado y entrega a domicilio.",DRAFT,ninguno,2026-09-18T16:19:40Z,75,"imagen 225x213 (por debajo de 800x800) · sin coste de proveedor registrado · precio = escalera fija por diámetro, no verificado como PVP · peso = escalera fija por diámetro, no medido · stock 0 sin seguimiento (venta continua)"
10898632147277,oyl260416182-20-mercedes-benz,Juego de 4 llantas 20 pulgadas Mercedes-Benz – OYL260416182,OYL260416182,wheel-design-053,mercedes-benz,BENZ C43 AMG,20,8.5,5x112,36,66.5,MB,52.0,KILOGRAMS,999.00,,,0,CONTINUE,False,True,1,1,225,213,https://cdn.shopify.com/s/files/1/0995/6920/5581/files/wheel-design-053_0a551dba-2da1-43f5-87fb-37c95f971142.png,"Juego de llantas 20X8.5 Mercedes-Benz, referencia OYL260416182",llantas-20-pulgadas|llantas-mercedes-benz,5x112|color-mb|et-36|llantas|llantas-20|mercedes-benz,11,"Llantas 20"" Mercedes-Benz | Juego de 4","Juego de 4 llantas 20X8.5, 5X112, ET +36, compatible de forma orientativa con BENZ C43 AMG. Precio cerrado y entrega a domicilio.",DRAFT,ninguno,2026-09-18T16:19:41Z,75,"imagen 225x213 (por debajo de 800x800) · sin coste de proveedor registrado · precio = escalera fija por diámetro, no verificado como PVP · peso = escalera fija por diámetro, no medido · stock 0 sin seguimiento (venta continua)"
10898632245581,oyl260416183-20-mercedes-benz,Juego de 4 llantas 20 pulgadas Mercedes-Benz – OYL260416183,OYL260416183,wheel-design-053,mercedes-benz,BENZ C43 AMG,20,9.5,5x112,42,66.5,MB,52.0,KILOGRAMS,999.00,,,0,CONTINUE,False,True,1,1,225,213,https://cdn.shopify.com/s/files/1/0995/6920/5581/files/wheel-design-053_95f2f32a-d954-40a5-bb1e-65570a354bd2.png,"Juego de llantas 20X9.5 Mercedes-Benz, referencia OYL260416183",llantas-20-pulgadas|llantas-mercedes-benz,5x112|color-mb|et-42|llantas|llantas-20|mercedes-benz,11,"Llantas 20"" Mercedes-Benz | Juego de 4","Juego de 4 llantas 20X9.5, 5X112, ET +42, compatible de forma orientativa con BENZ C43 AMG. Precio cerrado y entrega a domicilio.",DRAFT,ninguno,2026-09-18T16:19:41Z,75,"imagen 225x213 (por debajo de 800x800) · sin coste de proveedor registrado · precio = escalera fija por diámetro, no verificado como PVP · peso = escalera fija por diámetro, no medido · stock 0 sin seguimiento (venta continua)"
10898632278349,oyl260416184-19-bmw,Juego de 4 llantas 19 pulgadas BMW – OYL260416184,OYL260416184,wheel-design-054,bmw,BMW M5-2021/改装,19,9.5,5x112,35,66.5,MB,48.0,KILOGRAMS,899.00,,,0,CONTINUE,False,True,1,1,199,189,https://cdn.shopify.com/s/files/1/0995/6920/5581/files/wheel-design-054_070e8ad7-c672-46d9-a1dd-36689c05f30f.png,"Juego de llantas 19X9.5 BMW, referencia OYL260416184",llantas-19-pulgadas|llantas-bmw,5x112|bmw|color-mb|et-35|llantas|llantas-19,11,"Llantas 19"" BMW | Juego de 4","Juego de 4 llantas 19X9.5, 5X112, ET +35, compatible de forma orientativa con BMW M5-2021/改装. Precio cerrado y entrega a domicilio.",DRAFT,ninguno,2026-09-18T16:19:42Z,60,"imagen 199x189 (por debajo de 800x800) · chino del proveedor visible en la descripción · chino del proveedor visible en la meta description · sin coste de proveedor registrado · precio = escalera fija por diámetro, no verificado como PVP · peso = escalera fija por diámetro, no medido · stock 0 sin seguimiento (venta continua)"
10898632343885,oyl260416185-19-bmw,Juego de 4 llantas 19 pulgadas BMW – OYL260416185,OYL260416185,wheel-design-054,bmw,BMW M5-2021/改装,19,9.5,5x120,35,72.6,MB,48.0,KILOGRAMS,899.00,,,0,CONTINUE,False,True,1,1,199,189,https://cdn.shopify.com/s/files/1/0995/6920/5581/files/wheel-design-054_ccfc3d61-024b-4dd0-9ddb-2c27af8fc32f.png,"Juego de llantas 19X9.5 BMW, referencia OYL260416185",llantas-19-pulgadas|llantas-bmw,5x120|bmw|color-mb|et-35|llantas|llantas-19,11,"Llantas 19"" BMW | Juego de 4","Juego de 4 llantas 19X9.5, 5X120, ET +35, compatible de forma orientativa con BMW M5-2021/改装. Precio cerrado y entrega a domicilio.",DRAFT,ninguno,2026-09-18T16:19:42Z,60,"imagen 199x189 (por debajo de 800x800) · chino del proveedor visible en la descripción · chino del proveedor visible en la meta description · sin coste de proveedor registrado · precio = escalera fija por diámetro, no verificado como PVP · peso = escalera fija por diámetro, no medido · stock 0 sin seguimiento (venta continua)"
10898632376653,oyl260416186-20-bmw,Juego de 4 llantas 20 pulgadas BMW – OYL260416186,OYL260416186,wheel-design-054,bmw,BMW 改装,20,9.5,5x112,40,66.5,MB,52.0,KILOGRAMS,999.00,,,0,CONTINUE,False,True,1,1,199,189,https://cdn.shopify.com/s/files/1/0995/6920/5581/files/wheel-design-054_e2ce1384-1aa7-4475-b176-af3cf96d07a4.png,"Juego de llantas 20X9.5 BMW, referencia OYL260416186",llantas-20-pulgadas|llantas-bmw,5x112|bmw|color-mb|et-40|llantas|llantas-20,11,"Llantas 20"" BMW | Juego de 4","Juego de 4 llantas 20X9.5, 5X112, ET +40, compatible de forma orientativa con BMW 改装. Precio cerrado y entrega a domicilio.",DRAFT,ninguno,2026-09-18T16:19:43Z,60,"imagen 199x189 (por debajo de 800x800) · chino del proveedor visible en la descripción · chino del proveedor visible en la meta description · sin coste de proveedor registrado · precio = escalera fija por diámetro, no verificado como PVP · peso = escalera fija por diámetro, no medido · stock 0 sin seguimiento (venta continua)"
10898632442189,oyl260416187-20-bmw,Juego de 4 llantas 20 pulgadas BMW – OYL260416187,OYL260416187,wheel-design-054,bmw,BMW 改装,20,8.5,5x120,25,72.6,MB,52.0,KILOGRAMS,999.00,,,0,CONTINUE,False,True,1,1,199,189,https://cdn.shopify.com/s/files/1/0995/6920/5581/files/wheel-design-054_35db49ec-846b-4292-9a99-a0f32191328e.png,Juego de 4 llantas 20 pulgadas BMW – OYL260416187,llantas-20-pulgadas|llantas-bmw,5x120|bmw|color-mb|et-25|llantas|llantas-20,11,"Llantas 20"" BMW | Juego de 4","Juego de 4 llantas 20X8.5, 5X120, ET +25, compatible de forma orientativa con BMW 改装. Precio cerrado y entrega a domicilio.",DRAFT,ninguno,2026-09-18T16:19:44Z,60,"imagen 199x189 (por debajo de 800x800) · chino del proveedor visible en la descripción · chino del proveedor visible en la meta description · sin coste de proveedor registrado · precio = escalera fija por diámetro, no verificado como PVP · peso = escalera fija por diámetro, no medido · stock 0 sin seguimiento (venta continua)"
10898632507725,oyl260416188-17-audi,Juego de 4 llantas 17 pulgadas Audi – OYL260416188,OYL260416188,wheel-design-055,audi,AUDIA4/A6,17,7.5,5x112,35,66.45,MB,40.0,KILOGRAMS,699.00,,,0,CONTINUE,False,True,1,1,176,149,https://cdn.shopify.com/s/files/1/0995/6920/5581/files/wheel-design-055_08e87b07-14b6-4b96-a3ee-4a98f1dcb059.png,Juego de 4 llantas 17 pulgadas Audi – OYL260416188,llantas-17-pulgadas|llantas-audi,5x112|audi|color-mb|et-35|llantas|llantas-17,11,"Llantas 17"" Audi | Juego de 4","Juego de 4 llantas 17X7.5, 5X112, ET +35, compatible de forma orientativa con AUDIA4/A6. Precio cerrado y entrega a domicilio.",DRAFT,ninguno,2026-09-18T16:19:44Z,75,"imagen 176x149 (por debajo de 800x800) · sin coste de proveedor registrado · precio = escalera fija por diámetro, no verificado como PVP · peso = escalera fija por diámetro, no medido · stock 0 sin seguimiento (venta continua)"
10898632540493,oyl260416189-18-audi,Juego de 4 llantas 18 pulgadas Audi – OYL260416189,OYL260416189,wheel-design-055,audi,AUDIA4/A6/改装车型,18,8.0,5x112,35,66.45,MB,44.0,KILOGRAMS,799.00,,,0,CONTINUE,False,True,1,1,176,149,https://cdn.shopify.com/s/files/1/0995/6920/5581/files/wheel-design-055_ff6842fb-a359-45e2-8611-c4b30af4732b.png,"Juego de llantas 18X8.0 Audi, referencia OYL260416189",llantas-18-pulgadas|llantas-audi,5x112|audi|color-mb|et-35|llantas|llantas-18,11,"Llantas 18"" Audi | Juego de 4","Juego de 4 llantas 18X8.0, 5X112, ET +35, compatible de forma orientativa con AUDIA4/A6/改装车型. Precio cerrado y entrega a domicilio.",DRAFT,ninguno,2026-09-18T16:19:45Z,60,"imagen 176x149 (por debajo de 800x800) · chino del proveedor visible en la descripción · chino del proveedor visible en la meta description · sin coste de proveedor registrado · precio = escalera fija por diámetro, no verificado como PVP · peso = escalera fija por diámetro, no medido · stock 0 sin seguimiento (venta continua)"
10898632606029,oyl260416190-19-audi,Juego de 4 llantas 19 pulgadas Audi – OYL260416190,OYL260416190,wheel-design-055,audi,AUDIA8,19,8.5,5x112,35,66.45,MB,48.0,KILOGRAMS,899.00,,,0,CONTINUE,False,True,1,1,176,149,https://cdn.shopify.com/s/files/1/0995/6920/5581/files/wheel-design-055_fec59398-1863-4ea1-a662-09fc765296c3.png,Juego de 4 llantas 19 pulgadas Audi – OYL260416190,llantas-19-pulgadas|llantas-audi,5x112|audi|color-mb|et-35|llantas|llantas-19,11,"Llantas 19"" Audi | Juego de 4","Juego de 4 llantas 19X8.5, 5X112, ET +35, compatible de forma orientativa con AUDIA8. Precio cerrado y entrega a domicilio.",DRAFT,ninguno,2026-09-18T16:19:46Z,75,"imagen 176x149 (por debajo de 800x800) · sin coste de proveedor registrado · precio = escalera fija por diámetro, no verificado como PVP · peso = escalera fija por diámetro, no medido · stock 0 sin seguimiento (venta continua)"
10898632671565,oyl260416191-21-audi,Juego de 4 llantas 21 pulgadas Audi – OYL260416191,OYL260416191,wheel-design-055,audi,AUDIRS6,21,9.0,5x112,25,66.45,MB,56.0,KILOGRAMS,1099.00,,,0,CONTINUE,False,True,1,1,176,149,https://cdn.shopify.com/s/files/1/0995/6920/5581/files/wheel-design-055_b0447dac-60d9-43d0-8eac-5ef1bd673687.png,"Juego de llantas 21X9.0 Audi, referencia OYL260416191",llantas-21-pulgadas|llantas-audi,5x112|audi|color-mb|et-25|llantas|llantas-21,11,"Llantas 21"" Audi | Juego de 4","Juego de 4 llantas 21X9.0, 5X112, ET +25, compatible de forma orientativa con AUDIRS6. Precio cerrado y entrega a domicilio.",DRAFT,ninguno,2026-09-18T16:19:47Z,75,"imagen 176x149 (por debajo de 800x800) · sin coste de proveedor registrado · precio = escalera fija por diámetro, no verificado como PVP · peso = escalera fija por diámetro, no medido · stock 0 sin seguimiento (venta continua)"
10898632737101,oyl260416192-20-audi,Juego de 4 llantas 20 pulgadas Audi – OYL260416192,OYL260416192,wheel-design-056,audi,AUDIQ7,20,9.0,5x112,30,66.45,MB,52.0,KILOGRAMS,999.00,,,0,CONTINUE,False,True,1,1,188,190,https://cdn.shopify.com/s/files/1/0995/6920/5581/files/wheel-design-056_5d7831dc-3753-4866-bb73-9d325b55b23d.jpg,"Juego de llantas 20X9.0 Audi, referencia OYL260416192",llantas-20-pulgadas|llantas-audi,5x112|audi|color-mb|et-30|llantas|llantas-20,11,"Llantas 20"" Audi | Juego de 4","Juego de 4 llantas 20X9.0, 5X112, ET +30, compatible de forma orientativa con AUDIQ7. Precio cerrado y entrega a domicilio.",DRAFT,ninguno,2026-09-18T16:19:47Z,75,"imagen 188x190 (por debajo de 800x800) · sin coste de proveedor registrado · precio = escalera fija por diámetro, no verificado como PVP · peso = escalera fija por diámetro, no medido · stock 0 sin seguimiento (venta continua)"
10898632802637,oyl260416193-22-audi,Juego de 4 llantas 22 pulgadas Audi – OYL260416193,OYL260416193,wheel-design-056,audi,AUDIQ7,22,10.0,5x112,20,66.5,MB,60.0,KILOGRAMS,1249.00,,,0,CONTINUE,False,True,1,1,188,190,https://cdn.shopify.com/s/files/1/0995/6920/5581/files/wheel-design-056_9b1a2aa5-c055-4c86-843f-73edd19e89c4.jpg,Juego de 4 llantas 22 pulgadas Audi – OYL260416193,llantas-22-pulgadas|llantas-audi,5x112|audi|color-mb|et-20|llantas|llantas-22,11,"Llantas 22"" Audi | Juego de 4","Juego de 4 llantas 22X10, 5X112, ET +20, compatible de forma orientativa con AUDIQ7. Precio cerrado y entrega a domicilio.",DRAFT,ninguno,2026-09-18T16:19:48Z,75,"imagen 188x190 (por debajo de 800x800) · sin coste de proveedor registrado · precio = escalera fija por diámetro, no verificado como PVP · peso = escalera fija por diámetro, no medido · stock 0 sin seguimiento (venta continua)"
10898632868173,oyl260416194-19-mercedes-benz,Juego de 4 llantas 19 pulgadas Mercedes-Benz – OYL260416194,OYL260416194,wheel-design-057,mercedes-benz,BENZ 迈巴赫改装,19,8.5,5x112,36,66.5,B,48.0,KILOGRAMS,899.00,,,0,CONTINUE,False,True,1,1,230,215,https://cdn.shopify.com/s/files/1/0995/6920/5581/files/wheel-design-057_f26ea81d-7af1-49da-88ed-7bdb5c663a95.png,"Juego de llantas 19X8.5 Mercedes-Benz, referencia OYL260416194",llantas-19-pulgadas|llantas-mercedes-benz,5x112|color-b|et-36|llantas|llantas-19|mercedes-benz,11,"Llantas 19"" Mercedes-Benz | Juego de 4","Juego de 4 llantas 19X8.5, 5X112, ET +36, compatible de forma orientativa con BENZ 迈巴赫改装. Precio cerrado y entrega a domicilio.",DRAFT,ninguno,2026-09-18T16:19:48Z,60,"imagen 230x215 (por debajo de 800x800) · chino del proveedor visible en la descripción · chino del proveedor visible en la meta description · sin coste de proveedor registrado · precio = escalera fija por diámetro, no verificado como PVP · peso = escalera fija por diámetro, no medido · stock 0 sin seguimiento (venta continua)"
10898632900941,oyl260416195-20-mercedes-benz,Juego de 4 llantas 20 pulgadas Mercedes-Benz – OYL260416195,OYL260416195,wheel-design-057,mercedes-benz,BENZ 迈巴赫改装,20,8.5,5x112,36,66.5,B,52.0,KILOGRAMS,999.00,,,0,CONTINUE,False,True,1,1,230,215,https://cdn.shopify.com/s/files/1/0995/6920/5581/files/wheel-design-057_d3f083f1-05b0-4278-9ff7-27fe9e404b5b.png,Juego de 4 llantas 20 pulgadas Mercedes-Benz – OYL260416195,llantas-20-pulgadas|llantas-mercedes-benz,5x112|color-b|et-36|llantas|llantas-20|mercedes-benz,11,"Llantas 20"" Mercedes-Benz | Juego de 4","Juego de 4 llantas 20X8.5, 5X112, ET +36, compatible de forma orientativa con BENZ 迈巴赫改装. Precio cerrado y entrega a domicilio.",DRAFT,ninguno,2026-09-18T16:19:49Z,60,"imagen 230x215 (por debajo de 800x800) · chino del proveedor visible en la descripción · chino del proveedor visible en la meta description · sin coste de proveedor registrado · precio = escalera fija por diámetro, no verificado como PVP · peso = escalera fija por diámetro, no medido · stock 0 sin seguimiento (venta continua)"
10898632999245,oyl260416196-21-mercedes-benz,Juego de 4 llantas 21 pulgadas Mercedes-Benz – OYL260416196,OYL260416196,wheel-design-057,mercedes-benz,BENZ 迈巴赫改装,21,9.0,5x112,34,66.5,B,56.0,KILOGRAMS,1099.00,,,0,CONTINUE,False,True,1,1,230,215,https://cdn.shopify.com/s/files/1/0995/6920/5581/files/wheel-design-057_5da3d08f-d3ee-42d4-b5ed-b9a3b04a1600.png,"Juego de llantas 21X9.0 Mercedes-Benz, referencia OYL260416196",llantas-21-pulgadas|llantas-mercedes-benz,5x112|color-b|et-34|llantas|llantas-21|mercedes-benz,11,"Llantas 21"" Mercedes-Benz | Juego de 4","Juego de 4 llantas 21X9.0, 5X112, ET +34, compatible de forma orientativa con BENZ 迈巴赫改装. Precio cerrado y entrega a domicilio.",DRAFT,ninguno,2026-09-18T16:19:50Z,60,"imagen 230x215 (por debajo de 800x800) · chino del proveedor visible en la descripción · chino del proveedor visible en la meta description · sin coste de proveedor registrado · precio = escalera fija por diámetro, no verificado como PVP · peso = escalera fija por diámetro, no medido · stock 0 sin seguimiento (venta continua)"
10898633032013,oyl260416197-21-mercedes-benz,Juego de 4 llantas 21 pulgadas Mercedes-Benz – OYL260416197,OYL260416197,wheel-design-057,mercedes-benz,BENZ 迈巴赫改装,21,10.0,5x112,48,66.5,B,56.0,KILOGRAMS,1099.00,,,0,CONTINUE,False,True,1,1,230,215,https://cdn.shopify.com/s/files/1/0995/6920/5581/files/wheel-design-057_1b451250-e732-459a-a41f-e9b32aa66f19.png,"Juego de llantas 21X10 Mercedes-Benz, referencia OYL260416197",llantas-21-pulgadas|llantas-mercedes-benz,5x112|color-b|et-48|llantas|llantas-21|mercedes-benz,11,"Llantas 21"" Mercedes-Benz | Juego de 4","Juego de 4 llantas 21X10, 5X112, ET +48, compatible de forma orientativa con BENZ 迈巴赫改装. Precio cerrado y entrega a domicilio.",DRAFT,ninguno,2026-09-18T16:19:50Z,60,"imagen 230x215 (por debajo de 800x800) · chino del proveedor visible en la descripción · chino del proveedor visible en la meta description · sin coste de proveedor registrado · precio = escalera fija por diámetro, no verificado como PVP · peso = escalera fija por diámetro, no medido · stock 0 sin seguimiento (venta continua)"
10898633097549,oyl260416198-18-mercedes-benz,Juego de 4 llantas 18 pulgadas Mercedes-Benz – OYL260416198,OYL260416198,wheel-design-058,mercedes-benz,BENZ E级,18,8.0,5x112,36,66.5,MB,44.0,KILOGRAMS,799.00,,,0,CONTINUE,False,True,1,1,222,172,https://cdn.shopify.com/s/files/1/0995/6920/5581/files/wheel-design-058_973ab949-4bd2-469b-8b76-bf39401ab7b6.jpg,"Juego de llantas 18X8.0 Mercedes-Benz, referencia OYL260416198",llantas-18-pulgadas|llantas-mercedes-benz,5x112|color-mb|et-36|llantas|llantas-18|mercedes-benz,11,"Llantas 18"" Mercedes-Benz | Juego de 4","Juego de 4 llantas 18X8.0, 5X112, ET +36, compatible de forma orientativa con BENZ E级. Precio cerrado y entrega a domicilio.",DRAFT,ninguno,2026-09-18T16:19:51Z,60,"imagen 222x172 (por debajo de 800x800) · chino del proveedor visible en la descripción · chino del proveedor visible en la meta description · sin coste de proveedor registrado · precio = escalera fija por diámetro, no verificado como PVP · peso = escalera fija por diámetro, no medido · stock 0 sin seguimiento (venta continua)"
10898633163085,oyl260416199-19-mercedes-benz,Juego de 4 llantas 19 pulgadas Mercedes-Benz – OYL260416199,OYL260416199,wheel-design-058,mercedes-benz,BENZ E级,19,8.5,5x112,36,66.5,MB,48.0,KILOGRAMS,899.00,,,0,CONTINUE,False,True,1,1,222,172,https://cdn.shopify.com/s/files/1/0995/6920/5581/files/wheel-design-058_a36ac871-215c-4e44-84a1-a2468fbc923b.jpg,"Juego de llantas 19X8.5 Mercedes-Benz, referencia OYL260416199",llantas-19-pulgadas|llantas-mercedes-benz,5x112|color-mb|et-36|llantas|llantas-19|mercedes-benz,11,"Llantas 19"" Mercedes-Benz | Juego de 4","Juego de 4 llantas 19X8.5, 5X112, ET +36, compatible de forma orientativa con BENZ E级. Precio cerrado y entrega a domicilio.",DRAFT,ninguno,2026-09-18T16:19:51Z,60,"imagen 222x172 (por debajo de 800x800) · chino del proveedor visible en la descripción · chino del proveedor visible en la meta description · sin coste de proveedor registrado · precio = escalera fija por diámetro, no verificado como PVP · peso = escalera fija por diámetro, no medido · stock 0 sin seguimiento (venta continua)"
10898633195853,oyl260416200-19-mercedes-benz,Juego de 4 llantas 19 pulgadas Mercedes-Benz – OYL260416200,OYL260416200,wheel-design-058,mercedes-benz,BENZ E级,19,9.5,5x112,45,66.5,MB,48.0,KILOGRAMS,899.00,,,0,CONTINUE,False,True,1,1,222,172,https://cdn.shopify.com/s/files/1/0995/6920/5581/files/wheel-design-058_ec536d4f-796c-4443-83fb-baff8df2e3aa.jpg,"Juego de llantas 19X9.5 Mercedes-Benz, referencia OYL260416200",llantas-19-pulgadas|llantas-mercedes-benz,5x112|color-mb|et-45|llantas|llantas-19|mercedes-benz,11,"Llantas 19"" Mercedes-Benz | Juego de 4","Juego de 4 llantas 19X9.5, 5X112, ET +45, compatible de forma orientativa con BENZ E级. Precio cerrado y entrega a domicilio.",DRAFT,ninguno,2026-09-18T16:19:52Z,60,"imagen 222x172 (por debajo de 800x800) · chino del proveedor visible en la descripción · chino del proveedor visible en la meta description · sin coste de proveedor registrado · precio = escalera fija por diámetro, no verificado como PVP · peso = escalera fija por diámetro, no medido · stock 0 sin seguimiento (venta continua)"
10898633261389,oyl260416201-19-bmw,Juego de 4 llantas 19 pulgadas BMW – OYL260416201,OYL260416201,wheel-design-059,bmw,BMW 3/5系,19,8.0,5x112,30,66.5,B,48.0,KILOGRAMS,899.00,,,0,CONTINUE,False,True,1,1,624,591,https://cdn.shopify.com/s/files/1/0995/6920/5581/files/wheel-design-059_44eb7d5a-b4c0-48f4-815b-f7b007b496d3.png,"Juego de llantas 19X8.0 BMW, referencia OYL260416201",llantas-19-pulgadas|llantas-bmw,5x112|bmw|color-b|et-30|llantas|llantas-19,11,"Llantas 19"" BMW | Juego de 4","Juego de 4 llantas 19X8.0, 5X112, ET +30, compatible de forma orientativa con BMW 3/5系. Precio cerrado y entrega a domicilio.",DRAFT,ninguno,2026-09-18T16:19:52Z,60,"imagen 624x591 (por debajo de 800x800) · chino del proveedor visible en la descripción · chino del proveedor visible en la meta description · sin coste de proveedor registrado · precio = escalera fija por diámetro, no verificado como PVP · peso = escalera fija por diámetro, no medido · stock 0 sin seguimiento (venta continua)"
10898633326925,oyl260416202-19-bmw,Juego de 4 llantas 19 pulgadas BMW – OYL260416202,OYL260416202,wheel-design-059,bmw,BMW 3/5系,19,9.0,5x120,35,72.5,B,48.0,KILOGRAMS,899.00,,,0,CONTINUE,False,True,1,1,624,591,https://cdn.shopify.com/s/files/1/0995/6920/5581/files/wheel-design-059_8a668226-3815-4307-b4ce-739458f978dc.png,"Juego de llantas 19X9.0 BMW, referencia OYL260416202",llantas-19-pulgadas|llantas-bmw,5x120|bmw|color-b|et-35|llantas|llantas-19,11,"Llantas 19"" BMW | Juego de 4","Juego de 4 llantas 19X9.0, 5X120, ET +35, compatible de forma orientativa con BMW 3/5系. Precio cerrado y entrega a domicilio.",DRAFT,ninguno,2026-09-18T16:19:53Z,60,"imagen 624x591 (por debajo de 800x800) · chino del proveedor visible en la descripción · chino del proveedor visible en la meta description · sin coste de proveedor registrado · precio = escalera fija por diámetro, no verificado como PVP · peso = escalera fija por diámetro, no medido · stock 0 sin seguimiento (venta continua)"
10898633359693,oyl260416203-20-bmw,Juego de 4 llantas 20 pulgadas BMW – OYL260416203,OYL260416203,wheel-design-059,bmw,BMW 3/5系,20,8.5,5x112,30,66.5,B,52.0,KILOGRAMS,999.00,,,0,CONTINUE,False,True,1,1,624,591,https://cdn.shopify.com/s/files/1/0995/6920/5581/files/wheel-design-059_68f9a27e-5f92-4ec3-ba6f-32aff63b6ed1.png,"Juego de llantas 20X8.5 BMW, referencia OYL260416203",llantas-20-pulgadas|llantas-bmw,5x112|bmw|color-b|et-30|llantas|llantas-20,11,"Llantas 20"" BMW | Juego de 4","Juego de 4 llantas 20X8.5, 5X112, ET +30, compatible de forma orientativa con BMW 3/5系. Precio cerrado y entrega a domicilio.",DRAFT,ninguno,2026-09-18T16:19:54Z,60,"imagen 624x591 (por debajo de 800x800) · chino del proveedor visible en la descripción · chino del proveedor visible en la meta description · sin coste de proveedor registrado · precio = escalera fija por diámetro, no verificado como PVP · peso = escalera fija por diámetro, no medido · stock 0 sin seguimiento (venta continua)"
10898633425229,oyl260416204-20-bmw,Juego de 4 llantas 20 pulgadas BMW – OYL260416204,OYL260416204,wheel-design-059,bmw,BMW 3/5系,20,9.5,5x112,35,66.5,B,52.0,KILOGRAMS,999.00,,,0,CONTINUE,False,True,1,1,624,591,https://cdn.shopify.com/s/files/1/0995/6920/5581/files/wheel-design-059_c78cd375-a57f-4af2-a0a0-e321c8ec1c91.png,"Juego de llantas 20X9.5 BMW, referencia OYL260416204",llantas-20-pulgadas|llantas-bmw,5x112|bmw|color-b|et-35|llantas|llantas-20,11,"Llantas 20"" BMW | Juego de 4","Juego de 4 llantas 20X9.5, 5X112, ET +35, compatible de forma orientativa con BMW 3/5系. Precio cerrado y entrega a domicilio.",DRAFT,ninguno,2026-09-18T16:19:54Z,60,"imagen 624x591 (por debajo de 800x800) · chino del proveedor visible en la descripción · chino del proveedor visible en la meta description · sin coste de proveedor registrado · precio = escalera fija por diámetro, no verificado como PVP · peso = escalera fija por diámetro, no medido · stock 0 sin seguimiento (venta continua)"
10898633457997,oyl260416205-20-bmw,Juego de 4 llantas 20 pulgadas BMW – OYL260416205,OYL260416205,wheel-design-059,bmw,BMW 3/5系,20,8.5,5x112,30,66.5,MB,52.0,KILOGRAMS,999.00,,,0,CONTINUE,False,True,1,1,624,591,https://cdn.shopify.com/s/files/1/0995/6920/5581/files/wheel-design-059_1b1b892e-b09b-4341-85f8-cd1275dee947.png,"Juego de llantas 20X8.5 BMW, referencia OYL260416205",llantas-20-pulgadas|llantas-bmw,5x112|bmw|color-mb|et-30|llantas|llantas-20,11,"Llantas 20"" BMW | Juego de 4","Juego de 4 llantas 20X8.5, 5X112, ET +30, compatible de forma orientativa con BMW 3/5系. Precio cerrado y entrega a domicilio.",DRAFT,ninguno,2026-09-18T16:19:55Z,60,"imagen 624x591 (por debajo de 800x800) · chino del proveedor visible en la descripción · chino del proveedor visible en la meta description · sin coste de proveedor registrado · precio = escalera fija por diámetro, no verificado como PVP · peso = escalera fija por diámetro, no medido · stock 0 sin seguimiento (venta continua)"
10898633523533,oyl260416206-20-bmw,Juego de 4 llantas 20 pulgadas BMW – OYL260416206,OYL260416206,wheel-design-059,bmw,BMW 3/5系,20,9.5,5x112,35,66.5,MB,52.0,KILOGRAMS,999.00,,,0,CONTINUE,False,True,1,1,624,591,https://cdn.shopify.com/s/files/1/0995/6920/5581/files/wheel-design-059_741b3fa3-a1b2-49e9-b4e1-103b33976c21.png,Juego de 4 llantas 20 pulgadas BMW – OYL260416206,llantas-20-pulgadas|llantas-bmw,5x112|bmw|color-mb|et-35|llantas|llantas-20,11,"Llantas 20"" BMW | Juego de 4","Juego de 4 llantas 20X9.5, 5X112, ET +35, compatible de forma orientativa con BMW 3/5系. Precio cerrado y entrega a domicilio.",DRAFT,ninguno,2026-09-18T16:19:55Z,60,"imagen 624x591 (por debajo de 800x800) · chino del proveedor visible en la descripción · chino del proveedor visible en la meta description · sin coste de proveedor registrado · precio = escalera fija por diámetro, no verificado como PVP · peso = escalera fija por diámetro, no medido · stock 0 sin seguimiento (venta continua)"
10898633589069,oyl260416207-20-bmw,Juego de 4 llantas 20 pulgadas BMW – OYL260416207,OYL260416207,wheel-design-059,bmw,BMW M4/改,20,8.5,5x120,30,72.56,B,52.0,KILOGRAMS,999.00,,,0,CONTINUE,False,True,1,1,624,591,https://cdn.shopify.com/s/files/1/0995/6920/5581/files/wheel-design-059_3a821004-637b-4f4e-a653-cac3da3218f3.png,Juego de 4 llantas 20 pulgadas BMW – OYL260416207,llantas-20-pulgadas|llantas-bmw,5x120|bmw|color-b|et-30|llantas|llantas-20,11,"Llantas 20"" BMW | Juego de 4","Juego de 4 llantas 20X8.5, 5X120, ET +30, compatible de forma orientativa con BMW M4/改. Precio cerrado y entrega a domicilio.",DRAFT,ninguno,2026-09-18T16:19:56Z,60,"imagen 624x591 (por debajo de 800x800) · chino del proveedor visible en la descripción · chino del proveedor visible en la meta description · sin coste de proveedor registrado · precio = escalera fija por diámetro, no verificado como PVP · peso = escalera fija por diámetro, no medido · stock 0 sin seguimiento (venta continua)"
10898633654605,oyl260416208-20-bmw,Juego de 4 llantas 20 pulgadas BMW – OYL260416208,OYL260416208,wheel-design-059,bmw,BMW M4/改,20,9.5,5x120,35,72.56,B,52.0,KILOGRAMS,999.00,,,0,CONTINUE,False,True,1,1,624,591,https://cdn.shopify.com/s/files/1/0995/6920/5581/files/wheel-design-059_0ec7c1fe-1dd5-48f7-a961-c07e990af93f.png,Juego de 4 llantas 20 pulgadas BMW – OYL260416208,llantas-20-pulgadas|llantas-bmw,5x120|bmw|color-b|et-35|llantas|llantas-20,11,"Llantas 20"" BMW | Juego de 4","Juego de 4 llantas 20X9.5, 5X120, ET +35, compatible de forma orientativa con BMW M4/改. Precio cerrado y entrega a domicilio.",DRAFT,ninguno,2026-09-18T16:19:56Z,60,"imagen 624x591 (por debajo de 800x800) · chino del proveedor visible en la descripción · chino del proveedor visible en la meta description · sin coste de proveedor registrado · precio = escalera fija por diámetro, no verificado como PVP · peso = escalera fija por diámetro, no medido · stock 0 sin seguimiento (venta continua)"
10898633720141,oyl260416209-19-audi,Juego de 4 llantas 19 pulgadas Audi – OYL260416209,OYL260416209,wheel-design-060,audi,AUDIA7,19,8.5,5x112,35,66.45,MBI,48.0,KILOGRAMS,899.00,,,0,CONTINUE,False,True,1,1,183,188,https://cdn.shopify.com/s/files/1/0995/6920/5581/files/wheel-design-060_d4abf0e9-c4a3-43e1-89b7-122afcfd6e2a.jpg,"Juego de llantas 19X8.5 Audi, referencia OYL260416209",llantas-19-pulgadas|llantas-audi,5x112|audi|color-mbi|et-35|llantas|llantas-19,11,"Llantas 19"" Audi | Juego de 4","Juego de 4 llantas 19X8.5, 5X112, ET +35, compatible de forma orientativa con AUDIA7. Precio cerrado y entrega a domicilio.",DRAFT,ninguno,2026-09-18T16:19:57Z,75,"imagen 183x188 (por debajo de 800x800) · sin coste de proveedor registrado · precio = escalera fija por diámetro, no verificado como PVP · peso = escalera fija por diámetro, no medido · stock 0 sin seguimiento (venta continua)"
10898633752909,oyl260416210-19-vehiculos-europeos,Juego de 4 llantas 19 pulgadas Vehículos europeos – OYL260416210,OYL260416210,wheel-design-060,,改装,19,8.5,5x114.3,35,73.1,MBI,48.0,KILOGRAMS,899.00,,,0,CONTINUE,False,True,1,1,183,188,https://cdn.shopify.com/s/files/1/0995/6920/5581/files/wheel-design-060_d992482f-9337-42fe-8c97-2382ac633ba8.jpg,"Juego de llantas 19X8.5 Vehículos europeos, referencia OYL260416210",llantas-19-pulgadas,5x114.3|color-mbi|et-35|llantas|llantas-19|vehículos-europeos,11,"Llantas 19"" Vehículos europeos | Juego de 4","Juego de 4 llantas 19X8.5, 5X114.3, ET +35, compatible de forma orientativa con 改装. Precio cerrado y entrega a domicilio.",DRAFT,ninguno,2026-09-18T16:19:58Z,60,"imagen 183x188 (por debajo de 800x800) · chino del proveedor visible en la descripción · chino del proveedor visible en la meta description · sin coste de proveedor registrado · precio = escalera fija por diámetro, no verificado como PVP · peso = escalera fija por diámetro, no medido · stock 0 sin seguimiento (venta continua)"
10898633818445,oyl260416211-21-bmw,Juego de 4 llantas 21 pulgadas BMW – OYL260416211,OYL260416211,wheel-design-061,bmw,BMW X7,21,10.5,5x112,43,66.5,MB,56.0,KILOGRAMS,1099.00,,,0,CONTINUE,False,True,1,1,199,151,https://cdn.shopify.com/s/files/1/0995/6920/5581/files/wheel-design-061_681d9c5e-663a-478f-957f-bd1e2ec86928.png,"Juego de llantas 21X10.5 BMW, referencia OYL260416211",llantas-21-pulgadas|llantas-bmw,5x112|bmw|color-mb|et-43|llantas|llantas-21,11,"Llantas 21"" BMW | Juego de 4","Juego de 4 llantas 21X10.5, 5X112, ET +43, compatible de forma orientativa con BMW X7. Precio cerrado y entrega a domicilio.",DRAFT,ninguno,2026-09-18T16:19:58Z,75,"imagen 199x151 (por debajo de 800x800) · sin coste de proveedor registrado · precio = escalera fija por diámetro, no verificado como PVP · peso = escalera fija por diámetro, no medido · stock 0 sin seguimiento (venta continua)"
10898633883981,oyl260416212-22-bmw,Juego de 4 llantas 22 pulgadas BMW – OYL260416212,OYL260416212,wheel-design-061,bmw,BMW X5/X7,22,9.5,5x112,37,66.5,MB,60.0,KILOGRAMS,1249.00,,,0,CONTINUE,False,True,1,1,199,151,https://cdn.shopify.com/s/files/1/0995/6920/5581/files/wheel-design-061_51e059d3-5d28-4d35-aef3-f3a42c0632dc.png,"Juego de llantas 22X9.5 BMW, referencia OYL260416212",llantas-22-pulgadas|llantas-bmw,5x112|bmw|color-mb|et-37|llantas|llantas-22,11,"Llantas 22"" BMW | Juego de 4","Juego de 4 llantas 22X9.5, 5X112, ET +37, compatible de forma orientativa con BMW X5/X7. Precio cerrado y entrega a domicilio.",DRAFT,ninguno,2026-09-18T16:19:59Z,75,"imagen 199x151 (por debajo de 800x800) · sin coste de proveedor registrado · precio = escalera fija por diámetro, no verificado como PVP · peso = escalera fija por diámetro, no medido · stock 0 sin seguimiento (venta continua)"
10898633916749,oyl260416213-22-bmw,Juego de 4 llantas 22 pulgadas BMW – OYL260416213,OYL260416213,wheel-design-061,bmw,BMW X5/X7,22,10.5,5x112,43,66.5,MB,60.0,KILOGRAMS,1249.00,,,0,CONTINUE,False,True,1,1,199,151,https://cdn.shopify.com/s/files/1/0995/6920/5581/files/wheel-design-061_65fe318b-331e-4987-aa90-7be4a499008d.png,Juego de 4 llantas 22 pulgadas BMW – OYL260416213,llantas-22-pulgadas|llantas-bmw,5x112|bmw|color-mb|et-43|llantas|llantas-22,11,"Llantas 22"" BMW | Juego de 4","Juego de 4 llantas 22X10.5, 5X112, ET +43, compatible de forma orientativa con BMW X5/X7. Precio cerrado y entrega a domicilio.",DRAFT,ninguno,2026-09-18T16:19:59Z,75,"imagen 199x151 (por debajo de 800x800) · sin coste de proveedor registrado · precio = escalera fija por diámetro, no verificado como PVP · peso = escalera fija por diámetro, no medido · stock 0 sin seguimiento (venta continua)"
10898633982285,oyl260416214-22-bmw,Juego de 4 llantas 22 pulgadas BMW – OYL260416214,OYL260416214,wheel-design-061,bmw,BMW X5/X7,22,9.5,5x120,37,74.1,MB,60.0,KILOGRAMS,1249.00,,,0,CONTINUE,False,True,1,1,199,151,https://cdn.shopify.com/s/files/1/0995/6920/5581/files/wheel-design-061_f10519d5-d2e3-4ac0-b81f-01c028b1cbe0.png,"Juego de llantas 22X9.5 BMW, referencia OYL260416214",llantas-22-pulgadas|llantas-bmw,5x120|bmw|color-mb|et-37|llantas|llantas-22,11,"Llantas 22"" BMW | Juego de 4","Juego de 4 llantas 22X9.5, 5X120, ET +37, compatible de forma orientativa con BMW X5/X7. Precio cerrado y entrega a domicilio.",DRAFT,ninguno,2026-09-18T16:20:00Z,75,"imagen 199x151 (por debajo de 800x800) · sin coste de proveedor registrado · precio = escalera fija por diámetro, no verificado como PVP · peso = escalera fija por diámetro, no medido · stock 0 sin seguimiento (venta continua)"
10898634047821,oyl260416215-18-mercedes-benz,Juego de 4 llantas 18 pulgadas Mercedes-Benz – OYL260416215,OYL260416215,wheel-design-062,mercedes-benz,BENZ S级老 迈巴赫,18,8.0,5x112,36,66.5,MB,44.0,KILOGRAMS,799.00,,,0,CONTINUE,False,True,1,1,208,200,https://cdn.shopify.com/s/files/1/0995/6920/5581/files/wheel-design-062_edc7eaa7-2c73-42a8-8a53-fb5cbf1d3fd8.png,"Juego de llantas 18X8.0 Mercedes-Benz, referencia OYL260416215",llantas-18-pulgadas|llantas-mercedes-benz,5x112|color-mb|et-36|llantas|llantas-18|mercedes-benz,11,"Llantas 18"" Mercedes-Benz | Juego de 4","Juego de 4 llantas 18X8.0, 5X112, ET +36, compatible de forma orientativa con BENZ S级老 迈巴赫. Precio cerrado y entrega a domicilio.",DRAFT,ninguno,2026-09-18T16:20:00Z,60,"imagen 208x200 (por debajo de 800x800) · chino del proveedor visible en la descripción · chino del proveedor visible en la meta description · sin coste de proveedor registrado · precio = escalera fija por diámetro, no verificado como PVP · peso = escalera fija por diámetro, no medido · stock 0 sin seguimiento (venta continua)"
10898634080589,oyl260416216-18-mercedes-benz,Juego de 4 llantas 18 pulgadas Mercedes-Benz – OYL260416216,OYL260416216,wheel-design-062,mercedes-benz,BENZ S级老 迈巴赫(球）,18,9.0,5x112,43,66.5,MB,44.0,KILOGRAMS,799.00,,,0,CONTINUE,False,True,1,1,208,200,https://cdn.shopify.com/s/files/1/0995/6920/5581/files/wheel-design-062_2e09d1d9-c557-4816-9039-d85a254ad721.png,"Juego de llantas 18X9.0 Mercedes-Benz, referencia OYL260416216",llantas-18-pulgadas|llantas-mercedes-benz,5x112|color-mb|et-43|llantas|llantas-18|mercedes-benz,11,"Llantas 18"" Mercedes-Benz | Juego de 4","Juego de 4 llantas 18X9.0, 5X112, ET +43, compatible de forma orientativa con BENZ S级老 迈巴赫(球）. Precio cerrado y entrega a domicilio.",DRAFT,ninguno,2026-09-18T16:20:01Z,60,"imagen 208x200 (por debajo de 800x800) · chino del proveedor visible en la descripción · chino del proveedor visible en la meta description · sin coste de proveedor registrado · precio = escalera fija por diámetro, no verificado como PVP · peso = escalera fija por diámetro, no medido · stock 0 sin seguimiento (venta continua)"
10898634146125,oyl260416217-19-mercedes-benz,Juego de 4 llantas 19 pulgadas Mercedes-Benz – OYL260416217,OYL260416217,wheel-design-062,mercedes-benz,BENZ S级老 迈巴赫,19,8.5,5x112,36,66.5,MB,48.0,KILOGRAMS,899.00,,,0,CONTINUE,False,True,1,1,208,200,https://cdn.shopify.com/s/files/1/0995/6920/5581/files/wheel-design-062_25f09de3-1e96-42dc-b8e8-433dd4edcf50.png,"Juego de llantas 19X8.5 Mercedes-Benz, referencia OYL260416217",llantas-19-pulgadas|llantas-mercedes-benz,5x112|color-mb|et-36|llantas|llantas-19|mercedes-benz,11,"Llantas 19"" Mercedes-Benz | Juego de 4","Juego de 4 llantas 19X8.5, 5X112, ET +36, compatible de forma orientativa con BENZ S级老 迈巴赫. Precio cerrado y entrega a domicilio.",DRAFT,ninguno,2026-09-18T16:20:02Z,60,"imagen 208x200 (por debajo de 800x800) · chino del proveedor visible en la descripción · chino del proveedor visible en la meta description · sin coste de proveedor registrado · precio = escalera fija por diámetro, no verificado como PVP · peso = escalera fija por diámetro, no medido · stock 0 sin seguimiento (venta continua)"
10898634178893,oyl260416218-19-mercedes-benz,Juego de 4 llantas 19 pulgadas Mercedes-Benz – OYL260416218,OYL260416218,wheel-design-062,mercedes-benz,BENZ S级老 迈巴赫,19,9.5,5x112,43,66.5,MB,48.0,KILOGRAMS,899.00,,,0,CONTINUE,False,True,1,1,208,200,https://cdn.shopify.com/s/files/1/0995/6920/5581/files/wheel-design-062_aea883a2-7313-4151-af96-3ef50bd34e3e.png,"Juego de llantas 19X9.5 Mercedes-Benz, referencia OYL260416218",llantas-19-pulgadas|llantas-mercedes-benz,5x112|color-mb|et-43|llantas|llantas-19|mercedes-benz,11,"Llantas 19"" Mercedes-Benz | Juego de 4","Juego de 4 llantas 19X9.5, 5X112, ET +43, compatible de forma orientativa con BENZ S级老 迈巴赫. Precio cerrado y entrega a domicilio.",DRAFT,ninguno,2026-09-18T16:20:02Z,60,"imagen 208x200 (por debajo de 800x800) · chino del proveedor visible en la descripción · chino del proveedor visible en la meta description · sin coste de proveedor registrado · precio = escalera fija por diámetro, no verificado como PVP · peso = escalera fija por diámetro, no medido · stock 0 sin seguimiento (venta continua)"
10898634244429,oyl260416219-20-mercedes-benz,Juego de 4 llantas 20 pulgadas Mercedes-Benz – OYL260416219,OYL260416219,wheel-design-062,mercedes-benz,BENZ S级老 迈巴赫,20,8.5,5x112,36,66.5,MB,52.0,KILOGRAMS,999.00,,,0,CONTINUE,False,True,1,1,208,200,https://cdn.shopify.com/s/files/1/0995/6920/5581/files/wheel-design-062_558bfad8-bb3e-4b61-8ca6-e91e4e9fa9f9.png,"Juego de llantas 20X8.5 Mercedes-Benz, referencia OYL260416219",llantas-20-pulgadas|llantas-mercedes-benz,5x112|color-mb|et-36|llantas|llantas-20|mercedes-benz,11,"Llantas 20"" Mercedes-Benz | Juego de 4","Juego de 4 llantas 20X8.5, 5X112, ET +36, compatible de forma orientativa con BENZ S级老 迈巴赫. Precio cerrado y entrega a domicilio.",DRAFT,ninguno,2026-09-18T16:20:03Z,60,"imagen 208x200 (por debajo de 800x800) · chino del proveedor visible en la descripción · chino del proveedor visible en la meta description · sin coste de proveedor registrado · precio = escalera fija por diámetro, no verificado como PVP · peso = escalera fija por diámetro, no medido · stock 0 sin seguimiento (venta continua)"
10898634309965,oyl260416220-20-mercedes-benz,Juego de 4 llantas 20 pulgadas Mercedes-Benz – OYL260416220,OYL260416220,wheel-design-062,mercedes-benz,BENZ S级老 迈巴赫,20,9.5,5x112,43,66.5,MB,52.0,KILOGRAMS,999.00,,,0,CONTINUE,False,True,1,1,208,200,https://cdn.shopify.com/s/files/1/0995/6920/5581/files/wheel-design-062_bd8eff4f-4388-4eba-91ef-7b5370735980.png,"Juego de llantas 20X9.5 Mercedes-Benz, referencia OYL260416220",llantas-20-pulgadas|llantas-mercedes-benz,5x112|color-mb|et-43|llantas|llantas-20|mercedes-benz,11,"Llantas 20"" Mercedes-Benz | Juego de 4","Juego de 4 llantas 20X9.5, 5X112, ET +43, compatible de forma orientativa con BENZ S级老 迈巴赫. Precio cerrado y entrega a domicilio.",DRAFT,ninguno,2026-09-18T16:20:03Z,60,"imagen 208x200 (por debajo de 800x800) · chino del proveedor visible en la descripción · chino del proveedor visible en la meta description · sin coste de proveedor registrado · precio = escalera fija por diámetro, no verificado como PVP · peso = escalera fija por diámetro, no medido · stock 0 sin seguimiento (venta continua)"
10898634375501,oyl260416221-21-mercedes-benz,Juego de 4 llantas 21 pulgadas Mercedes-Benz – OYL260416221,OYL260416221,wheel-design-062,mercedes-benz,BENZ S级老 迈巴赫,21,10.0,5x112,48,66.5,MB,56.0,KILOGRAMS,1099.00,,,0,CONTINUE,False,True,1,1,208,200,https://cdn.shopify.com/s/files/1/0995/6920/5581/files/wheel-design-062_ac2b71bf-6cbc-45f0-b3f2-a276a505bceb.png,Juego de 4 llantas 21 pulgadas Mercedes-Benz – OYL260416221,llantas-21-pulgadas|llantas-mercedes-benz,5x112|color-mb|et-48|llantas|llantas-21|mercedes-benz,11,"Llantas 21"" Mercedes-Benz | Juego de 4","Juego de 4 llantas 21X10, 5X112, ET +48, compatible de forma orientativa con BENZ S级老 迈巴赫. Precio cerrado y entrega a domicilio.",DRAFT,ninguno,2026-09-18T16:20:04Z,60,"imagen 208x200 (por debajo de 800x800) · chino del proveedor visible en la descripción · chino del proveedor visible en la meta description · sin coste de proveedor registrado · precio = escalera fija por diámetro, no verificado como PVP · peso = escalera fija por diámetro, no medido · stock 0 sin seguimiento (venta continua)"
10898634408269,oyl260416222-20-mercedes-benz,Juego de 4 llantas 20 pulgadas Mercedes-Benz – OYL260416222,OYL260416222,wheel-design-063,mercedes-benz,BENZ S级老 迈巴赫,20,8.5,5x112,36,66.5,MB,52.0,KILOGRAMS,999.00,,,0,CONTINUE,False,True,1,1,231,186,https://cdn.shopify.com/s/files/1/0995/6920/5581/files/wheel-design-063_5074c7a2-156d-4ee7-a45a-d3997c8482e0.jpg,"Juego de llantas 20X8.5 Mercedes-Benz, referencia OYL260416222",llantas-20-pulgadas|llantas-mercedes-benz,5x112|color-mb|et-36|llantas|llantas-20|mercedes-benz,11,"Llantas 20"" Mercedes-Benz | Juego de 4","Juego de 4 llantas 20X8.5, 5X112, ET +36, compatible de forma orientativa con BENZ S级老 迈巴赫. Precio cerrado y entrega a domicilio.",DRAFT,ninguno,2026-09-18T16:20:05Z,60,"imagen 231x186 (por debajo de 800x800) · chino del proveedor visible en la descripción · chino del proveedor visible en la meta description · sin coste de proveedor registrado · precio = escalera fija por diámetro, no verificado como PVP · peso = escalera fija por diámetro, no medido · stock 0 sin seguimiento (venta continua)"
10898634473805,oyl260416223-20-mercedes-benz,Juego de 4 llantas 20 pulgadas Mercedes-Benz – OYL260416223,OYL260416223,wheel-design-063,mercedes-benz,BENZ S级老 迈巴赫,20,9.5,5x112,43,66.5,MB,52.0,KILOGRAMS,999.00,,,0,CONTINUE,False,True,1,1,231,186,https://cdn.shopify.com/s/files/1/0995/6920/5581/files/wheel-design-063_974973d7-5dc1-4846-8715-d81947bf11db.jpg,"Juego de llantas 20X9.5 Mercedes-Benz, referencia OYL260416223",llantas-20-pulgadas|llantas-mercedes-benz,5x112|color-mb|et-43|llantas|llantas-20|mercedes-benz,11,"Llantas 20"" Mercedes-Benz | Juego de 4","Juego de 4 llantas 20X9.5, 5X112, ET +43, compatible de forma orientativa con BENZ S级老 迈巴赫. Precio cerrado y entrega a domicilio.",DRAFT,ninguno,2026-09-18T16:20:05Z,60,"imagen 231x186 (por debajo de 800x800) · chino del proveedor visible en la descripción · chino del proveedor visible en la meta description · sin coste de proveedor registrado · precio = escalera fija por diámetro, no verificado como PVP · peso = escalera fija por diámetro, no medido · stock 0 sin seguimiento (venta continua)"
10898634539341,oyl260416224-19-bmw,Juego de 4 llantas 19 pulgadas BMW – OYL260416224,OYL260416224,wheel-design-064,bmw,BMW 3/5系,19,8.0,5x112,30,66.5,SMH,48.0,KILOGRAMS,899.00,,,0,CONTINUE,False,True,1,1,241,211,https://cdn.shopify.com/s/files/1/0995/6920/5581/files/wheel-design-064_85990f77-fb69-4e24-8c5b-ded94b3ea02f.jpg,"Juego de llantas 19X8.0 BMW, referencia OYL260416224",llantas-19-pulgadas|llantas-bmw,5x112|bmw|color-smh|et-30|llantas|llantas-19,11,"Llantas 19"" BMW | Juego de 4","Juego de 4 llantas 19X8.0, 5X112, ET +30, compatible de forma orientativa con BMW 3/5系. Precio cerrado y entrega a domicilio.",DRAFT,ninguno,2026-09-18T16:20:06Z,60,"imagen 241x211 (por debajo de 800x800) · chino del proveedor visible en la descripción · chino del proveedor visible en la meta description · sin coste de proveedor registrado · precio = escalera fija por diámetro, no verificado como PVP · peso = escalera fija por diámetro, no medido · stock 0 sin seguimiento (venta continua)"
10898634572109,oyl260416225-19-bmw,Juego de 4 llantas 19 pulgadas BMW – OYL260416225,OYL260416225,wheel-design-064,bmw,BMW 3/5系,19,9.0,5x112,44,66.5,SMH,48.0,KILOGRAMS,899.00,,,0,CONTINUE,False,True,1,1,241,211,https://cdn.shopify.com/s/files/1/0995/6920/5581/files/wheel-design-064_24d1924e-2ed7-4ae0-ae31-95e930f91326.jpg,"Juego de llantas 19X9.0 BMW, referencia OYL260416225",llantas-19-pulgadas|llantas-bmw,5x112|bmw|color-smh|et-44|llantas|llantas-19,11,"Llantas 19"" BMW | Juego de 4","Juego de 4 llantas 19X9.0, 5X112, ET +44, compatible de forma orientativa con BMW 3/5系. Precio cerrado y entrega a domicilio.",DRAFT,ninguno,2026-09-18T16:20:06Z,60,"imagen 241x211 (por debajo de 800x800) · chino del proveedor visible en la descripción · chino del proveedor visible en la meta description · sin coste de proveedor registrado · precio = escalera fija por diámetro, no verificado como PVP · peso = escalera fija por diámetro, no medido · stock 0 sin seguimiento (venta continua)"
10898634637645,oyl260416226-19-bmw,Juego de 4 llantas 19 pulgadas BMW – OYL260416226,OYL260416226,wheel-design-064,bmw,BMW 3/5系,19,8.0,5x120,30,72.6,SMH,48.0,KILOGRAMS,899.00,,,0,CONTINUE,False,True,1,1,241,211,https://cdn.shopify.com/s/files/1/0995/6920/5581/files/wheel-design-064_7cb11261-65ed-48eb-9072-a47e0123393a.jpg,"Juego de llantas 19X8.0 BMW, referencia OYL260416226",llantas-19-pulgadas|llantas-bmw,5x120|bmw|color-smh|et-30|llantas|llantas-19,11,"Llantas 19"" BMW | Juego de 4","Juego de 4 llantas 19X8.0, 5X120, ET +30, compatible de forma orientativa con BMW 3/5系. Precio cerrado y entrega a domicilio.",DRAFT,ninguno,2026-09-18T16:20:07Z,60,"imagen 241x211 (por debajo de 800x800) · chino del proveedor visible en la descripción · chino del proveedor visible en la meta description · sin coste de proveedor registrado · precio = escalera fija por diámetro, no verificado como PVP · peso = escalera fija por diámetro, no medido · stock 0 sin seguimiento (venta continua)"
10898634703181,oyl260416227-19-bmw,Juego de 4 llantas 19 pulgadas BMW – OYL260416227,OYL260416227,wheel-design-064,bmw,BMW 3/5系,19,9.0,5x120,44,72.6,SMH,48.0,KILOGRAMS,899.00,,,0,CONTINUE,False,True,1,1,241,211,https://cdn.shopify.com/s/files/1/0995/6920/5581/files/wheel-design-064_9c27b7d2-0551-4489-b5f0-28d2af370d6f.jpg,"Juego de llantas 19X9.0 BMW, referencia OYL260416227",llantas-19-pulgadas|llantas-bmw,5x120|bmw|color-smh|et-44|llantas|llantas-19,11,"Llantas 19"" BMW | Juego de 4","Juego de 4 llantas 19X9.0, 5X120, ET +44, compatible de forma orientativa con BMW 3/5系. Precio cerrado y entrega a domicilio.",DRAFT,ninguno,2026-09-18T16:20:08Z,60,"imagen 241x211 (por debajo de 800x800) · chino del proveedor visible en la descripción · chino del proveedor visible en la meta description · sin coste de proveedor registrado · precio = escalera fija por diámetro, no verificado como PVP · peso = escalera fija por diámetro, no medido · stock 0 sin seguimiento (venta continua)"
10898634768717,oyl260416228-20-bmw,Juego de 4 llantas 20 pulgadas BMW – OYL260416228,OYL260416228,wheel-design-065,bmw,BMW X5/X7,20,9.0,5x112,35,66.5,MB,52.0,KILOGRAMS,999.00,,,0,CONTINUE,False,True,1,1,183,204,https://cdn.shopify.com/s/files/1/0995/6920/5581/files/wheel-design-065_a5b96803-c8a6-4a05-ab2a-833d4756192a.jpg,"Juego de llantas 20X9.0 BMW, referencia OYL260416228",llantas-20-pulgadas|llantas-bmw,5x112|bmw|color-mb|et-35|llantas|llantas-20,11,"Llantas 20"" BMW | Juego de 4","Juego de 4 llantas 20X9.0, 5X112, ET +35, compatible de forma orientativa con BMW X5/X7. Precio cerrado y entrega a domicilio.",DRAFT,ninguno,2026-09-18T16:20:08Z,75,"imagen 183x204 (por debajo de 800x800) · sin coste de proveedor registrado · precio = escalera fija por diámetro, no verificado como PVP · peso = escalera fija por diámetro, no medido · stock 0 sin seguimiento (venta continua)"
10898634801485,oyl260416229-20-bmw,Juego de 4 llantas 20 pulgadas BMW – OYL260416229,OYL260416229,wheel-design-065,bmw,BMW X5/X7,20,10.5,5x112,40,66.5,MB,52.0,KILOGRAMS,999.00,,,0,CONTINUE,False,True,1,1,183,204,https://cdn.shopify.com/s/files/1/0995/6920/5581/files/wheel-design-065_9bdbef4f-7b23-4b98-9015-3104c3634f88.jpg,"Juego de llantas 20X10.5 BMW, referencia OYL260416229",llantas-20-pulgadas|llantas-bmw,5x112|bmw|color-mb|et-40|llantas|llantas-20,11,"Llantas 20"" BMW | Juego de 4","Juego de 4 llantas 20X10.5, 5X112, ET +40, compatible de forma orientativa con BMW X5/X7. Precio cerrado y entrega a domicilio.",DRAFT,ninguno,2026-09-18T16:20:09Z,75,"imagen 183x204 (por debajo de 800x800) · sin coste de proveedor registrado · precio = escalera fija por diámetro, no verificado como PVP · peso = escalera fija por diámetro, no medido · stock 0 sin seguimiento (venta continua)"
10898634834253,oyl260416230-20-bmw,Juego de 4 llantas 20 pulgadas BMW – OYL260416230,OYL260416230,wheel-design-065,bmw,BMW X5/X7,20,9.0,5x120,35,74.1,MB,52.0,KILOGRAMS,999.00,,,0,CONTINUE,False,True,1,1,183,204,https://cdn.shopify.com/s/files/1/0995/6920/5581/files/wheel-design-065_d2b6cb35-19c3-410b-b0e1-2ef54a37a330.jpg,"Juego de llantas 20X9.0 BMW, referencia OYL260416230",llantas-20-pulgadas|llantas-bmw,5x120|bmw|color-mb|et-35|llantas|llantas-20,11,"Llantas 20"" BMW | Juego de 4","Juego de 4 llantas 20X9.0, 5X120, ET +35, compatible de forma orientativa con BMW X5/X7. Precio cerrado y entrega a domicilio.",DRAFT,ninguno,2026-09-18T16:20:09Z,75,"imagen 183x204 (por debajo de 800x800) · sin coste de proveedor registrado · precio = escalera fija por diámetro, no verificado como PVP · peso = escalera fija por diámetro, no medido · stock 0 sin seguimiento (venta continua)"
10898634899789,oyl260416231-22-bmw,Juego de 4 llantas 22 pulgadas BMW – OYL260416231,OYL260416231,wheel-design-065,bmw,BMW X5/X7,22,9.5,5x112,37,66.5,MB,60.0,KILOGRAMS,1249.00,,,0,CONTINUE,False,True,1,1,183,204,https://cdn.shopify.com/s/files/1/0995/6920/5581/files/wheel-design-065_dc45bdf6-830c-405a-8fe0-b082f8b8f240.jpg,Juego de 4 llantas 22 pulgadas BMW – OYL260416231,llantas-22-pulgadas|llantas-bmw,5x112|bmw|color-mb|et-37|llantas|llantas-22,11,"Llantas 22"" BMW | Juego de 4","Juego de 4 llantas 22X9.5, 5X112, ET +37, compatible de forma orientativa con BMW X5/X7. Precio cerrado y entrega a domicilio.",DRAFT,ninguno,2026-09-18T16:20:10Z,75,"imagen 183x204 (por debajo de 800x800) · sin coste de proveedor registrado · precio = escalera fija por diámetro, no verificado como PVP · peso = escalera fija por diámetro, no medido · stock 0 sin seguimiento (venta continua)"
10898634965325,oyl260416232-22-bmw,Juego de 4 llantas 22 pulgadas BMW – OYL260416232,OYL260416232,wheel-design-065,bmw,BMW X5/X7,22,10.5,5x112,43,66.5,MB,60.0,KILOGRAMS,1249.00,,,0,CONTINUE,False,True,1,1,183,204,https://cdn.shopify.com/s/files/1/0995/6920/5581/files/wheel-design-065_e04f54af-3b20-4260-9ff1-fe0e92646432.jpg,"Juego de llantas 22X10.5 BMW, referencia OYL260416232",llantas-22-pulgadas|llantas-bmw,5x112|bmw|color-mb|et-43|llantas|llantas-22,11,"Llantas 22"" BMW | Juego de 4","Juego de 4 llantas 22X10.5, 5X112, ET +43, compatible de forma orientativa con BMW X5/X7. Precio cerrado y entrega a domicilio.",DRAFT,ninguno,2026-09-18T16:20:11Z,75,"imagen 183x204 (por debajo de 800x800) · sin coste de proveedor registrado · precio = escalera fija por diámetro, no verificado como PVP · peso = escalera fija por diámetro, no medido · stock 0 sin seguimiento (venta continua)"
10898634998093,oyl260416233-22-bmw,Juego de 4 llantas 22 pulgadas BMW – OYL260416233,OYL260416233,wheel-design-065,bmw,BMW X5/X7,22,9.5,5x120,37,74.1,MB,60.0,KILOGRAMS,1249.00,,,0,CONTINUE,False,True,1,1,183,204,https://cdn.shopify.com/s/files/1/0995/6920/5581/files/wheel-design-065_e8ab6b57-794f-475c-a509-4d06c2992472.jpg,"Juego de llantas 22X9.5 BMW, referencia OYL260416233",llantas-22-pulgadas|llantas-bmw,5x120|bmw|color-mb|et-37|llantas|llantas-22,11,"Llantas 22"" BMW | Juego de 4","Juego de 4 llantas 22X9.5, 5X120, ET +37, compatible de forma orientativa con BMW X5/X7. Precio cerrado y entrega a domicilio.",DRAFT,ninguno,2026-09-18T16:20:11Z,75,"imagen 183x204 (por debajo de 800x800) · sin coste de proveedor registrado · precio = escalera fija por diámetro, no verificado como PVP · peso = escalera fija por diámetro, no medido · stock 0 sin seguimiento (venta continua)"
10898635063629,oyl260416234-22-bmw,Juego de 4 llantas 22 pulgadas BMW – OYL260416234,OYL260416234,wheel-design-065,bmw,BMW X5/X7,22,10.5,5x120,43,74.1,MB,60.0,KILOGRAMS,1249.00,,,0,CONTINUE,False,True,1,1,183,204,https://cdn.shopify.com/s/files/1/0995/6920/5581/files/wheel-design-065_8d896df6-41b9-4421-9ac9-d040b77b5095.jpg,"Juego de llantas 22X10.5 BMW, referencia OYL260416234",llantas-22-pulgadas|llantas-bmw,5x120|bmw|color-mb|et-43|llantas|llantas-22,11,"Llantas 22"" BMW | Juego de 4","Juego de 4 llantas 22X10.5, 5X120, ET +43, compatible de forma orientativa con BMW X5/X7. Precio cerrado y entrega a domicilio.",DRAFT,ninguno,2026-09-18T16:20:12Z,75,"imagen 183x204 (por debajo de 800x800) · sin coste de proveedor registrado · precio = escalera fija por diámetro, no verificado como PVP · peso = escalera fija por diámetro, no medido · stock 0 sin seguimiento (venta continua)"
10898635096397,oyl260416235-18-bmw,Juego de 4 llantas 18 pulgadas BMW – OYL260416235,OYL260416235,wheel-design-066,bmw,BMW 5系7系,18,8.5,5x120,30,72.56,MB,44.0,KILOGRAMS,799.00,,,0,CONTINUE,False,True,1,1,229,197,https://cdn.shopify.com/s/files/1/0995/6920/5581/files/wheel-design-066_d95c5aa0-e478-47e2-ae2f-fcca7015156a.jpg,"Juego de llantas 18X8.5 BMW, referencia OYL260416235",llantas-18-pulgadas|llantas-bmw,5x120|bmw|color-mb|et-30|llantas|llantas-18,11,"Llantas 18"" BMW | Juego de 4","Juego de 4 llantas 18X8.5, 5X120, ET +30, compatible de forma orientativa con BMW 5系7系. Precio cerrado y entrega a domicilio.",DRAFT,ninguno,2026-09-18T16:20:12Z,60,"imagen 229x197 (por debajo de 800x800) · chino del proveedor visible en la descripción · chino del proveedor visible en la meta description · sin coste de proveedor registrado · precio = escalera fija por diámetro, no verificado como PVP · peso = escalera fija por diámetro, no medido · stock 0 sin seguimiento (venta continua)"
10898635129165,oyl260416236-18-bmw,Juego de 4 llantas 18 pulgadas BMW – OYL260416236,OYL260416236,wheel-design-066,bmw,BMW 5系7系,18,8.5,5x112,30,66.5,MB,44.0,KILOGRAMS,799.00,,,0,CONTINUE,False,True,1,1,229,197,https://cdn.shopify.com/s/files/1/0995/6920/5581/files/wheel-design-066_53cfdc7d-0f8a-4dff-9be1-820a853115bf.jpg,"Juego de llantas 18X8.5 BMW, referencia OYL260416236",llantas-18-pulgadas|llantas-bmw,5x112|bmw|color-mb|et-30|llantas|llantas-18,11,"Llantas 18"" BMW | Juego de 4","Juego de 4 llantas 18X8.5, 5X112, ET +30, compatible de forma orientativa con BMW 5系7系. Precio cerrado y entrega a domicilio.",DRAFT,ninguno,2026-09-18T16:20:13Z,60,"imagen 229x197 (por debajo de 800x800) · chino del proveedor visible en la descripción · chino del proveedor visible en la meta description · sin coste de proveedor registrado · precio = escalera fija por diámetro, no verificado como PVP · peso = escalera fija por diámetro, no medido · stock 0 sin seguimiento (venta continua)"
10898635161933,oyl260416237-19-bmw,Juego de 4 llantas 19 pulgadas BMW – OYL260416237,OYL260416237,wheel-design-066,bmw,BMW 5系7系,19,8.5,5x120,25,72.56,MB,48.0,KILOGRAMS,899.00,,,0,CONTINUE,False,True,1,1,229,197,https://cdn.shopify.com/s/files/1/0995/6920/5581/files/wheel-design-066_17972dac-0f46-40d1-80b9-dea6e46ca2f1.jpg,"Juego de llantas 19X8.5 BMW, referencia OYL260416237",llantas-19-pulgadas|llantas-bmw,5x120|bmw|color-mb|et-25|llantas|llantas-19,11,"Llantas 19"" BMW | Juego de 4","Juego de 4 llantas 19X8.5, 5X120, ET +25, compatible de forma orientativa con BMW 5系7系. Precio cerrado y entrega a domicilio.",DRAFT,ninguno,2026-09-18T16:20:13Z,60,"imagen 229x197 (por debajo de 800x800) · chino del proveedor visible en la descripción · chino del proveedor visible en la meta description · sin coste de proveedor registrado · precio = escalera fija por diámetro, no verificado como PVP · peso = escalera fija por diámetro, no medido · stock 0 sin seguimiento (venta continua)"
10898635194701,oyl260416238-19-bmw,Juego de 4 llantas 19 pulgadas BMW – OYL260416238,OYL260416238,wheel-design-066,bmw,BMW 5系7系,19,9.5,5x120,35,72.56,MB,48.0,KILOGRAMS,899.00,,,0,CONTINUE,False,True,1,1,229,197,https://cdn.shopify.com/s/files/1/0995/6920/5581/files/wheel-design-066_6477d2d8-fc5b-412d-b186-24b3504afbe5.jpg,Juego de 4 llantas 19 pulgadas BMW – OYL260416238,llantas-19-pulgadas|llantas-bmw,5x120|bmw|color-mb|et-35|llantas|llantas-19,11,"Llantas 19"" BMW | Juego de 4","Juego de 4 llantas 19X9.5, 5X120, ET +35, compatible de forma orientativa con BMW 5系7系. Precio cerrado y entrega a domicilio.",DRAFT,ninguno,2026-09-18T16:20:14Z,60,"imagen 229x197 (por debajo de 800x800) · chino del proveedor visible en la descripción · chino del proveedor visible en la meta description · sin coste de proveedor registrado · precio = escalera fija por diámetro, no verificado como PVP · peso = escalera fija por diámetro, no medido · stock 0 sin seguimiento (venta continua)"
10898635260237,oyl260416239-19-bmw,Juego de 4 llantas 19 pulgadas BMW – OYL260416239,OYL260416239,wheel-design-066,bmw,BMW 5系7系,19,8.5,5x112,30,66.5,MB,48.0,KILOGRAMS,899.00,,,0,CONTINUE,False,True,1,1,229,197,https://cdn.shopify.com/s/files/1/0995/6920/5581/files/wheel-design-066_c257ee0b-fbf1-4d98-8991-6263fbeac8c1.jpg,"Juego de llantas 19X8.5 BMW, referencia OYL260416239",llantas-19-pulgadas|llantas-bmw,5x112|bmw|color-mb|et-30|llantas|llantas-19,11,"Llantas 19"" BMW | Juego de 4","Juego de 4 llantas 19X8.5, 5X112, ET +30, compatible de forma orientativa con BMW 5系7系. Precio cerrado y entrega a domicilio.",DRAFT,ninguno,2026-09-18T16:20:15Z,60,"imagen 229x197 (por debajo de 800x800) · chino del proveedor visible en la descripción · chino del proveedor visible en la meta description · sin coste de proveedor registrado · precio = escalera fija por diámetro, no verificado como PVP · peso = escalera fija por diámetro, no medido · stock 0 sin seguimiento (venta continua)"
10898635293005,oyl260416240-19-bmw,Juego de 4 llantas 19 pulgadas BMW – OYL260416240,OYL260416240,wheel-design-066,bmw,BMW 5系7系,19,9.5,5x112,35,66.5,MB,48.0,KILOGRAMS,899.00,,,0,CONTINUE,False,True,1,1,229,197,https://cdn.shopify.com/s/files/1/0995/6920/5581/files/wheel-design-066_bb36a1c0-9bbd-4dee-8ab7-818958386c67.jpg,"Juego de llantas 19X9.5 BMW, referencia OYL260416240",llantas-19-pulgadas|llantas-bmw,5x112|bmw|color-mb|et-35|llantas|llantas-19,11,"Llantas 19"" BMW | Juego de 4","Juego de 4 llantas 19X9.5, 5X112, ET +35, compatible de forma orientativa con BMW 5系7系. Precio cerrado y entrega a domicilio.",DRAFT,ninguno,2026-09-18T16:20:15Z,60,"imagen 229x197 (por debajo de 800x800) · chino del proveedor visible en la descripción · chino del proveedor visible en la meta description · sin coste de proveedor registrado · precio = escalera fija por diámetro, no verificado como PVP · peso = escalera fija por diámetro, no medido · stock 0 sin seguimiento (venta continua)"
10898635325773,oyl260416241-19-bmw,Juego de 4 llantas 19 pulgadas BMW – OYL260416241,OYL260416241,wheel-design-066,bmw,BMW 5系7系,19,9.5,5x112,35,66.5,MG,48.0,KILOGRAMS,899.00,,,0,CONTINUE,False,True,1,1,229,197,https://cdn.shopify.com/s/files/1/0995/6920/5581/files/wheel-design-066_1bb9a15c-2bff-4869-a762-4e8703bd6101.jpg,"Juego de llantas 19X9.5 BMW, referencia OYL260416241",llantas-19-pulgadas|llantas-bmw,5x112|bmw|color-mg|et-35|llantas|llantas-19,11,"Llantas 19"" BMW | Juego de 4","Juego de 4 llantas 19X9.5, 5X112, ET +35, compatible de forma orientativa con BMW 5系7系. Precio cerrado y entrega a domicilio.",DRAFT,ninguno,2026-09-18T16:20:16Z,60,"imagen 229x197 (por debajo de 800x800) · chino del proveedor visible en la descripción · chino del proveedor visible en la meta description · sin coste de proveedor registrado · precio = escalera fija por diámetro, no verificado como PVP · peso = escalera fija por diámetro, no medido · stock 0 sin seguimiento (venta continua)"
10898635358541,oyl260416242-20-bmw,Juego de 4 llantas 20 pulgadas BMW – OYL260416242,OYL260416242,wheel-design-066,bmw,BMW 5系7系,20,9.5,5x120,35,72.56,MB,52.0,KILOGRAMS,999.00,,,0,CONTINUE,False,True,1,1,229,197,https://cdn.shopify.com/s/files/1/0995/6920/5581/files/wheel-design-066_343b0be1-00e1-4f0e-b81b-46b11e6a0f53.jpg,"Juego de llantas 20X9.5 BMW, referencia OYL260416242",llantas-20-pulgadas|llantas-bmw,5x120|bmw|color-mb|et-35|llantas|llantas-20,11,"Llantas 20"" BMW | Juego de 4","Juego de 4 llantas 20X9.5, 5X120, ET +35, compatible de forma orientativa con BMW 5系7系. Precio cerrado y entrega a domicilio.",DRAFT,ninguno,2026-09-18T16:20:16Z,60,"imagen 229x197 (por debajo de 800x800) · chino del proveedor visible en la descripción · chino del proveedor visible en la meta description · sin coste de proveedor registrado · precio = escalera fija por diámetro, no verificado como PVP · peso = escalera fija por diámetro, no medido · stock 0 sin seguimiento (venta continua)"
10898635424077,oyl260416243-20-bmw,Juego de 4 llantas 20 pulgadas BMW – OYL260416243,OYL260416243,wheel-design-066,bmw,BMW 5系7系,20,8.5,5x112,30,66.5,MB,52.0,KILOGRAMS,999.00,,,0,CONTINUE,False,True,1,1,229,197,https://cdn.shopify.com/s/files/1/0995/6920/5581/files/wheel-design-066_e4212073-0a4d-4815-9dde-b9e09dd8ee8a.jpg,"Juego de llantas 20X8.5 BMW, referencia OYL260416243",llantas-20-pulgadas|llantas-bmw,5x112|bmw|color-mb|et-30|llantas|llantas-20,11,"Llantas 20"" BMW | Juego de 4","Juego de 4 llantas 20X8.5, 5X112, ET +30, compatible de forma orientativa con BMW 5系7系. Precio cerrado y entrega a domicilio.",DRAFT,ninguno,2026-09-18T16:20:17Z,60,"imagen 229x197 (por debajo de 800x800) · chino del proveedor visible en la descripción · chino del proveedor visible en la meta description · sin coste de proveedor registrado · precio = escalera fija por diámetro, no verificado como PVP · peso = escalera fija por diámetro, no medido · stock 0 sin seguimiento (venta continua)"
10898635456845,oyl260416244-18-mercedes-benz,Juego de 4 llantas 18 pulgadas Mercedes-Benz – OYL260416244,OYL260416244,wheel-design-067,mercedes-benz,BENZ C级,18,8.0,5x112,40,66.5,MB,44.0,KILOGRAMS,799.00,,,0,CONTINUE,False,True,1,1,198,144,https://cdn.shopify.com/s/files/1/0995/6920/5581/files/wheel-design-067_504031e3-ea45-46e8-8c66-a3d82708837b.jpg,"Juego de llantas 18X8.0 Mercedes-Benz, referencia OYL260416244",llantas-18-pulgadas|llantas-mercedes-benz,5x112|color-mb|et-40|llantas|llantas-18|mercedes-benz,11,"Llantas 18"" Mercedes-Benz | Juego de 4","Juego de 4 llantas 18X8.0, 5X112, ET +40, compatible de forma orientativa con BENZ C级. Precio cerrado y entrega a domicilio.",DRAFT,ninguno,2026-09-18T16:20:18Z,60,"imagen 198x144 (por debajo de 800x800) · chino del proveedor visible en la descripción · chino del proveedor visible en la meta description · sin coste de proveedor registrado · precio = escalera fija por diámetro, no verificado como PVP · peso = escalera fija por diámetro, no medido · stock 0 sin seguimiento (venta continua)"
10898635489613,oyl260416245-18-mercedes-benz,Juego de 4 llantas 18 pulgadas Mercedes-Benz – OYL260416245,OYL260416245,wheel-design-067,mercedes-benz,BENZ C级,18,8.0,5x114.3,38,73.1,MB,44.0,KILOGRAMS,799.00,,,0,CONTINUE,False,True,1,1,198,144,https://cdn.shopify.com/s/files/1/0995/6920/5581/files/wheel-design-067_acbb22ce-62d0-4c1f-8f84-2de420106e6a.jpg,"Juego de llantas 18X8.0 Mercedes-Benz, referencia OYL260416245",llantas-18-pulgadas|llantas-mercedes-benz,5x114.3|color-mb|et-38|llantas|llantas-18|mercedes-benz,11,"Llantas 18"" Mercedes-Benz | Juego de 4","Juego de 4 llantas 18X8.0, 5X114.3, ET +38, compatible de forma orientativa con BENZ C级. Precio cerrado y entrega a domicilio.",DRAFT,ninguno,2026-09-18T16:20:18Z,60,"imagen 198x144 (por debajo de 800x800) · chino del proveedor visible en la descripción · chino del proveedor visible en la meta description · sin coste de proveedor registrado · precio = escalera fija por diámetro, no verificado como PVP · peso = escalera fija por diámetro, no medido · stock 0 sin seguimiento (venta continua)"
10898635522381,oyl260416246-18-mercedes-benz,Juego de 4 llantas 18 pulgadas Mercedes-Benz – OYL260416246,OYL260416246,wheel-design-067,mercedes-benz,BENZ C级,18,8.0,5x114.3,38,73.1,MB,44.0,KILOGRAMS,799.00,,,0,CONTINUE,False,True,1,1,198,144,https://cdn.shopify.com/s/files/1/0995/6920/5581/files/wheel-design-067_60fb5f95-60ed-4bb2-9faa-651d0b118cad.jpg,Juego de 4 llantas 18 pulgadas Mercedes-Benz – OYL260416246,llantas-18-pulgadas|llantas-mercedes-benz,5x114.3|color-mb|et-38|llantas|llantas-18|mercedes-benz,11,"Llantas 18"" Mercedes-Benz | Juego de 4","Juego de 4 llantas 18X8.0, 5X114.3, ET +38, compatible de forma orientativa con BENZ C级. Precio cerrado y entrega a domicilio.",DRAFT,ninguno,2026-09-18T16:20:19Z,60,"imagen 198x144 (por debajo de 800x800) · chino del proveedor visible en la descripción · chino del proveedor visible en la meta description · sin coste de proveedor registrado · precio = escalera fija por diámetro, no verificado como PVP · peso = escalera fija por diámetro, no medido · stock 0 sin seguimiento (venta continua)"
10898635555149,oyl260416247-22-bmw,Juego de 4 llantas 22 pulgadas BMW – OYL260416247,OYL260416247,wheel-design-068,bmw,BMW X7,22,10.5,5x112,38,66.5,MB,60.0,KILOGRAMS,1249.00,,,0,CONTINUE,False,True,1,1,188,199,https://cdn.shopify.com/s/files/1/0995/6920/5581/files/wheel-design-068_7d89147e-cc4b-44f3-aefb-d57424fe6185.jpg,Juego de 4 llantas 22 pulgadas BMW – OYL260416247,llantas-22-pulgadas|llantas-bmw,5x112|bmw|color-mb|et-38|llantas|llantas-22,11,"Llantas 22"" BMW | Juego de 4","Juego de 4 llantas 22X10.5, 5X112, ET +38, compatible de forma orientativa con BMW X7. Precio cerrado y entrega a domicilio.",DRAFT,ninguno,2026-09-18T16:20:19Z,75,"imagen 188x199 (por debajo de 800x800) · sin coste de proveedor registrado · precio = escalera fija por diámetro, no verificado como PVP · peso = escalera fija por diámetro, no medido · stock 0 sin seguimiento (venta continua)"
10898635620685,oyl260416248-22-bmw,Juego de 4 llantas 22 pulgadas BMW – OYL260416248,OYL260416248,wheel-design-068,bmw,BMW X7,22,10.5,5x120,38,74.1,MB,60.0,KILOGRAMS,1249.00,,,0,CONTINUE,False,True,1,1,188,199,https://cdn.shopify.com/s/files/1/0995/6920/5581/files/wheel-design-068_3fdec8c7-3565-4d63-ad19-5ca18ea622c3.jpg,"Juego de llantas 22X10.5 BMW, referencia OYL260416248",llantas-22-pulgadas|llantas-bmw,5x120|bmw|color-mb|et-38|llantas|llantas-22,11,"Llantas 22"" BMW | Juego de 4","Juego de 4 llantas 22X10.5, 5X120, ET +38, compatible de forma orientativa con BMW X7. Precio cerrado y entrega a domicilio.",DRAFT,ninguno,2026-09-18T16:20:20Z,75,"imagen 188x199 (por debajo de 800x800) · sin coste de proveedor registrado · precio = escalera fija por diámetro, no verificado como PVP · peso = escalera fija por diámetro, no medido · stock 0 sin seguimiento (venta continua)"
10898635653453,oyl260416249-19-mercedes-benz,Juego de 4 llantas 19 pulgadas Mercedes-Benz – OYL260416249,OYL260416249,wheel-design-069,mercedes-benz,BENZ E级,19,8.5,5x112,36,66.5,MB,48.0,KILOGRAMS,899.00,,,0,CONTINUE,False,True,1,1,236,183,https://cdn.shopify.com/s/files/1/0995/6920/5581/files/wheel-design-069_02f4aa7b-4c5e-4bec-8dd2-905593634673.jpg,"Juego de llantas 19X8.5 Mercedes-Benz, referencia OYL260416249",llantas-19-pulgadas|llantas-mercedes-benz,5x112|color-mb|et-36|llantas|llantas-19|mercedes-benz,11,"Llantas 19"" Mercedes-Benz | Juego de 4","Juego de 4 llantas 19X8.5, 5X112, ET +36, compatible de forma orientativa con BENZ E级. Precio cerrado y entrega a domicilio.",DRAFT,ninguno,2026-09-18T16:20:21Z,60,"imagen 236x183 (por debajo de 800x800) · chino del proveedor visible en la descripción · chino del proveedor visible en la meta description · sin coste de proveedor registrado · precio = escalera fija por diámetro, no verificado como PVP · peso = escalera fija por diámetro, no medido · stock 0 sin seguimiento (venta continua)"
10898635751757,oyl260416250-19-mercedes-benz,Juego de 4 llantas 19 pulgadas Mercedes-Benz – OYL260416250,OYL260416250,wheel-design-069,mercedes-benz,BENZ E级,19,9.5,5x112,45,66.5,MB,48.0,KILOGRAMS,899.00,,,0,CONTINUE,False,True,1,1,236,183,https://cdn.shopify.com/s/files/1/0995/6920/5581/files/wheel-design-069_7eb91fe2-ff24-435f-92fb-1ea701255701.jpg,Juego de 4 llantas 19 pulgadas Mercedes-Benz – OYL260416250,llantas-19-pulgadas|llantas-mercedes-benz,5x112|color-mb|et-45|llantas|llantas-19|mercedes-benz,11,"Llantas 19"" Mercedes-Benz | Juego de 4","Juego de 4 llantas 19X9.5, 5X112, ET +45, compatible de forma orientativa con BENZ E级. Precio cerrado y entrega a domicilio.",DRAFT,ninguno,2026-09-18T16:20:22Z,60,"imagen 236x183 (por debajo de 800x800) · chino del proveedor visible en la descripción · chino del proveedor visible en la meta description · sin coste de proveedor registrado · precio = escalera fija por diámetro, no verificado como PVP · peso = escalera fija por diámetro, no medido · stock 0 sin seguimiento (venta continua)"
10898635817293,oyl260416251-20-mercedes-benz,Juego de 4 llantas 20 pulgadas Mercedes-Benz – OYL260416251,OYL260416251,wheel-design-069,mercedes-benz,BENZ E级,20,8.5,5x112,36,66.5,MB,52.0,KILOGRAMS,999.00,,,0,CONTINUE,False,True,1,1,236,183,https://cdn.shopify.com/s/files/1/0995/6920/5581/files/wheel-design-069_3f0f7fdc-25f1-4e9d-a056-ea6b7ee86258.jpg,"Juego de llantas 20X8.5 Mercedes-Benz, referencia OYL260416251",llantas-20-pulgadas|llantas-mercedes-benz,5x112|color-mb|et-36|llantas|llantas-20|mercedes-benz,11,"Llantas 20"" Mercedes-Benz | Juego de 4","Juego de 4 llantas 20X8.5, 5X112, ET +36, compatible de forma orientativa con BENZ E级. Precio cerrado y entrega a domicilio.",DRAFT,ninguno,2026-09-18T16:20:22Z,60,"imagen 236x183 (por debajo de 800x800) · chino del proveedor visible en la descripción · chino del proveedor visible en la meta description · sin coste de proveedor registrado · precio = escalera fija por diámetro, no verificado como PVP · peso = escalera fija por diámetro, no medido · stock 0 sin seguimiento (venta continua)"
10898635850061,oyl260416252-20-mercedes-benz,Juego de 4 llantas 20 pulgadas Mercedes-Benz – OYL260416252,OYL260416252,wheel-design-069,mercedes-benz,BENZ E级,20,9.5,5x112,43,66.5,MB,52.0,KILOGRAMS,999.00,,,0,CONTINUE,False,True,1,1,236,183,https://cdn.shopify.com/s/files/1/0995/6920/5581/files/wheel-design-069_d40bfac2-5fe0-4a17-b44e-931d0aa13550.jpg,"Juego de llantas 20X9.5 Mercedes-Benz, referencia OYL260416252",llantas-20-pulgadas|llantas-mercedes-benz,5x112|color-mb|et-43|llantas|llantas-20|mercedes-benz,11,"Llantas 20"" Mercedes-Benz | Juego de 4","Juego de 4 llantas 20X9.5, 5X112, ET +43, compatible de forma orientativa con BENZ E级. Precio cerrado y entrega a domicilio.",DRAFT,ninguno,2026-09-18T16:20:23Z,60,"imagen 236x183 (por debajo de 800x800) · chino del proveedor visible en la descripción · chino del proveedor visible en la meta description · sin coste de proveedor registrado · precio = escalera fija por diámetro, no verificado como PVP · peso = escalera fija por diámetro, no medido · stock 0 sin seguimiento (venta continua)"
10898635915597,oyl260416253-17-bmw,Juego de 4 llantas 17 pulgadas BMW – OYL260416253,OYL260416253,wheel-design-070,bmw,BMW M4 鸟巢,17,8.0,5x120,25,72.6,MB,40.0,KILOGRAMS,699.00,,,0,CONTINUE,False,True,1,1,159,148,https://cdn.shopify.com/s/files/1/0995/6920/5581/files/wheel-design-070_c7ead102-11a8-40e8-859f-16cc75b5572e.jpg,"Juego de llantas 17X8.0 BMW, referencia OYL260416253",llantas-17-pulgadas|llantas-bmw,5x120|bmw|color-mb|et-25|llantas|llantas-17,11,"Llantas 17"" BMW | Juego de 4","Juego de 4 llantas 17X8.0, 5X120, ET +25, compatible de forma orientativa con BMW M4 鸟巢. Precio cerrado y entrega a domicilio.",DRAFT,ninguno,2026-09-18T16:20:23Z,60,"imagen 159x148 (por debajo de 800x800) · chino del proveedor visible en la descripción · chino del proveedor visible en la meta description · sin coste de proveedor registrado · precio = escalera fija por diámetro, no verificado como PVP · peso = escalera fija por diámetro, no medido · stock 0 sin seguimiento (venta continua)"
10898635948365,oyl260416254-17-bmw,Juego de 4 llantas 17 pulgadas BMW – OYL260416254,OYL260416254,wheel-design-070,bmw,BMW M4 鸟巢,17,8.0,5x120,25,72.6,B,40.0,KILOGRAMS,699.00,,,0,CONTINUE,False,True,1,1,159,148,https://cdn.shopify.com/s/files/1/0995/6920/5581/files/wheel-design-070_02a9f6a0-2b55-4a61-9cf9-9fd1d55019fd.jpg,"Juego de llantas 17X8.0 BMW, referencia OYL260416254",llantas-17-pulgadas|llantas-bmw,5x120|bmw|color-b|et-25|llantas|llantas-17,11,"Llantas 17"" BMW | Juego de 4","Juego de 4 llantas 17X8.0, 5X120, ET +25, compatible de forma orientativa con BMW M4 鸟巢. Precio cerrado y entrega a domicilio.",DRAFT,ninguno,2026-09-18T16:20:24Z,60,"imagen 159x148 (por debajo de 800x800) · chino del proveedor visible en la descripción · chino del proveedor visible en la meta description · sin coste de proveedor registrado · precio = escalera fija por diámetro, no verificado como PVP · peso = escalera fija por diámetro, no medido · stock 0 sin seguimiento (venta continua)"
10898635981133,oyl260416255-18-bmw,Juego de 4 llantas 18 pulgadas BMW – OYL260416255,OYL260416255,wheel-design-070,bmw,BMW 3/5系,18,8.0,5x112,30,66.5,B,44.0,KILOGRAMS,799.00,,,0,CONTINUE,False,True,1,1,159,148,https://cdn.shopify.com/s/files/1/0995/6920/5581/files/wheel-design-070_4c772be1-a0b5-4465-9cd5-14bf940d7248.jpg,"Juego de llantas 18X8.0 BMW, referencia OYL260416255",llantas-18-pulgadas|llantas-bmw,5x112|bmw|color-b|et-30|llantas|llantas-18,11,"Llantas 18"" BMW | Juego de 4","Juego de 4 llantas 18X8.0, 5X112, ET +30, compatible de forma orientativa con BMW 3/5系. Precio cerrado y entrega a domicilio.",DRAFT,ninguno,2026-09-18T16:20:25Z,60,"imagen 159x148 (por debajo de 800x800) · chino del proveedor visible en la descripción · chino del proveedor visible en la meta description · sin coste de proveedor registrado · precio = escalera fija por diámetro, no verificado como PVP · peso = escalera fija por diámetro, no medido · stock 0 sin seguimiento (venta continua)"
10898636013901,oyl260416256-18-bmw,Juego de 4 llantas 18 pulgadas BMW – OYL260416256,OYL260416256,wheel-design-070,bmw,BMW 3/5系,18,9.0,5x112,35,66.5,B,44.0,KILOGRAMS,799.00,,,0,CONTINUE,False,True,1,1,159,148,https://cdn.shopify.com/s/files/1/0995/6920/5581/files/wheel-design-070_25d56d22-3026-433d-a605-39e4d8c762d1.jpg,"Juego de llantas 18X9.0 BMW, referencia OYL260416256",llantas-18-pulgadas|llantas-bmw,5x112|bmw|color-b|et-35|llantas|llantas-18,11,"Llantas 18"" BMW | Juego de 4","Juego de 4 llantas 18X9.0, 5X112, ET +35, compatible de forma orientativa con BMW 3/5系. Precio cerrado y entrega a domicilio.",DRAFT,ninguno,2026-09-18T16:20:25Z,60,"imagen 159x148 (por debajo de 800x800) · chino del proveedor visible en la descripción · chino del proveedor visible en la meta description · sin coste de proveedor registrado · precio = escalera fija por diámetro, no verificado como PVP · peso = escalera fija por diámetro, no medido · stock 0 sin seguimiento (venta continua)"
10898636079437,oyl260416257-18-bmw,Juego de 4 llantas 18 pulgadas BMW – OYL260416257,OYL260416257,wheel-design-070,bmw,BMW 3/5系,18,8.5,5x112,30,66.56,B,44.0,KILOGRAMS,799.00,,,0,CONTINUE,False,True,1,1,159,148,https://cdn.shopify.com/s/files/1/0995/6920/5581/files/wheel-design-070_525c53ab-317c-4a6b-93b5-a62c900612b7.jpg,"Juego de llantas 18X8.5 BMW, referencia OYL260416257",llantas-18-pulgadas|llantas-bmw,5x112|bmw|color-b|et-30|llantas|llantas-18,11,"Llantas 18"" BMW | Juego de 4","Juego de 4 llantas 18X8.5, 5X112, ET +30, compatible de forma orientativa con BMW 3/5系. Precio cerrado y entrega a domicilio.",DRAFT,ninguno,2026-09-18T16:20:26Z,60,"imagen 159x148 (por debajo de 800x800) · chino del proveedor visible en la descripción · chino del proveedor visible en la meta description · sin coste de proveedor registrado · precio = escalera fija por diámetro, no verificado como PVP · peso = escalera fija por diámetro, no medido · stock 0 sin seguimiento (venta continua)"
10898636177741,oyl260416258-19-audi,Juego de 4 llantas 19 pulgadas Audi – OYL260416258,OYL260416258,wheel-design-071,audi,AUDIQ8,19,8.5,5x112,35,66.45,MB,48.0,KILOGRAMS,899.00,,,0,CONTINUE,False,True,1,1,176,168,https://cdn.shopify.com/s/files/1/0995/6920/5581/files/wheel-design-071_578959a4-0b4a-47c4-b53b-478225392695.png,"Juego de llantas 19X8.5 Audi, referencia OYL260416258",llantas-19-pulgadas|llantas-audi,5x112|audi|color-mb|et-35|llantas|llantas-19,11,"Llantas 19"" Audi | Juego de 4","Juego de 4 llantas 19X8.5, 5X112, ET +35, compatible de forma orientativa con AUDIQ8. Precio cerrado y entrega a domicilio.",DRAFT,ninguno,2026-09-18T16:20:26Z,75,"imagen 176x168 (por debajo de 800x800) · sin coste de proveedor registrado · precio = escalera fija por diámetro, no verificado como PVP · peso = escalera fija por diámetro, no medido · stock 0 sin seguimiento (venta continua)"
10898636276045,oyl260416259-22-audi,Juego de 4 llantas 22 pulgadas Audi – OYL260416259,OYL260416259,wheel-design-071,audi,AUDIQ8,22,10.0,5x112,25,66.45,MB,60.0,KILOGRAMS,1249.00,,,0,CONTINUE,False,True,1,1,176,168,https://cdn.shopify.com/s/files/1/0995/6920/5581/files/wheel-design-071_e9042918-74c9-46f0-b757-6360fe7f97dd.png,"Juego de llantas 22X10 Audi, referencia OYL260416259",llantas-22-pulgadas|llantas-audi,5x112|audi|color-mb|et-25|llantas|llantas-22,11,"Llantas 22"" Audi | Juego de 4","Juego de 4 llantas 22X10, 5X112, ET +25, compatible de forma orientativa con AUDIQ8. Precio cerrado y entrega a domicilio.",DRAFT,ninguno,2026-09-18T16:20:27Z,75,"imagen 176x168 (por debajo de 800x800) · sin coste de proveedor registrado · precio = escalera fija por diámetro, no verificado como PVP · peso = escalera fija por diámetro, no medido · stock 0 sin seguimiento (venta continua)"
10898636374349,oyl260416260-19-audi,Juego de 4 llantas 19 pulgadas Audi – OYL260416260,OYL260416260,wheel-design-072,audi,AUDIA7,19,8.5,5x112,35,66.5,B,48.0,KILOGRAMS,899.00,,,0,CONTINUE,False,True,1,1,203,187,https://cdn.shopify.com/s/files/1/0995/6920/5581/files/wheel-design-072_dfc0d3da-592d-4160-beb0-336c2cd82708.jpg,Juego de 4 llantas 19 pulgadas Audi – OYL260416260,llantas-19-pulgadas|llantas-audi,5x112|audi|color-b|et-35|llantas|llantas-19,11,"Llantas 19"" Audi | Juego de 4","Juego de 4 llantas 19X8.5, 5X112, ET +35, compatible de forma orientativa con AUDIA7. Precio cerrado y entrega a domicilio.",DRAFT,ninguno,2026-09-18T16:20:28Z,75,"imagen 203x187 (por debajo de 800x800) · sin coste de proveedor registrado · precio = escalera fija por diámetro, no verificado como PVP · peso = escalera fija por diámetro, no medido · stock 0 sin seguimiento (venta continua)"
10898636472653,oyl260416261-19-audi,Juego de 4 llantas 19 pulgadas Audi – OYL260416261,OYL260416261,wheel-design-072,audi,AUDIA7,19,8.5,5x112,35,66.5,MATTE BLACK,48.0,KILOGRAMS,899.00,,,0,CONTINUE,False,True,1,1,203,187,https://cdn.shopify.com/s/files/1/0995/6920/5581/files/wheel-design-072_b34eace8-9a7c-4495-a461-da98f5ac0da9.jpg,"Juego de llantas 19X8.5 Audi, referencia OYL260416261",llantas-19-pulgadas|llantas-audi,5x112|audi|color-matte black|et-35|llantas|llantas-19,11,"Llantas 19"" Audi | Juego de 4","Juego de 4 llantas 19X8.5, 5X112, ET +35, compatible de forma orientativa con AUDIA7. Precio cerrado y entrega a domicilio.",DRAFT,ninguno,2026-09-18T16:20:28Z,75,"imagen 203x187 (por debajo de 800x800) · sin coste de proveedor registrado · precio = escalera fija por diámetro, no verificado como PVP · peso = escalera fija por diámetro, no medido · stock 0 sin seguimiento (venta continua)"
10898636570957,oyl260416262-19-audi,Juego de 4 llantas 19 pulgadas Audi – OYL260416262,OYL260416262,wheel-design-072,audi,AUDIA7,19,8.5,5x112,35,66.5,B+P,48.0,KILOGRAMS,899.00,,,0,CONTINUE,False,True,1,1,203,187,https://cdn.shopify.com/s/files/1/0995/6920/5581/files/wheel-design-072_f0d9e05f-87fb-4b6c-ab29-bb0f0d89c4c0.jpg,"Juego de llantas 19X8.5 Audi, referencia OYL260416262",llantas-19-pulgadas|llantas-audi,5x112|audi|color-b+p|et-35|llantas|llantas-19,11,"Llantas 19"" Audi | Juego de 4","Juego de 4 llantas 19X8.5, 5X112, ET +35, compatible de forma orientativa con AUDIA7. Precio cerrado y entrega a domicilio.",DRAFT,ninguno,2026-09-18T16:20:29Z,75,"imagen 203x187 (por debajo de 800x800) · sin coste de proveedor registrado · precio = escalera fija por diámetro, no verificado como PVP · peso = escalera fija por diámetro, no medido · stock 0 sin seguimiento (venta continua)"
10898636669261,oyl260416263-20-audi,Juego de 4 llantas 20 pulgadas Audi – OYL260416263,OYL260416263,wheel-design-072,audi,AUDIRS6/RS7-2024,20,9.0,5x112,30,66.45,MB,52.0,KILOGRAMS,999.00,,,0,CONTINUE,False,True,1,1,203,187,https://cdn.shopify.com/s/files/1/0995/6920/5581/files/wheel-design-072_6d828858-b498-413e-9b2e-672416b59054.jpg,"Juego de llantas 20X9.0 Audi, referencia OYL260416263",llantas-20-pulgadas|llantas-audi,5x112|audi|color-mb|et-30|llantas|llantas-20,11,"Llantas 20"" Audi | Juego de 4","Juego de 4 llantas 20X9.0, 5X112, ET +30, compatible de forma orientativa con AUDIRS6/RS7-2024. Precio cerrado y entrega a domicilio.",DRAFT,ninguno,2026-09-18T16:20:29Z,75,"imagen 203x187 (por debajo de 800x800) · sin coste de proveedor registrado · precio = escalera fija por diámetro, no verificado como PVP · peso = escalera fija por diámetro, no medido · stock 0 sin seguimiento (venta continua)"
10898636767565,oyl260416264-20-audi,Juego de 4 llantas 20 pulgadas Audi – OYL260416264,OYL260416264,wheel-design-072,audi,AUDIRS6/RS7-2024,20,9.0,5x112,30,66.45,B+P,52.0,KILOGRAMS,999.00,,,0,CONTINUE,False,True,1,1,203,187,https://cdn.shopify.com/s/files/1/0995/6920/5581/files/wheel-design-072_ca9ba4d9-6e4d-4fd7-ab2e-6d556864afcc.jpg,"Juego de llantas 20X9.0 Audi, referencia OYL260416264",llantas-20-pulgadas|llantas-audi,5x112|audi|color-b+p|et-30|llantas|llantas-20,11,"Llantas 20"" Audi | Juego de 4","Juego de 4 llantas 20X9.0, 5X112, ET +30, compatible de forma orientativa con AUDIRS6/RS7-2024. Precio cerrado y entrega a domicilio.",DRAFT,ninguno,2026-09-18T16:20:30Z,75,"imagen 203x187 (por debajo de 800x800) · sin coste de proveedor registrado · precio = escalera fija por diámetro, no verificado como PVP · peso = escalera fija por diámetro, no medido · stock 0 sin seguimiento (venta continua)"
10898636865869,oyl260416265-20-audi,Juego de 4 llantas 20 pulgadas Audi – OYL260416265,OYL260416265,wheel-design-072,audi,AUDIA7,20,9.0,5x112,30,66.45,MB+X,52.0,KILOGRAMS,999.00,,,0,CONTINUE,False,True,1,1,203,187,https://cdn.shopify.com/s/files/1/0995/6920/5581/files/wheel-design-072_838aec73-e86c-4ba0-b45d-2fab4d762146.jpg,"Juego de llantas 20X9.0 Audi, referencia OYL260416265",llantas-20-pulgadas|llantas-audi,5x112|audi|color-mb+x|et-30|llantas|llantas-20,11,"Llantas 20"" Audi | Juego de 4","Juego de 4 llantas 20X9.0, 5X112, ET +30, compatible de forma orientativa con AUDIA7. Precio cerrado y entrega a domicilio.",DRAFT,ninguno,2026-09-18T16:20:31Z,75,"imagen 203x187 (por debajo de 800x800) · sin coste de proveedor registrado · precio = escalera fija por diámetro, no verificado como PVP · peso = escalera fija por diámetro, no medido · stock 0 sin seguimiento (venta continua)"
10898636996941,oyl260416266-21-audi,Juego de 4 llantas 21 pulgadas Audi – OYL260416266,OYL260416266,wheel-design-072,audi,AUDIRS6/RS7-2024,21,9.0,5x112,25,66.45,MB,56.0,KILOGRAMS,1099.00,,,0,CONTINUE,False,True,1,1,203,187,https://cdn.shopify.com/s/files/1/0995/6920/5581/files/wheel-design-072_8e2d7672-a2e7-4daa-a7a0-35f21366659c.jpg,Juego de 4 llantas 21 pulgadas Audi – OYL260416266,llantas-21-pulgadas|llantas-audi,5x112|audi|color-mb|et-25|llantas|llantas-21,11,"Llantas 21"" Audi | Juego de 4","Juego de 4 llantas 21X9.0, 5X112, ET +25, compatible de forma orientativa con AUDIRS6/RS7-2024. Precio cerrado y entrega a domicilio.",DRAFT,ninguno,2026-09-18T16:20:31Z,75,"imagen 203x187 (por debajo de 800x800) · sin coste de proveedor registrado · precio = escalera fija por diámetro, no verificado como PVP · peso = escalera fija por diámetro, no medido · stock 0 sin seguimiento (venta continua)"
10898637062477,oyl260416267-21-audi,Juego de 4 llantas 21 pulgadas Audi – OYL260416267,OYL260416267,wheel-design-072,audi,AUDIRS6/RS7-2024,21,9.0,5x112,25,66.45,MATTE BLACK,56.0,KILOGRAMS,1099.00,,,0,CONTINUE,False,True,1,1,203,187,https://cdn.shopify.com/s/files/1/0995/6920/5581/files/wheel-design-072_4ec9a18c-27f0-4151-b73b-91ed36199423.jpg,"Juego de llantas 21X9.0 Audi, referencia OYL260416267",llantas-21-pulgadas|llantas-audi,5x112|audi|color-matte black|et-25|llantas|llantas-21,11,"Llantas 21"" Audi | Juego de 4","Juego de 4 llantas 21X9.0, 5X112, ET +25, compatible de forma orientativa con AUDIRS6/RS7-2024. Precio cerrado y entrega a domicilio.",DRAFT,ninguno,2026-09-18T16:20:32Z,75,"imagen 203x187 (por debajo de 800x800) · sin coste de proveedor registrado · precio = escalera fija por diámetro, no verificado como PVP · peso = escalera fija por diámetro, no medido · stock 0 sin seguimiento (venta continua)"
10898637160781,oyl260416268-21-audi,Juego de 4 llantas 21 pulgadas Audi – OYL260416268,OYL260416268,wheel-design-072,audi,AUDIRS6/RS7-2024,21,9.0,5x112,25,66.45,MB+X,56.0,KILOGRAMS,1099.00,,,0,CONTINUE,False,True,1,1,203,187,https://cdn.shopify.com/s/files/1/0995/6920/5581/files/wheel-design-072_28531a8e-7bf3-404f-9ab8-5875bfde004a.jpg,"Juego de llantas 21X9.0 Audi, referencia OYL260416268",llantas-21-pulgadas|llantas-audi,5x112|audi|color-mb+x|et-25|llantas|llantas-21,11,"Llantas 21"" Audi | Juego de 4","Juego de 4 llantas 21X9.0, 5X112, ET +25, compatible de forma orientativa con AUDIRS6/RS7-2024. Precio cerrado y entrega a domicilio.",DRAFT,ninguno,2026-09-18T16:20:33Z,75,"imagen 203x187 (por debajo de 800x800) · sin coste de proveedor registrado · precio = escalera fija por diámetro, no verificado como PVP · peso = escalera fija por diámetro, no medido · stock 0 sin seguimiento (venta continua)"
10898637259085,oyl260416269-21-audi,Juego de 4 llantas 21 pulgadas Audi – OYL260416269,OYL260416269,wheel-design-072,audi,AUDIRS6/RS7-2024,21,9.0,5x112,25,66.45,B,56.0,KILOGRAMS,1099.00,,,0,CONTINUE,False,True,1,1,203,187,https://cdn.shopify.com/s/files/1/0995/6920/5581/files/wheel-design-072_9641de0a-34b6-45a7-8034-936a623ce1cb.jpg,Juego de 4 llantas 21 pulgadas Audi – OYL260416269,llantas-21-pulgadas|llantas-audi,5x112|audi|color-b|et-25|llantas|llantas-21,11,"Llantas 21"" Audi | Juego de 4","Juego de 4 llantas 21X9.0, 5X112, ET +25, compatible de forma orientativa con AUDIRS6/RS7-2024. Precio cerrado y entrega a domicilio.",DRAFT,ninguno,2026-09-18T16:20:33Z,75,"imagen 203x187 (por debajo de 800x800) · sin coste de proveedor registrado · precio = escalera fija por diámetro, no verificado como PVP · peso = escalera fija por diámetro, no medido · stock 0 sin seguimiento (venta continua)"
10898637291853,oyl260416270-22-audi,Juego de 4 llantas 22 pulgadas Audi – OYL260416270,OYL260416270,wheel-design-072,audi,AUDIRS6/RS7-2024,22,10.0,5x112,25,66.45,MB,60.0,KILOGRAMS,1249.00,,,0,CONTINUE,False,True,1,1,203,187,https://cdn.shopify.com/s/files/1/0995/6920/5581/files/wheel-design-072_e9dd223f-8740-455a-a861-aff7845a257b.jpg,"Juego de llantas 22X10 Audi, referencia OYL260416270",llantas-22-pulgadas|llantas-audi,5x112|audi|color-mb|et-25|llantas|llantas-22,11,"Llantas 22"" Audi | Juego de 4","Juego de 4 llantas 22X10, 5X112, ET +25, compatible de forma orientativa con AUDIRS6/RS7-2024. Precio cerrado y entrega a domicilio.",DRAFT,ninguno,2026-09-18T16:20:34Z,75,"imagen 203x187 (por debajo de 800x800) · sin coste de proveedor registrado · precio = escalera fija por diámetro, no verificado como PVP · peso = escalera fija por diámetro, no medido · stock 0 sin seguimiento (venta continua)"
10898637357389,oyl260416271-22-audi,Juego de 4 llantas 22 pulgadas Audi – OYL260416271,OYL260416271,wheel-design-072,audi,AUDIRS6/RS7-2024,22,10.0,5x112,25,66.45,MATTE BLACK,60.0,KILOGRAMS,1249.00,,,0,CONTINUE,False,True,1,1,203,187,https://cdn.shopify.com/s/files/1/0995/6920/5581/files/wheel-design-072_f628e758-fe85-44dd-8015-2632e0d3cd34.jpg,Juego de 4 llantas 22 pulgadas Audi – OYL260416271,llantas-22-pulgadas|llantas-audi,5x112|audi|color-matte black|et-25|llantas|llantas-22,11,"Llantas 22"" Audi | Juego de 4","Juego de 4 llantas 22X10, 5X112, ET +25, compatible de forma orientativa con AUDIRS6/RS7-2024. Precio cerrado y entrega a domicilio.",DRAFT,ninguno,2026-09-18T16:20:34Z,75,"imagen 203x187 (por debajo de 800x800) · sin coste de proveedor registrado · precio = escalera fija por diámetro, no verificado como PVP · peso = escalera fija por diámetro, no medido · stock 0 sin seguimiento (venta continua)"
10898637390157,oyl260416272-22-audi,Juego de 4 llantas 22 pulgadas Audi – OYL260416272,OYL260416272,wheel-design-072,audi,AUDIRS6/RS7-2024,22,10.0,5x112,25,66.45,MB+X,60.0,KILOGRAMS,1249.00,,,0,CONTINUE,False,True,1,1,203,187,https://cdn.shopify.com/s/files/1/0995/6920/5581/files/wheel-design-072_0c4f35aa-ddd9-49fe-938a-8df83b258e71.jpg,Juego de 4 llantas 22 pulgadas Audi – OYL260416272,llantas-22-pulgadas|llantas-audi,5x112|audi|color-mb+x|et-25|llantas|llantas-22,11,"Llantas 22"" Audi | Juego de 4","Juego de 4 llantas 22X10, 5X112, ET +25, compatible de forma orientativa con AUDIRS6/RS7-2024. Precio cerrado y entrega a domicilio.",DRAFT,ninguno,2026-09-18T16:20:35Z,75,"imagen 203x187 (por debajo de 800x800) · sin coste de proveedor registrado · precio = escalera fija por diámetro, no verificado como PVP · peso = escalera fija por diámetro, no medido · stock 0 sin seguimiento (venta continua)"
10898637455693,oyl260416273-22-audi,Juego de 4 llantas 22 pulgadas Audi – OYL260416273,OYL260416273,wheel-design-072,audi,AUDIRS6/RS7-2024,22,10.0,5x112,20,66.45,B,60.0,KILOGRAMS,1249.00,,,0,CONTINUE,False,True,1,1,203,187,https://cdn.shopify.com/s/files/1/0995/6920/5581/files/wheel-design-072_02b9016b-c44a-4de3-a3d9-4f6d3cd3cf83.jpg,"Juego de llantas 22X10 Audi, referencia OYL260416273",llantas-22-pulgadas|llantas-audi,5x112|audi|color-b|et-20|llantas|llantas-22,11,"Llantas 22"" Audi | Juego de 4","Juego de 4 llantas 22X10, 5X112, ET +20, compatible de forma orientativa con AUDIRS6/RS7-2024. Precio cerrado y entrega a domicilio.",DRAFT,ninguno,2026-09-18T16:20:36Z,75,"imagen 203x187 (por debajo de 800x800) · sin coste de proveedor registrado · precio = escalera fija por diámetro, no verificado como PVP · peso = escalera fija por diámetro, no medido · stock 0 sin seguimiento (venta continua)"
10898637521229,oyl260416274-23-audi,Juego de 4 llantas 23 pulgadas Audi – OYL260416274,OYL260416274,wheel-design-072,audi,AUDIRS6/RS7-2024,23,10.0,5x112,20,66.5,MB,64.0,KILOGRAMS,1399.00,,,0,CONTINUE,False,True,1,1,203,187,https://cdn.shopify.com/s/files/1/0995/6920/5581/files/wheel-design-072_e1851d01-b8a6-4d07-ba7b-511da49882be.jpg,"Juego de llantas 23X10 Audi, referencia OYL260416274",llantas-23-pulgadas|llantas-audi,5x112|audi|color-mb|et-20|llantas|llantas-23,11,"Llantas 23"" Audi | Juego de 4","Juego de 4 llantas 23X10, 5X112, ET +20, compatible de forma orientativa con AUDIRS6/RS7-2024. Precio cerrado y entrega a domicilio.",DRAFT,ninguno,2026-09-18T16:20:36Z,75,"imagen 203x187 (por debajo de 800x800) · sin coste de proveedor registrado · precio = escalera fija por diámetro, no verificado como PVP · peso = escalera fija por diámetro, no medido · stock 0 sin seguimiento (venta continua)"
10898637586765,oyl260416275-23-audi,Juego de 4 llantas 23 pulgadas Audi – OYL260416275,OYL260416275,wheel-design-072,audi,AUDIRS6/RS7-2024,23,10.0,5x112,20,66.5,MATTE BLACK,64.0,KILOGRAMS,1399.00,,,0,CONTINUE,False,True,1,1,203,187,https://cdn.shopify.com/s/files/1/0995/6920/5581/files/wheel-design-072_3d4b16ab-e3d6-49cc-b8d7-a43403526bbd.jpg,"Juego de llantas 23X10 Audi, referencia OYL260416275",llantas-23-pulgadas|llantas-audi,5x112|audi|color-matte black|et-20|llantas|llantas-23,11,"Llantas 23"" Audi | Juego de 4","Juego de 4 llantas 23X10, 5X112, ET +20, compatible de forma orientativa con AUDIRS6/RS7-2024. Precio cerrado y entrega a domicilio.",DRAFT,ninguno,2026-09-18T16:20:37Z,75,"imagen 203x187 (por debajo de 800x800) · sin coste de proveedor registrado · precio = escalera fija por diámetro, no verificado como PVP · peso = escalera fija por diámetro, no medido · stock 0 sin seguimiento (venta continua)"
10898637783373,oyl260416276-18-audi,Juego de 4 llantas 18 pulgadas Audi – OYL260416276,OYL260416276,wheel-design-073,audi,AUDIA7,18,8.0,5x112,35,66.45,MB,44.0,KILOGRAMS,799.00,,,0,CONTINUE,False,True,1,1,198,183,https://cdn.shopify.com/s/files/1/0995/6920/5581/files/wheel-design-073_d8ab2c9b-1729-444b-b514-5e91ec85f6e1.png,Juego de 4 llantas 18 pulgadas Audi – OYL260416276,llantas-18-pulgadas|llantas-audi,5x112|audi|color-mb|et-35|llantas|llantas-18,11,"Llantas 18"" Audi | Juego de 4","Juego de 4 llantas 18X8.0, 5X112, ET +35, compatible de forma orientativa con AUDIA7. Precio cerrado y entrega a domicilio.",DRAFT,ninguno,2026-09-18T16:20:41Z,75,"imagen 198x183 (por debajo de 800x800) · sin coste de proveedor registrado · precio = escalera fija por diámetro, no verificado como PVP · peso = escalera fija por diámetro, no medido · stock 0 sin seguimiento (venta continua)"
10898637848909,oyl260416277-18-audi,Juego de 4 llantas 18 pulgadas Audi – OYL260416277,OYL260416277,wheel-design-073,audi,AUDIA7,18,8.0,5x112,35,66.45,B,44.0,KILOGRAMS,799.00,,,0,CONTINUE,False,True,1,1,198,183,https://cdn.shopify.com/s/files/1/0995/6920/5581/files/wheel-design-073_e5ae37b9-e901-4166-980a-1235791d1183.png,"Juego de llantas 18X8.0 Audi, referencia OYL260416277",llantas-18-pulgadas|llantas-audi,5x112|audi|color-b|et-35|llantas|llantas-18,11,"Llantas 18"" Audi | Juego de 4","Juego de 4 llantas 18X8.0, 5X112, ET +35, compatible de forma orientativa con AUDIA7. Precio cerrado y entrega a domicilio.",DRAFT,ninguno,2026-09-18T16:20:42Z,75,"imagen 198x183 (por debajo de 800x800) · sin coste de proveedor registrado · precio = escalera fija por diámetro, no verificado como PVP · peso = escalera fija por diámetro, no medido · stock 0 sin seguimiento (venta continua)"
10898637881677,oyl260416278-20-audi,Juego de 4 llantas 20 pulgadas Audi – OYL260416278,OYL260416278,wheel-design-073,audi,AUDIA7,20,9.0,5x112,30,66.45,MB,52.0,KILOGRAMS,999.00,,,0,CONTINUE,False,True,1,1,198,183,https://cdn.shopify.com/s/files/1/0995/6920/5581/files/wheel-design-073_963debd2-ad49-4d09-b243-98ff9419ac76.png,Juego de 4 llantas 20 pulgadas Audi – OYL260416278,llantas-20-pulgadas|llantas-audi,5x112|audi|color-mb|et-30|llantas|llantas-20,11,"Llantas 20"" Audi | Juego de 4","Juego de 4 llantas 20X9.0, 5X112, ET +30, compatible de forma orientativa con AUDIA7. Precio cerrado y entrega a domicilio.",DRAFT,ninguno,2026-09-18T16:20:42Z,75,"imagen 198x183 (por debajo de 800x800) · sin coste de proveedor registrado · precio = escalera fija por diámetro, no verificado como PVP · peso = escalera fija por diámetro, no medido · stock 0 sin seguimiento (venta continua)"
10898637947213,oyl260416279-20-audi,Juego de 4 llantas 20 pulgadas Audi – OYL260416279,OYL260416279,wheel-design-073,audi,AUDIA7,20,9.0,5x112,30,66.45,B,52.0,KILOGRAMS,999.00,,,0,CONTINUE,False,True,1,1,198,183,https://cdn.shopify.com/s/files/1/0995/6920/5581/files/wheel-design-073_e09d0e62-0cce-4372-9ed9-7b5b2c56862e.png,Juego de 4 llantas 20 pulgadas Audi – OYL260416279,llantas-20-pulgadas|llantas-audi,5x112|audi|color-b|et-30|llantas|llantas-20,11,"Llantas 20"" Audi | Juego de 4","Juego de 4 llantas 20X9.0, 5X112, ET +30, compatible de forma orientativa con AUDIA7. Precio cerrado y entrega a domicilio.",DRAFT,ninguno,2026-09-18T16:20:43Z,75,"imagen 198x183 (por debajo de 800x800) · sin coste de proveedor registrado · precio = escalera fija por diámetro, no verificado como PVP · peso = escalera fija por diámetro, no medido · stock 0 sin seguimiento (venta continua)"
10898638012749,oyl260416280-21-audi,Juego de 4 llantas 21 pulgadas Audi – OYL260416280,OYL260416280,wheel-design-073,audi,AUDIA7,21,9.0,5x112,30,66.45,MB,56.0,KILOGRAMS,1099.00,,,0,CONTINUE,False,True,1,1,198,183,https://cdn.shopify.com/s/files/1/0995/6920/5581/files/wheel-design-073_8fb21ff8-bc26-45b7-a3b8-b4dd145bdd0a.png,Juego de 4 llantas 21 pulgadas Audi – OYL260416280,llantas-21-pulgadas|llantas-audi,5x112|audi|color-mb|et-30|llantas|llantas-21,11,"Llantas 21"" Audi | Juego de 4","Juego de 4 llantas 21X9.0, 5X112, ET +30, compatible de forma orientativa con AUDIA7. Precio cerrado y entrega a domicilio.",DRAFT,ninguno,2026-09-18T16:20:43Z,75,"imagen 198x183 (por debajo de 800x800) · sin coste de proveedor registrado · precio = escalera fija por diámetro, no verificado como PVP · peso = escalera fija por diámetro, no medido · stock 0 sin seguimiento (venta continua)"
10898638045517,oyl260416281-21-audi,Juego de 4 llantas 21 pulgadas Audi – OYL260416281,OYL260416281,wheel-design-073,audi,AUDIA7,21,9.0,5x112,30,66.45,B,56.0,KILOGRAMS,1099.00,,,0,CONTINUE,False,True,1,1,198,183,https://cdn.shopify.com/s/files/1/0995/6920/5581/files/wheel-design-073_2e0a7a38-a81f-4c7f-b13a-5f985f3268f4.png,"Juego de llantas 21X9.0 Audi, referencia OYL260416281",llantas-21-pulgadas|llantas-audi,5x112|audi|color-b|et-30|llantas|llantas-21,11,"Llantas 21"" Audi | Juego de 4","Juego de 4 llantas 21X9.0, 5X112, ET +30, compatible de forma orientativa con AUDIA7. Precio cerrado y entrega a domicilio.",DRAFT,ninguno,2026-09-18T16:20:44Z,75,"imagen 198x183 (por debajo de 800x800) · sin coste de proveedor registrado · precio = escalera fija por diámetro, no verificado como PVP · peso = escalera fija por diámetro, no medido · stock 0 sin seguimiento (venta continua)"
10898638143821,oyl260416282-18-bmw,Juego de 4 llantas 18 pulgadas BMW – OYL260416282,OYL260416282,wheel-design-074,bmw,BMW 5系,18,9.0,5x112,35,66.5,MB,44.0,KILOGRAMS,799.00,,,0,CONTINUE,False,True,1,1,728,678,https://cdn.shopify.com/s/files/1/0995/6920/5581/files/wheel-design-074_a3f9f847-72de-4284-bb5b-26cc39f8a869.png,"Juego de llantas 18X9.0 BMW, referencia OYL260416282",llantas-18-pulgadas|llantas-bmw,5x112|bmw|color-mb|et-35|llantas|llantas-18,11,"Llantas 18"" BMW | Juego de 4","Juego de 4 llantas 18X9.0, 5X112, ET +35, compatible de forma orientativa con BMW 5系. Precio cerrado y entrega a domicilio.",DRAFT,ninguno,2026-09-18T16:20:45Z,60,"imagen 728x678 (por debajo de 800x800) · chino del proveedor visible en la descripción · chino del proveedor visible en la meta description · sin coste de proveedor registrado · precio = escalera fija por diámetro, no verificado como PVP · peso = escalera fija por diámetro, no medido · stock 0 sin seguimiento (venta continua)"
10898638209357,oyl260416283-18-bmw,Juego de 4 llantas 18 pulgadas BMW – OYL260416283,OYL260416283,wheel-design-074,bmw,BMW 5系,18,9.0,5x120,35,72.56,B,44.0,KILOGRAMS,799.00,,,0,CONTINUE,False,True,1,1,728,678,https://cdn.shopify.com/s/files/1/0995/6920/5581/files/wheel-design-074_09ec3487-74db-4680-aca9-d13d2795575f.png,"Juego de llantas 18X9.0 BMW, referencia OYL260416283",llantas-18-pulgadas|llantas-bmw,5x120|bmw|color-b|et-35|llantas|llantas-18,11,"Llantas 18"" BMW | Juego de 4","Juego de 4 llantas 18X9.0, 5X120, ET +35, compatible de forma orientativa con BMW 5系. Precio cerrado y entrega a domicilio.",DRAFT,ninguno,2026-09-18T16:20:45Z,60,"imagen 728x678 (por debajo de 800x800) · chino del proveedor visible en la descripción · chino del proveedor visible en la meta description · sin coste de proveedor registrado · precio = escalera fija por diámetro, no verificado como PVP · peso = escalera fija por diámetro, no medido · stock 0 sin seguimiento (venta continua)"
10898638242125,oyl260416284-18-bmw,Juego de 4 llantas 18 pulgadas BMW – OYL260416284,OYL260416284,wheel-design-074,bmw,BMW 5系,18,8.5,5x112,30,66.56,MB,44.0,KILOGRAMS,799.00,,,0,CONTINUE,False,True,1,1,728,678,https://cdn.shopify.com/s/files/1/0995/6920/5581/files/wheel-design-074_7274f44d-93be-4ce3-9c14-9d63b5ef19e4.png,Juego de 4 llantas 18 pulgadas BMW – OYL260416284,llantas-18-pulgadas|llantas-bmw,5x112|bmw|color-mb|et-30|llantas|llantas-18,11,"Llantas 18"" BMW | Juego de 4","Juego de 4 llantas 18X8.5, 5X112, ET +30, compatible de forma orientativa con BMW 5系. Precio cerrado y entrega a domicilio.",DRAFT,ninguno,2026-09-18T16:20:46Z,60,"imagen 728x678 (por debajo de 800x800) · chino del proveedor visible en la descripción · chino del proveedor visible en la meta description · sin coste de proveedor registrado · precio = escalera fija por diámetro, no verificado como PVP · peso = escalera fija por diámetro, no medido · stock 0 sin seguimiento (venta continua)"
10898638307661,oyl260416285-18-bmw,Juego de 4 llantas 18 pulgadas BMW – OYL260416285,OYL260416285,wheel-design-074,bmw,BMW 5系,18,8.5,5x112,30,66.56,B,44.0,KILOGRAMS,799.00,,,0,CONTINUE,False,True,1,1,728,678,https://cdn.shopify.com/s/files/1/0995/6920/5581/files/wheel-design-074_89b5b4c7-0934-40c1-9ace-373cfa8997f4.png,"Juego de llantas 18X8.5 BMW, referencia OYL260416285",llantas-18-pulgadas|llantas-bmw,5x112|bmw|color-b|et-30|llantas|llantas-18,11,"Llantas 18"" BMW | Juego de 4","Juego de 4 llantas 18X8.5, 5X112, ET +30, compatible de forma orientativa con BMW 5系. Precio cerrado y entrega a domicilio.",DRAFT,ninguno,2026-09-18T16:20:47Z,60,"imagen 728x678 (por debajo de 800x800) · chino del proveedor visible en la descripción · chino del proveedor visible en la meta description · sin coste de proveedor registrado · precio = escalera fija por diámetro, no verificado como PVP · peso = escalera fija por diámetro, no medido · stock 0 sin seguimiento (venta continua)"
10898638373197,oyl260416286-19-bmw,Juego de 4 llantas 19 pulgadas BMW – OYL260416286,OYL260416286,wheel-design-074,bmw,BMW 5系,19,9.5,5x112,35,66.5,MB,48.0,KILOGRAMS,899.00,,,0,CONTINUE,False,True,1,1,728,678,https://cdn.shopify.com/s/files/1/0995/6920/5581/files/wheel-design-074_d449e51c-e9ff-4da9-9d69-ae39f7abcdcb.png,"Juego de llantas 19X9.5 BMW, referencia OYL260416286",llantas-19-pulgadas|llantas-bmw,5x112|bmw|color-mb|et-35|llantas|llantas-19,11,"Llantas 19"" BMW | Juego de 4","Juego de 4 llantas 19X9.5, 5X112, ET +35, compatible de forma orientativa con BMW 5系. Precio cerrado y entrega a domicilio.",DRAFT,ninguno,2026-09-18T16:20:47Z,60,"imagen 728x678 (por debajo de 800x800) · chino del proveedor visible en la descripción · chino del proveedor visible en la meta description · sin coste de proveedor registrado · precio = escalera fija por diámetro, no verificado como PVP · peso = escalera fija por diámetro, no medido · stock 0 sin seguimiento (venta continua)"
10898638471501,oyl260416287-19-bmw,Juego de 4 llantas 19 pulgadas BMW – OYL260416287,OYL260416287,wheel-design-074,bmw,BMW 5系,19,8.5,5x120,30,72.6,MB,48.0,KILOGRAMS,899.00,,,0,CONTINUE,False,True,1,1,728,678,https://cdn.shopify.com/s/files/1/0995/6920/5581/files/wheel-design-074_05f4dec7-24aa-4844-b14b-30ea358d7475.png,"Juego de llantas 19X8.5 BMW, referencia OYL260416287",llantas-19-pulgadas|llantas-bmw,5x120|bmw|color-mb|et-30|llantas|llantas-19,11,"Llantas 19"" BMW | Juego de 4","Juego de 4 llantas 19X8.5, 5X120, ET +30, compatible de forma orientativa con BMW 5系. Precio cerrado y entrega a domicilio.",DRAFT,ninguno,2026-09-18T16:20:48Z,60,"imagen 728x678 (por debajo de 800x800) · chino del proveedor visible en la descripción · chino del proveedor visible en la meta description · sin coste de proveedor registrado · precio = escalera fija por diámetro, no verificado como PVP · peso = escalera fija por diámetro, no medido · stock 0 sin seguimiento (venta continua)"
10898638504269,oyl260416288-19-bmw,Juego de 4 llantas 19 pulgadas BMW – OYL260416288,OYL260416288,wheel-design-074,bmw,BMW 5系,19,9.5,5x120,35,72.6,MB,48.0,KILOGRAMS,899.00,,,0,CONTINUE,False,True,1,1,728,678,https://cdn.shopify.com/s/files/1/0995/6920/5581/files/wheel-design-074_8ffc30e9-86cb-4be9-91ed-7f39475c7029.png,"Juego de llantas 19X9.5 BMW, referencia OYL260416288",llantas-19-pulgadas|llantas-bmw,5x120|bmw|color-mb|et-35|llantas|llantas-19,11,"Llantas 19"" BMW | Juego de 4","Juego de 4 llantas 19X9.5, 5X120, ET +35, compatible de forma orientativa con BMW 5系. Precio cerrado y entrega a domicilio.",DRAFT,ninguno,2026-09-18T16:20:49Z,60,"imagen 728x678 (por debajo de 800x800) · chino del proveedor visible en la descripción · chino del proveedor visible en la meta description · sin coste de proveedor registrado · precio = escalera fija por diámetro, no verificado como PVP · peso = escalera fija por diámetro, no medido · stock 0 sin seguimiento (venta continua)"
10898638602573,oyl260416289-19-bmw,Juego de 4 llantas 19 pulgadas BMW – OYL260416289,OYL260416289,wheel-design-074,bmw,BMW 5系,19,9.5,5x120,35,72.6,B,48.0,KILOGRAMS,899.00,,,0,CONTINUE,False,True,1,1,728,678,https://cdn.shopify.com/s/files/1/0995/6920/5581/files/wheel-design-074_742a9421-9264-4903-8470-3a163b352a4b.png,"Juego de llantas 19X9.5 BMW, referencia OYL260416289",llantas-19-pulgadas|llantas-bmw,5x120|bmw|color-b|et-35|llantas|llantas-19,11,"Llantas 19"" BMW | Juego de 4","Juego de 4 llantas 19X9.5, 5X120, ET +35, compatible de forma orientativa con BMW 5系. Precio cerrado y entrega a domicilio.",DRAFT,ninguno,2026-09-18T16:20:49Z,60,"imagen 728x678 (por debajo de 800x800) · chino del proveedor visible en la descripción · chino del proveedor visible en la meta description · sin coste de proveedor registrado · precio = escalera fija por diámetro, no verificado como PVP · peso = escalera fija por diámetro, no medido · stock 0 sin seguimiento (venta continua)"
10898638668109,oyl260416290-20-bmw,Juego de 4 llantas 20 pulgadas BMW – OYL260416290,OYL260416290,wheel-design-074,bmw,BMW M/改,20,8.5,5x112,25,66.5,B,52.0,KILOGRAMS,999.00,,,0,CONTINUE,False,True,1,1,728,678,https://cdn.shopify.com/s/files/1/0995/6920/5581/files/wheel-design-074_49652d20-0db4-44ea-99b5-08980fcafe8f.png,Juego de 4 llantas 20 pulgadas BMW – OYL260416290,llantas-20-pulgadas|llantas-bmw,5x112|bmw|color-b|et-25|llantas|llantas-20,11,"Llantas 20"" BMW | Juego de 4","Juego de 4 llantas 20X8.5, 5X112, ET +25, compatible de forma orientativa con BMW M/改. Precio cerrado y entrega a domicilio.",DRAFT,ninguno,2026-09-18T16:20:50Z,60,"imagen 728x678 (por debajo de 800x800) · chino del proveedor visible en la descripción · chino del proveedor visible en la meta description · sin coste de proveedor registrado · precio = escalera fija por diámetro, no verificado como PVP · peso = escalera fija por diámetro, no medido · stock 0 sin seguimiento (venta continua)"
10898638733645,oyl260416291-20-bmw,Juego de 4 llantas 20 pulgadas BMW – OYL260416291,OYL260416291,wheel-design-074,bmw,BMW M/改,20,9.5,5x112,35,66.5,B,52.0,KILOGRAMS,999.00,,,0,CONTINUE,False,True,1,1,728,678,https://cdn.shopify.com/s/files/1/0995/6920/5581/files/wheel-design-074_e4f3dd5e-1311-406b-aec8-08fe6bf9eaf8.png,"Juego de llantas 20X9.5 BMW, referencia OYL260416291",llantas-20-pulgadas|llantas-bmw,5x112|bmw|color-b|et-35|llantas|llantas-20,11,"Llantas 20"" BMW | Juego de 4","Juego de 4 llantas 20X9.5, 5X112, ET +35, compatible de forma orientativa con BMW M/改. Precio cerrado y entrega a domicilio.",DRAFT,ninguno,2026-09-18T16:20:51Z,60,"imagen 728x678 (por debajo de 800x800) · chino del proveedor visible en la descripción · chino del proveedor visible en la meta description · sin coste de proveedor registrado · precio = escalera fija por diámetro, no verificado como PVP · peso = escalera fija por diámetro, no medido · stock 0 sin seguimiento (venta continua)"
10898638799181,oyl260416292-20-bmw,Juego de 4 llantas 20 pulgadas BMW – OYL260416292,OYL260416292,wheel-design-074,bmw,BMW 5系,20,8.5,5x120,30,72.56,B,52.0,KILOGRAMS,999.00,,,0,CONTINUE,False,True,1,1,728,678,https://cdn.shopify.com/s/files/1/0995/6920/5581/files/wheel-design-074_e6ef3fd8-918e-4b5e-9f95-6c6be0785d61.png,"Juego de llantas 20X8.5 BMW, referencia OYL260416292",llantas-20-pulgadas|llantas-bmw,5x120|bmw|color-b|et-30|llantas|llantas-20,11,"Llantas 20"" BMW | Juego de 4","Juego de 4 llantas 20X8.5, 5X120, ET +30, compatible de forma orientativa con BMW 5系. Precio cerrado y entrega a domicilio.",DRAFT,ninguno,2026-09-18T16:20:51Z,60,"imagen 728x678 (por debajo de 800x800) · chino del proveedor visible en la descripción · chino del proveedor visible en la meta description · sin coste de proveedor registrado · precio = escalera fija por diámetro, no verificado como PVP · peso = escalera fija por diámetro, no medido · stock 0 sin seguimiento (venta continua)"
10898638831949,oyl260416293-20-bmw,Juego de 4 llantas 20 pulgadas BMW – OYL260416293,OYL260416293,wheel-design-074,bmw,BMW 5系,20,9.5,5x120,35,72.56,B,52.0,KILOGRAMS,999.00,,,0,CONTINUE,False,True,1,1,728,678,https://cdn.shopify.com/s/files/1/0995/6920/5581/files/wheel-design-074_0d204286-a9a5-4245-b294-410c4f12e880.png,"Juego de llantas 20X9.5 BMW, referencia OYL260416293",llantas-20-pulgadas|llantas-bmw,5x120|bmw|color-b|et-35|llantas|llantas-20,11,"Llantas 20"" BMW | Juego de 4","Juego de 4 llantas 20X9.5, 5X120, ET +35, compatible de forma orientativa con BMW 5系. Precio cerrado y entrega a domicilio.",DRAFT,ninguno,2026-09-18T16:20:52Z,60,"imagen 728x678 (por debajo de 800x800) · chino del proveedor visible en la descripción · chino del proveedor visible en la meta description · sin coste de proveedor registrado · precio = escalera fija por diámetro, no verificado como PVP · peso = escalera fija por diámetro, no medido · stock 0 sin seguimiento (venta continua)"
10898638897485,oyl260416294-18-mercedes-benz,Juego de 4 llantas 18 pulgadas Mercedes-Benz – OYL260416294,OYL260416294,wheel-design-075,mercedes-benz,BENZ 迈巴赫,18,8.0,5x112,36,66.5,P,44.0,KILOGRAMS,799.00,,,0,CONTINUE,False,True,1,1,192,190,https://cdn.shopify.com/s/files/1/0995/6920/5581/files/wheel-design-075_2ac182cc-ec04-456a-8007-13aa67ab1864.jpg,Juego de 4 llantas 18 pulgadas Mercedes-Benz – OYL260416294,llantas-18-pulgadas|llantas-mercedes-benz,5x112|color-p|et-36|llantas|llantas-18|mercedes-benz,11,"Llantas 18"" Mercedes-Benz | Juego de 4","Juego de 4 llantas 18X8.0, 5X112, ET +36, compatible de forma orientativa con BENZ 迈巴赫. Precio cerrado y entrega a domicilio.",DRAFT,ninguno,2026-09-18T16:20:52Z,60,"imagen 192x190 (por debajo de 800x800) · chino del proveedor visible en la descripción · chino del proveedor visible en la meta description · sin coste de proveedor registrado · precio = escalera fija por diámetro, no verificado como PVP · peso = escalera fija por diámetro, no medido · stock 0 sin seguimiento (venta continua)"
10898638930253,oyl260416295-19-mercedes-benz,Juego de 4 llantas 19 pulgadas Mercedes-Benz – OYL260416295,OYL260416295,wheel-design-075,mercedes-benz,BENZ 迈巴赫,19,8.5,5x112,36,66.5,P,48.0,KILOGRAMS,899.00,,,0,CONTINUE,False,True,1,1,192,190,https://cdn.shopify.com/s/files/1/0995/6920/5581/files/wheel-design-075_43315cad-9dd3-4f4d-b511-4f35892eb5fe.jpg,"Juego de llantas 19X8.5 Mercedes-Benz, referencia OYL260416295",llantas-19-pulgadas|llantas-mercedes-benz,5x112|color-p|et-36|llantas|llantas-19|mercedes-benz,11,"Llantas 19"" Mercedes-Benz | Juego de 4","Juego de 4 llantas 19X8.5, 5X112, ET +36, compatible de forma orientativa con BENZ 迈巴赫. Precio cerrado y entrega a domicilio.",DRAFT,ninguno,2026-09-18T16:20:53Z,60,"imagen 192x190 (por debajo de 800x800) · chino del proveedor visible en la descripción · chino del proveedor visible en la meta description · sin coste de proveedor registrado · precio = escalera fija por diámetro, no verificado como PVP · peso = escalera fija por diámetro, no medido · stock 0 sin seguimiento (venta continua)"
10898638995789,oyl260416296-19-mercedes-benz,Juego de 4 llantas 19 pulgadas Mercedes-Benz – OYL260416296,OYL260416296,wheel-design-075,mercedes-benz,BENZ 迈巴赫,19,9.5,5x112,43,66.5,P,48.0,KILOGRAMS,899.00,,,0,CONTINUE,False,True,1,1,192,190,https://cdn.shopify.com/s/files/1/0995/6920/5581/files/wheel-design-075_7d7db778-9b5c-45f2-a460-e8e443ff31ff.jpg,"Juego de llantas 19X9.5 Mercedes-Benz, referencia OYL260416296",llantas-19-pulgadas|llantas-mercedes-benz,5x112|color-p|et-43|llantas|llantas-19|mercedes-benz,11,"Llantas 19"" Mercedes-Benz | Juego de 4","Juego de 4 llantas 19X9.5, 5X112, ET +43, compatible de forma orientativa con BENZ 迈巴赫. Precio cerrado y entrega a domicilio.",DRAFT,ninguno,2026-09-18T16:20:53Z,60,"imagen 192x190 (por debajo de 800x800) · chino del proveedor visible en la descripción · chino del proveedor visible en la meta description · sin coste de proveedor registrado · precio = escalera fija por diámetro, no verificado como PVP · peso = escalera fija por diámetro, no medido · stock 0 sin seguimiento (venta continua)"
10898639028557,oyl260416297-18-bmw,Juego de 4 llantas 18 pulgadas BMW – OYL260416297,OYL260416297,wheel-design-076,bmw,BMW 5系,18,8.5,5x120,30,72.6,MB,44.0,KILOGRAMS,799.00,,,0,CONTINUE,False,True,1,1,185,184,https://cdn.shopify.com/s/files/1/0995/6920/5581/files/wheel-design-076_adbfb4f3-d332-4ca5-a333-0bd088b274ea.jpg,"Juego de llantas 18X8.5 BMW, referencia OYL260416297",llantas-18-pulgadas|llantas-bmw,5x120|bmw|color-mb|et-30|llantas|llantas-18,11,"Llantas 18"" BMW | Juego de 4","Juego de 4 llantas 18X8.5, 5X120, ET +30, compatible de forma orientativa con BMW 5系. Precio cerrado y entrega a domicilio.",DRAFT,ninguno,2026-09-18T16:20:54Z,60,"imagen 185x184 (por debajo de 800x800) · chino del proveedor visible en la descripción · chino del proveedor visible en la meta description · sin coste de proveedor registrado · precio = escalera fija por diámetro, no verificado como PVP · peso = escalera fija por diámetro, no medido · stock 0 sin seguimiento (venta continua)"
10898639094093,oyl260416298-19-bmw,Juego de 4 llantas 19 pulgadas BMW – OYL260416298,OYL260416298,wheel-design-076,bmw,BMW 5系,19,8.5,5x112,30,66.5,MB,48.0,KILOGRAMS,899.00,,,0,CONTINUE,False,True,1,1,185,184,https://cdn.shopify.com/s/files/1/0995/6920/5581/files/wheel-design-076_e25dfb73-f84f-4a2c-a800-cd539b301f3c.jpg,"Juego de llantas 19X8.5 BMW, referencia OYL260416298",llantas-19-pulgadas|llantas-bmw,5x112|bmw|color-mb|et-30|llantas|llantas-19,11,"Llantas 19"" BMW | Juego de 4","Juego de 4 llantas 19X8.5, 5X112, ET +30, compatible de forma orientativa con BMW 5系. Precio cerrado y entrega a domicilio.",DRAFT,ninguno,2026-09-18T16:20:54Z,60,"imagen 185x184 (por debajo de 800x800) · chino del proveedor visible en la descripción · chino del proveedor visible en la meta description · sin coste de proveedor registrado · precio = escalera fija por diámetro, no verificado como PVP · peso = escalera fija por diámetro, no medido · stock 0 sin seguimiento (venta continua)"
10898639126861,oyl260416299-19-bmw,Juego de 4 llantas 19 pulgadas BMW – OYL260416299,OYL260416299,wheel-design-076,bmw,BMW 5系,19,9.5,5x112,35,66.5,MB,48.0,KILOGRAMS,899.00,,,0,CONTINUE,False,True,1,1,185,184,https://cdn.shopify.com/s/files/1/0995/6920/5581/files/wheel-design-076_190f37c2-b77c-42a2-9f41-dc785f93239a.jpg,Juego de 4 llantas 19 pulgadas BMW – OYL260416299,llantas-19-pulgadas|llantas-bmw,5x112|bmw|color-mb|et-35|llantas|llantas-19,11,"Llantas 19"" BMW | Juego de 4","Juego de 4 llantas 19X9.5, 5X112, ET +35, compatible de forma orientativa con BMW 5系. Precio cerrado y entrega a domicilio.",DRAFT,ninguno,2026-09-18T16:20:55Z,60,"imagen 185x184 (por debajo de 800x800) · chino del proveedor visible en la descripción · chino del proveedor visible en la meta description · sin coste de proveedor registrado · precio = escalera fija por diámetro, no verificado como PVP · peso = escalera fija por diámetro, no medido · stock 0 sin seguimiento (venta continua)"
10898639192397,oyl260416300-19-bmw,Juego de 4 llantas 19 pulgadas BMW – OYL260416300,OYL260416300,wheel-design-076,bmw,BMW 5系,19,8.5,5x120,30,72.6,MB,48.0,KILOGRAMS,899.00,,,0,CONTINUE,False,True,1,1,185,184,https://cdn.shopify.com/s/files/1/0995/6920/5581/files/wheel-design-076_e947fca0-b790-41ef-89bd-bb2bfc115de9.jpg,"Juego de llantas 19X8.5 BMW, referencia OYL260416300",llantas-19-pulgadas|llantas-bmw,5x120|bmw|color-mb|et-30|llantas|llantas-19,11,"Llantas 19"" BMW | Juego de 4","Juego de 4 llantas 19X8.5, 5X120, ET +30, compatible de forma orientativa con BMW 5系. Precio cerrado y entrega a domicilio.",DRAFT,ninguno,2026-09-18T16:20:55Z,60,"imagen 185x184 (por debajo de 800x800) · chino del proveedor visible en la descripción · chino del proveedor visible en la meta description · sin coste de proveedor registrado · precio = escalera fija por diámetro, no verificado como PVP · peso = escalera fija por diámetro, no medido · stock 0 sin seguimiento (venta continua)"
10898639225165,oyl260416301-19-bmw,Juego de 4 llantas 19 pulgadas BMW – OYL260416301,OYL260416301,wheel-design-076,bmw,BMW 5系,19,9.5,5x120,35,72.6,MB,48.0,KILOGRAMS,899.00,,,0,CONTINUE,False,True,1,1,185,184,https://cdn.shopify.com/s/files/1/0995/6920/5581/files/wheel-design-076_0fcf61dd-aa75-4809-8a57-20188d8cc33e.jpg,"Juego de llantas 19X9.5 BMW, referencia OYL260416301",llantas-19-pulgadas|llantas-bmw,5x120|bmw|color-mb|et-35|llantas|llantas-19,11,"Llantas 19"" BMW | Juego de 4","Juego de 4 llantas 19X9.5, 5X120, ET +35, compatible de forma orientativa con BMW 5系. Precio cerrado y entrega a domicilio.",DRAFT,ninguno,2026-09-18T16:20:56Z,60,"imagen 185x184 (por debajo de 800x800) · chino del proveedor visible en la descripción · chino del proveedor visible en la meta description · sin coste de proveedor registrado · precio = escalera fija por diámetro, no verificado como PVP · peso = escalera fija por diámetro, no medido · stock 0 sin seguimiento (venta continua)"
10898639290701,oyl260416302-18-bmw,Juego de 4 llantas 18 pulgadas BMW – OYL260416302,OYL260416302,wheel-design-077,bmw,BMW,18,9.0,5x120,35,72.6,MB,44.0,KILOGRAMS,799.00,,,0,CONTINUE,False,True,1,1,217,205,https://cdn.shopify.com/s/files/1/0995/6920/5581/files/wheel-design-077_12d52515-f629-4675-ac46-ef4312caf6cb.png,Juego de 4 llantas 18 pulgadas BMW – OYL260416302,llantas-18-pulgadas|llantas-bmw,5x120|bmw|color-mb|et-35|llantas|llantas-18,11,"Llantas 18"" BMW | Juego de 4","Juego de 4 llantas 18X9.0, 5X120, ET +35, compatible de forma orientativa con BMW. Precio cerrado y entrega a domicilio.",DRAFT,ninguno,2026-09-18T16:20:57Z,75,"imagen 217x205 (por debajo de 800x800) · sin coste de proveedor registrado · precio = escalera fija por diámetro, no verificado como PVP · peso = escalera fija por diámetro, no medido · stock 0 sin seguimiento (venta continua)"
10898639323469,oyl260416303-19-bmw,Juego de 4 llantas 19 pulgadas BMW – OYL260416303,OYL260416303,wheel-design-077,bmw,BMW,19,9.5,5x112,35,66.5,MB,48.0,KILOGRAMS,899.00,,,0,CONTINUE,False,True,1,1,217,205,https://cdn.shopify.com/s/files/1/0995/6920/5581/files/wheel-design-077_7c8c2668-6e22-4084-8040-ed8d1c6dbcbf.png,Juego de 4 llantas 19 pulgadas BMW – OYL260416303,llantas-19-pulgadas|llantas-bmw,5x112|bmw|color-mb|et-35|llantas|llantas-19,11,"Llantas 19"" BMW | Juego de 4","Juego de 4 llantas 19X9.5, 5X112, ET +35, compatible de forma orientativa con BMW. Precio cerrado y entrega a domicilio.",DRAFT,ninguno,2026-09-18T16:20:57Z,75,"imagen 217x205 (por debajo de 800x800) · sin coste de proveedor registrado · precio = escalera fija por diámetro, no verificado como PVP · peso = escalera fija por diámetro, no medido · stock 0 sin seguimiento (venta continua)"
10898639389005,oyl260416304-19-bmw,Juego de 4 llantas 19 pulgadas BMW – OYL260416304,OYL260416304,wheel-design-077,bmw,BMW,19,8.5,5x120,30,72.6,MB,48.0,KILOGRAMS,899.00,,,0,CONTINUE,False,True,1,1,217,205,https://cdn.shopify.com/s/files/1/0995/6920/5581/files/wheel-design-077_99c379c7-ff66-48ad-810d-0bbe91f0e6a3.png,"Juego de llantas 19X8.5 BMW, referencia OYL260416304",llantas-19-pulgadas|llantas-bmw,5x120|bmw|color-mb|et-30|llantas|llantas-19,11,"Llantas 19"" BMW | Juego de 4","Juego de 4 llantas 19X8.5, 5X120, ET +30, compatible de forma orientativa con BMW. Precio cerrado y entrega a domicilio.",DRAFT,ninguno,2026-09-18T16:20:58Z,75,"imagen 217x205 (por debajo de 800x800) · sin coste de proveedor registrado · precio = escalera fija por diámetro, no verificado como PVP · peso = escalera fija por diámetro, no medido · stock 0 sin seguimiento (venta continua)"
10898639421773,oyl260416305-19-bmw,Juego de 4 llantas 19 pulgadas BMW – OYL260416305,OYL260416305,wheel-design-077,bmw,BMW,19,9.5,5x120,35,72.6,MB,48.0,KILOGRAMS,899.00,,,0,CONTINUE,False,True,1,1,217,205,https://cdn.shopify.com/s/files/1/0995/6920/5581/files/wheel-design-077_9b450bc9-f200-4be5-94da-b4096920d243.png,"Juego de llantas 19X9.5 BMW, referencia OYL260416305",llantas-19-pulgadas|llantas-bmw,5x120|bmw|color-mb|et-35|llantas|llantas-19,11,"Llantas 19"" BMW | Juego de 4","Juego de 4 llantas 19X9.5, 5X120, ET +35, compatible de forma orientativa con BMW. Precio cerrado y entrega a domicilio.",DRAFT,ninguno,2026-09-18T16:20:58Z,75,"imagen 217x205 (por debajo de 800x800) · sin coste de proveedor registrado · precio = escalera fija por diámetro, no verificado como PVP · peso = escalera fija por diámetro, no medido · stock 0 sin seguimiento (venta continua)"
10898639552845,oyl260416306-18-mercedes-benz,Juego de 4 llantas 18 pulgadas Mercedes-Benz – OYL260416306,OYL260416306,wheel-design-078,mercedes-benz,BENZ AMG CLS欧版/改装,18,8.0,5x112,36,66.5,MB,44.0,KILOGRAMS,799.00,,,0,CONTINUE,False,True,1,1,202,189,https://cdn.shopify.com/s/files/1/0995/6920/5581/files/wheel-design-078_0748bd50-108b-429d-8c5d-ed797ae36922.png,"Juego de llantas 18X8.0 Mercedes-Benz, referencia OYL260416306",llantas-18-pulgadas|llantas-mercedes-benz,5x112|color-mb|et-36|llantas|llantas-18|mercedes-benz,11,"Llantas 18"" Mercedes-Benz | Juego de 4","Juego de 4 llantas 18X8.0, 5X112, ET +36, compatible de forma orientativa con BENZ AMG CLS欧版/改装. Precio cerrado y entrega a domicilio.",DRAFT,ninguno,2026-09-18T16:20:59Z,60,"imagen 202x189 (por debajo de 800x800) · chino del proveedor visible en la descripción · chino del proveedor visible en la meta description · sin coste de proveedor registrado · precio = escalera fija por diámetro, no verificado como PVP · peso = escalera fija por diámetro, no medido · stock 0 sin seguimiento (venta continua)"
10898639585613,oyl260416307-19-mercedes-benz,Juego de 4 llantas 19 pulgadas Mercedes-Benz – OYL260416307,OYL260416307,wheel-design-078,mercedes-benz,BENZ AMG CLS欧版/改装,19,8.5,5x112,36,66.5,MB,48.0,KILOGRAMS,899.00,,,0,CONTINUE,False,True,1,1,202,189,https://cdn.shopify.com/s/files/1/0995/6920/5581/files/wheel-design-078_ca19adf9-5ccd-4212-9375-ce98147e4f6f.png,"Juego de llantas 19X8.5 Mercedes-Benz, referencia OYL260416307",llantas-19-pulgadas|llantas-mercedes-benz,5x112|color-mb|et-36|llantas|llantas-19|mercedes-benz,11,"Llantas 19"" Mercedes-Benz | Juego de 4","Juego de 4 llantas 19X8.5, 5X112, ET +36, compatible de forma orientativa con BENZ AMG CLS欧版/改装. Precio cerrado y entrega a domicilio.",DRAFT,ninguno,2026-09-18T16:20:59Z,60,"imagen 202x189 (por debajo de 800x800) · chino del proveedor visible en la descripción · chino del proveedor visible en la meta description · sin coste de proveedor registrado · precio = escalera fija por diámetro, no verificado como PVP · peso = escalera fija por diámetro, no medido · stock 0 sin seguimiento (venta continua)"
10898639651149,oyl260416308-19-mercedes-benz,Juego de 4 llantas 19 pulgadas Mercedes-Benz – OYL260416308,OYL260416308,wheel-design-078,mercedes-benz,BENZ AMG CLS欧版/改装,19,9.5,5x112,43,66.5,MB,48.0,KILOGRAMS,899.00,,,0,CONTINUE,False,True,1,1,202,189,https://cdn.shopify.com/s/files/1/0995/6920/5581/files/wheel-design-078_0337ee3c-f89f-4a33-8b43-52df4c66c779.png,Juego de 4 llantas 19 pulgadas Mercedes-Benz – OYL260416308,llantas-19-pulgadas|llantas-mercedes-benz,5x112|color-mb|et-43|llantas|llantas-19|mercedes-benz,11,"Llantas 19"" Mercedes-Benz | Juego de 4","Juego de 4 llantas 19X9.5, 5X112, ET +43, compatible de forma orientativa con BENZ AMG CLS欧版/改装. Precio cerrado y entrega a domicilio.",DRAFT,ninguno,2026-09-18T16:21:00Z,60,"imagen 202x189 (por debajo de 800x800) · chino del proveedor visible en la descripción · chino del proveedor visible en la meta description · sin coste de proveedor registrado · precio = escalera fija por diámetro, no verificado como PVP · peso = escalera fija por diámetro, no medido · stock 0 sin seguimiento (venta continua)"
10898639683917,oyl260416309-19-bmw,Juego de 4 llantas 19 pulgadas BMW – OYL260416309,OYL260416309,wheel-design-079,bmw,BMW 1/2/3系,19,8.5,5x120,30,72.6,B,48.0,KILOGRAMS,899.00,,,0,CONTINUE,False,True,1,1,178,172,https://cdn.shopify.com/s/files/1/0995/6920/5581/files/wheel-design-079_518e1cca-a704-4c91-a813-0916261df862.png,"Juego de llantas 19X8.5 BMW, referencia OYL260416309",llantas-19-pulgadas|llantas-bmw,5x120|bmw|color-b|et-30|llantas|llantas-19,11,"Llantas 19"" BMW | Juego de 4","Juego de 4 llantas 19X8.5, 5X120, ET +30, compatible de forma orientativa con BMW 1/2/3系. Precio cerrado y entrega a domicilio.",DRAFT,ninguno,2026-09-18T16:21:00Z,60,"imagen 178x172 (por debajo de 800x800) · chino del proveedor visible en la descripción · chino del proveedor visible en la meta description · sin coste de proveedor registrado · precio = escalera fija por diámetro, no verificado como PVP · peso = escalera fija por diámetro, no medido · stock 0 sin seguimiento (venta continua)"
10898639749453,oyl260416310-19-bmw,Juego de 4 llantas 19 pulgadas BMW – OYL260416310,OYL260416310,wheel-design-079,bmw,BMW 1/2/3系,19,9.5,5x120,40,72.6,B,48.0,KILOGRAMS,899.00,,,0,CONTINUE,False,True,1,1,178,172,https://cdn.shopify.com/s/files/1/0995/6920/5581/files/wheel-design-079_f900401a-3dda-4abf-b32a-f4913a59556e.png,"Juego de llantas 19X9.5 BMW, referencia OYL260416310",llantas-19-pulgadas|llantas-bmw,5x120|bmw|color-b|et-40|llantas|llantas-19,11,"Llantas 19"" BMW | Juego de 4","Juego de 4 llantas 19X9.5, 5X120, ET +40, compatible de forma orientativa con BMW 1/2/3系. Precio cerrado y entrega a domicilio.",DRAFT,ninguno,2026-09-18T16:21:01Z,60,"imagen 178x172 (por debajo de 800x800) · chino del proveedor visible en la descripción · chino del proveedor visible en la meta description · sin coste de proveedor registrado · precio = escalera fija por diámetro, no verificado como PVP · peso = escalera fija por diámetro, no medido · stock 0 sin seguimiento (venta continua)"
10898639782221,oyl260416311-19-bmw,Juego de 4 llantas 19 pulgadas BMW – OYL260416311,OYL260416311,wheel-design-079,bmw,BMW 1/2/3系,19,8.5,5x120,30,72.6,MATTE BLACK,48.0,KILOGRAMS,899.00,,,0,CONTINUE,False,True,1,1,178,172,https://cdn.shopify.com/s/files/1/0995/6920/5581/files/wheel-design-079_87da5195-81a1-48ee-879a-7a937fbc5ed7.png,Juego de 4 llantas 19 pulgadas BMW – OYL260416311,llantas-19-pulgadas|llantas-bmw,5x120|bmw|color-matte black|et-30|llantas|llantas-19,11,"Llantas 19"" BMW | Juego de 4","Juego de 4 llantas 19X8.5, 5X120, ET +30, compatible de forma orientativa con BMW 1/2/3系. Precio cerrado y entrega a domicilio.",DRAFT,ninguno,2026-09-18T16:21:01Z,60,"imagen 178x172 (por debajo de 800x800) · chino del proveedor visible en la descripción · chino del proveedor visible en la meta description · sin coste de proveedor registrado · precio = escalera fija por diámetro, no verificado como PVP · peso = escalera fija por diámetro, no medido · stock 0 sin seguimiento (venta continua)"
10898639847757,oyl260416312-19-bmw,Juego de 4 llantas 19 pulgadas BMW – OYL260416312,OYL260416312,wheel-design-079,bmw,BMW 1/2/3系,19,9.5,5x120,40,72.6,MATTE BLACK,48.0,KILOGRAMS,899.00,,,0,CONTINUE,False,True,1,1,178,172,https://cdn.shopify.com/s/files/1/0995/6920/5581/files/wheel-design-079_02aa3d30-4a3f-45f2-a559-df9d1e96126d.png,Juego de 4 llantas 19 pulgadas BMW – OYL260416312,llantas-19-pulgadas|llantas-bmw,5x120|bmw|color-matte black|et-40|llantas|llantas-19,11,"Llantas 19"" BMW | Juego de 4","Juego de 4 llantas 19X9.5, 5X120, ET +40, compatible de forma orientativa con BMW 1/2/3系. Precio cerrado y entrega a domicilio.",DRAFT,ninguno,2026-09-18T16:21:02Z,60,"imagen 178x172 (por debajo de 800x800) · chino del proveedor visible en la descripción · chino del proveedor visible en la meta description · sin coste de proveedor registrado · precio = escalera fija por diámetro, no verificado como PVP · peso = escalera fija por diámetro, no medido · stock 0 sin seguimiento (venta continua)"
10898639880525,oyl260416313-20-bmw,Juego de 4 llantas 20 pulgadas BMW – OYL260416313,OYL260416313,wheel-design-079,bmw,BMW 1/2/3系,20,8.5,5x120,30,72.6,B,52.0,KILOGRAMS,999.00,,,0,CONTINUE,False,True,1,1,178,172,https://cdn.shopify.com/s/files/1/0995/6920/5581/files/wheel-design-079_040adc94-740b-40cd-8d6c-403dcf6b7b93.png,"Juego de llantas 20X8.5 BMW, referencia OYL260416313",llantas-20-pulgadas|llantas-bmw,5x120|bmw|color-b|et-30|llantas|llantas-20,11,"Llantas 20"" BMW | Juego de 4","Juego de 4 llantas 20X8.5, 5X120, ET +30, compatible de forma orientativa con BMW 1/2/3系. Precio cerrado y entrega a domicilio.",DRAFT,ninguno,2026-09-18T16:21:02Z,60,"imagen 178x172 (por debajo de 800x800) · chino del proveedor visible en la descripción · chino del proveedor visible en la meta description · sin coste de proveedor registrado · precio = escalera fija por diámetro, no verificado como PVP · peso = escalera fija por diámetro, no medido · stock 0 sin seguimiento (venta continua)"
10898639946061,oyl260416314-17-bmw,Juego de 4 llantas 17 pulgadas BMW – OYL260416314,OYL260416314,wheel-design-080,bmw,BMW 7系,17,8.0,5x120,25,72.6,MG,40.0,KILOGRAMS,699.00,,,0,CONTINUE,False,True,1,1,207,192,https://cdn.shopify.com/s/files/1/0995/6920/5581/files/wheel-design-080_5c2033cb-ab2f-4058-a67a-541daf7f4da9.png,"Juego de llantas 17X8.0 BMW, referencia OYL260416314",llantas-17-pulgadas|llantas-bmw,5x120|bmw|color-mg|et-25|llantas|llantas-17,11,"Llantas 17"" BMW | Juego de 4","Juego de 4 llantas 17X8.0, 5X120, ET +25, compatible de forma orientativa con BMW 7系. Precio cerrado y entrega a domicilio.",DRAFT,ninguno,2026-09-18T16:21:03Z,60,"imagen 207x192 (por debajo de 800x800) · chino del proveedor visible en la descripción · chino del proveedor visible en la meta description · sin coste de proveedor registrado · precio = escalera fija por diámetro, no verificado como PVP · peso = escalera fija por diámetro, no medido · stock 0 sin seguimiento (venta continua)"
10898639978829,oyl260416315-18-bmw,Juego de 4 llantas 18 pulgadas BMW – OYL260416315,OYL260416315,wheel-design-081,bmw,BMW M/改,18,8.0,5x120,30,72.56,B,44.0,KILOGRAMS,799.00,,,0,CONTINUE,False,True,1,1,193,182,https://cdn.shopify.com/s/files/1/0995/6920/5581/files/wheel-design-081_85db63ea-8ebc-4cc4-a4ed-1f4df47f4bd1.png,"Juego de llantas 18X8.0 BMW, referencia OYL260416315",llantas-18-pulgadas|llantas-bmw,5x120|bmw|color-b|et-30|llantas|llantas-18,11,"Llantas 18"" BMW | Juego de 4","Juego de 4 llantas 18X8.0, 5X120, ET +30, compatible de forma orientativa con BMW M/改. Precio cerrado y entrega a domicilio.",DRAFT,ninguno,2026-09-18T16:21:03Z,60,"imagen 193x182 (por debajo de 800x800) · chino del proveedor visible en la descripción · chino del proveedor visible en la meta description · sin coste de proveedor registrado · precio = escalera fija por diámetro, no verificado como PVP · peso = escalera fija por diámetro, no medido · stock 0 sin seguimiento (venta continua)"
10898640044365,oyl260416316-18-bmw,Juego de 4 llantas 18 pulgadas BMW – OYL260416316,OYL260416316,wheel-design-081,bmw,BMW M/改,18,9.0,5x120,35,72.56,B,44.0,KILOGRAMS,799.00,,,0,CONTINUE,False,True,1,1,193,182,https://cdn.shopify.com/s/files/1/0995/6920/5581/files/wheel-design-081_d2c95960-8818-41f4-b27d-4bcba461f922.png,"Juego de llantas 18X9.0 BMW, referencia OYL260416316",llantas-18-pulgadas|llantas-bmw,5x120|bmw|color-b|et-35|llantas|llantas-18,11,"Llantas 18"" BMW | Juego de 4","Juego de 4 llantas 18X9.0, 5X120, ET +35, compatible de forma orientativa con BMW M/改. Precio cerrado y entrega a domicilio.",DRAFT,ninguno,2026-09-18T16:21:04Z,60,"imagen 193x182 (por debajo de 800x800) · chino del proveedor visible en la descripción · chino del proveedor visible en la meta description · sin coste de proveedor registrado · precio = escalera fija por diámetro, no verificado como PVP · peso = escalera fija por diámetro, no medido · stock 0 sin seguimiento (venta continua)"
10898640077133,oyl260416317-19-bmw,Juego de 4 llantas 19 pulgadas BMW – OYL260416317,OYL260416317,wheel-design-081,bmw,BMW 3/5系,19,8.5,5x112,30,66.5,B,48.0,KILOGRAMS,899.00,,,0,CONTINUE,False,True,1,1,193,182,https://cdn.shopify.com/s/files/1/0995/6920/5581/files/wheel-design-081_633f8c92-36c8-4e35-a79d-d89b48d50a71.png,Juego de 4 llantas 19 pulgadas BMW – OYL260416317,llantas-19-pulgadas|llantas-bmw,5x112|bmw|color-b|et-30|llantas|llantas-19,11,"Llantas 19"" BMW | Juego de 4","Juego de 4 llantas 19X8.5, 5X112, ET +30, compatible de forma orientativa con BMW 3/5系. Precio cerrado y entrega a domicilio.",DRAFT,ninguno,2026-09-18T16:21:04Z,60,"imagen 193x182 (por debajo de 800x800) · chino del proveedor visible en la descripción · chino del proveedor visible en la meta description · sin coste de proveedor registrado · precio = escalera fija por diámetro, no verificado como PVP · peso = escalera fija por diámetro, no medido · stock 0 sin seguimiento (venta continua)"
10898640142669,oyl260416318-19-bmw,Juego de 4 llantas 19 pulgadas BMW – OYL260416318,OYL260416318,wheel-design-081,bmw,BMW 3/5系,19,9.5,5x112,35,66.5,B,48.0,KILOGRAMS,899.00,,,0,CONTINUE,False,True,1,1,193,182,https://cdn.shopify.com/s/files/1/0995/6920/5581/files/wheel-design-081_9eaebf2d-aa6b-4bd6-ab37-0283e6108fd5.png,"Juego de llantas 19X9.5 BMW, referencia OYL260416318",llantas-19-pulgadas|llantas-bmw,5x112|bmw|color-b|et-35|llantas|llantas-19,11,"Llantas 19"" BMW | Juego de 4","Juego de 4 llantas 19X9.5, 5X112, ET +35, compatible de forma orientativa con BMW 3/5系. Precio cerrado y entrega a domicilio.",DRAFT,ninguno,2026-09-18T16:21:05Z,60,"imagen 193x182 (por debajo de 800x800) · chino del proveedor visible en la descripción · chino del proveedor visible en la meta description · sin coste de proveedor registrado · precio = escalera fija por diámetro, no verificado como PVP · peso = escalera fija por diámetro, no medido · stock 0 sin seguimiento (venta continua)"
10898640175437,oyl260416319-19-bmw,Juego de 4 llantas 19 pulgadas BMW – OYL260416319,OYL260416319,wheel-design-081,bmw,BMW 3/5系,19,9.5,5x120,35,72.6,MB,48.0,KILOGRAMS,899.00,,,0,CONTINUE,False,True,1,1,193,182,https://cdn.shopify.com/s/files/1/0995/6920/5581/files/wheel-design-081_02fef031-7c02-4350-a352-624ac68a89d3.png,"Juego de llantas 19X9.5 BMW, referencia OYL260416319",llantas-19-pulgadas|llantas-bmw,5x120|bmw|color-mb|et-35|llantas|llantas-19,11,"Llantas 19"" BMW | Juego de 4","Juego de 4 llantas 19X9.5, 5X120, ET +35, compatible de forma orientativa con BMW 3/5系. Precio cerrado y entrega a domicilio.",DRAFT,ninguno,2026-09-18T16:21:06Z,60,"imagen 193x182 (por debajo de 800x800) · chino del proveedor visible en la descripción · chino del proveedor visible en la meta description · sin coste de proveedor registrado · precio = escalera fija por diámetro, no verificado como PVP · peso = escalera fija por diámetro, no medido · stock 0 sin seguimiento (venta continua)"
10898640240973,oyl260416320-19-bmw,Juego de 4 llantas 19 pulgadas BMW – OYL260416320,OYL260416320,wheel-design-081,bmw,BMW 3/5系,19,9.5,5x120,35,72.6,B,48.0,KILOGRAMS,899.00,,,0,CONTINUE,False,True,1,1,193,182,https://cdn.shopify.com/s/files/1/0995/6920/5581/files/wheel-design-081_b72069be-4ee1-42b6-a921-eb4e4dfbb222.png,"Juego de llantas 19X9.5 BMW, referencia OYL260416320",llantas-19-pulgadas|llantas-bmw,5x120|bmw|color-b|et-35|llantas|llantas-19,11,"Llantas 19"" BMW | Juego de 4","Juego de 4 llantas 19X9.5, 5X120, ET +35, compatible de forma orientativa con BMW 3/5系. Precio cerrado y entrega a domicilio.",DRAFT,ninguno,2026-09-18T16:21:06Z,60,"imagen 193x182 (por debajo de 800x800) · chino del proveedor visible en la descripción · chino del proveedor visible en la meta description · sin coste de proveedor registrado · precio = escalera fija por diámetro, no verificado como PVP · peso = escalera fija por diámetro, no medido · stock 0 sin seguimiento (venta continua)"
10898640306509,oyl260416321-20-bmw,Juego de 4 llantas 20 pulgadas BMW – OYL260416321,OYL260416321,wheel-design-081,bmw,BMW 3/5系,20,8.5,5x112,25,66.5,B,52.0,KILOGRAMS,999.00,,,0,CONTINUE,False,True,1,1,193,182,https://cdn.shopify.com/s/files/1/0995/6920/5581/files/wheel-design-081_0b129b24-0746-4d7b-9055-a6f0d67632f7.png,"Juego de llantas 20X8.5 BMW, referencia OYL260416321",llantas-20-pulgadas|llantas-bmw,5x112|bmw|color-b|et-25|llantas|llantas-20,11,"Llantas 20"" BMW | Juego de 4","Juego de 4 llantas 20X8.5, 5X112, ET +25, compatible de forma orientativa con BMW 3/5系. Precio cerrado y entrega a domicilio.",DRAFT,ninguno,2026-09-18T16:21:07Z,60,"imagen 193x182 (por debajo de 800x800) · chino del proveedor visible en la descripción · chino del proveedor visible en la meta description · sin coste de proveedor registrado · precio = escalera fija por diámetro, no verificado como PVP · peso = escalera fija por diámetro, no medido · stock 0 sin seguimiento (venta continua)"
10898640339277,oyl260416322-20-bmw,Juego de 4 llantas 20 pulgadas BMW – OYL260416322,OYL260416322,wheel-design-081,bmw,BMW 3/5系,20,9.5,5x112,40,66.5,B,52.0,KILOGRAMS,999.00,,,0,CONTINUE,False,True,1,1,193,182,https://cdn.shopify.com/s/files/1/0995/6920/5581/files/wheel-design-081_be3224da-c140-434e-8a7c-ad52b8685561.png,"Juego de llantas 20X9.5 BMW, referencia OYL260416322",llantas-20-pulgadas|llantas-bmw,5x112|bmw|color-b|et-40|llantas|llantas-20,11,"Llantas 20"" BMW | Juego de 4","Juego de 4 llantas 20X9.5, 5X112, ET +40, compatible de forma orientativa con BMW 3/5系. Precio cerrado y entrega a domicilio.",DRAFT,ninguno,2026-09-18T16:21:07Z,60,"imagen 193x182 (por debajo de 800x800) · chino del proveedor visible en la descripción · chino del proveedor visible en la meta description · sin coste de proveedor registrado · precio = escalera fija por diámetro, no verificado como PVP · peso = escalera fija por diámetro, no medido · stock 0 sin seguimiento (venta continua)"
10898640437581,oyl260416323-20-bmw,Juego de 4 llantas 20 pulgadas BMW – OYL260416323,OYL260416323,wheel-design-081,bmw,BMW 3/5系,20,8.5,5x120,30,72.6,B,52.0,KILOGRAMS,999.00,,,0,CONTINUE,False,True,1,1,193,182,https://cdn.shopify.com/s/files/1/0995/6920/5581/files/wheel-design-081_6718f0c7-9794-4f5d-8b20-69fac50a314f.png,"Juego de llantas 20X8.5 BMW, referencia OYL260416323",llantas-20-pulgadas|llantas-bmw,5x120|bmw|color-b|et-30|llantas|llantas-20,11,"Llantas 20"" BMW | Juego de 4","Juego de 4 llantas 20X8.5, 5X120, ET +30, compatible de forma orientativa con BMW 3/5系. Precio cerrado y entrega a domicilio.",DRAFT,ninguno,2026-09-18T16:21:08Z,60,"imagen 193x182 (por debajo de 800x800) · chino del proveedor visible en la descripción · chino del proveedor visible en la meta description · sin coste de proveedor registrado · precio = escalera fija por diámetro, no verificado como PVP · peso = escalera fija por diámetro, no medido · stock 0 sin seguimiento (venta continua)"
10898640470349,oyl260416324-20-bmw,Juego de 4 llantas 20 pulgadas BMW – OYL260416324,OYL260416324,wheel-design-081,bmw,BMW 3/5系,20,9.5,5x120,40,72.6,B,52.0,KILOGRAMS,999.00,,,0,CONTINUE,False,True,1,1,193,182,https://cdn.shopify.com/s/files/1/0995/6920/5581/files/wheel-design-081_dbf910c1-11c6-42d9-924a-0432bb852c0e.png,"Juego de llantas 20X9.5 BMW, referencia OYL260416324",llantas-20-pulgadas|llantas-bmw,5x120|bmw|color-b|et-40|llantas|llantas-20,11,"Llantas 20"" BMW | Juego de 4","Juego de 4 llantas 20X9.5, 5X120, ET +40, compatible de forma orientativa con BMW 3/5系. Precio cerrado y entrega a domicilio.",DRAFT,ninguno,2026-09-18T16:21:08Z,60,"imagen 193x182 (por debajo de 800x800) · chino del proveedor visible en la descripción · chino del proveedor visible en la meta description · sin coste de proveedor registrado · precio = escalera fija por diámetro, no verificado como PVP · peso = escalera fija por diámetro, no medido · stock 0 sin seguimiento (venta continua)"
10898640535885,oyl260416325-20-bmw,Juego de 4 llantas 20 pulgadas BMW – OYL260416325,OYL260416325,wheel-design-082,bmw,BMW X3-2023/改,20,8.0,5x112,27,66.5,MG,52.0,KILOGRAMS,999.00,,,0,CONTINUE,False,True,1,1,202,194,https://cdn.shopify.com/s/files/1/0995/6920/5581/files/wheel-design-082_d2bb763b-7a12-4d59-8539-f92ad1094b0f.png,Juego de 4 llantas 20 pulgadas BMW – OYL260416325,llantas-20-pulgadas|llantas-bmw,5x112|bmw|color-mg|et-27|llantas|llantas-20,11,"Llantas 20"" BMW | Juego de 4","Juego de 4 llantas 20X8.0, 5X112, ET +27, compatible de forma orientativa con BMW X3-2023/改. Precio cerrado y entrega a domicilio.",DRAFT,ninguno,2026-09-18T16:21:09Z,60,"imagen 202x194 (por debajo de 800x800) · chino del proveedor visible en la descripción · chino del proveedor visible en la meta description · sin coste de proveedor registrado · precio = escalera fija por diámetro, no verificado como PVP · peso = escalera fija por diámetro, no medido · stock 0 sin seguimiento (venta continua)"
10898640568653,oyl260416326-20-bmw,Juego de 4 llantas 20 pulgadas BMW – OYL260416326,OYL260416326,wheel-design-082,bmw,BMW X3-2023/改,20,9.5,5x112,43,66.5,MG,52.0,KILOGRAMS,999.00,,,0,CONTINUE,False,True,1,1,202,194,https://cdn.shopify.com/s/files/1/0995/6920/5581/files/wheel-design-082_61448db7-9f2d-4289-a02e-f6914e720e7f.png,"Juego de llantas 20X9.5 BMW, referencia OYL260416326",llantas-20-pulgadas|llantas-bmw,5x112|bmw|color-mg|et-43|llantas|llantas-20,11,"Llantas 20"" BMW | Juego de 4","Juego de 4 llantas 20X9.5, 5X112, ET +43, compatible de forma orientativa con BMW X3-2023/改. Precio cerrado y entrega a domicilio.",DRAFT,ninguno,2026-09-18T16:21:09Z,60,"imagen 202x194 (por debajo de 800x800) · chino del proveedor visible en la descripción · chino del proveedor visible en la meta description · sin coste de proveedor registrado · precio = escalera fija por diámetro, no verificado como PVP · peso = escalera fija por diámetro, no medido · stock 0 sin seguimiento (venta continua)"
10898640634189,oyl260416327-20-bmw,Juego de 4 llantas 20 pulgadas BMW – OYL260416327,OYL260416327,wheel-design-082,bmw,BMW X3-2023/改,20,8.0,5x112,27,66.5,B,52.0,KILOGRAMS,999.00,,,0,CONTINUE,False,True,1,1,202,194,https://cdn.shopify.com/s/files/1/0995/6920/5581/files/wheel-design-082_aec8cc4f-f153-4c61-8a21-8c7c2e1ec9ab.png,"Juego de llantas 20X8.0 BMW, referencia OYL260416327",llantas-20-pulgadas|llantas-bmw,5x112|bmw|color-b|et-27|llantas|llantas-20,11,"Llantas 20"" BMW | Juego de 4","Juego de 4 llantas 20X8.0, 5X112, ET +27, compatible de forma orientativa con BMW X3-2023/改. Precio cerrado y entrega a domicilio.",DRAFT,ninguno,2026-09-18T16:21:10Z,60,"imagen 202x194 (por debajo de 800x800) · chino del proveedor visible en la descripción · chino del proveedor visible en la meta description · sin coste de proveedor registrado · precio = escalera fija por diámetro, no verificado como PVP · peso = escalera fija por diámetro, no medido · stock 0 sin seguimiento (venta continua)"
10898640732493,oyl260416328-20-bmw,Juego de 4 llantas 20 pulgadas BMW – OYL260416328,OYL260416328,wheel-design-082,bmw,BMW X3-2023/改,20,9.5,5x112,43,66.5,B,52.0,KILOGRAMS,999.00,,,0,CONTINUE,False,True,1,1,202,194,https://cdn.shopify.com/s/files/1/0995/6920/5581/files/wheel-design-082_1e16e412-1b15-46af-a3e8-debbee59536d.png,"Juego de llantas 20X9.5 BMW, referencia OYL260416328",llantas-20-pulgadas|llantas-bmw,5x112|bmw|color-b|et-43|llantas|llantas-20,11,"Llantas 20"" BMW | Juego de 4","Juego de 4 llantas 20X9.5, 5X112, ET +43, compatible de forma orientativa con BMW X3-2023/改. Precio cerrado y entrega a domicilio.",DRAFT,ninguno,2026-09-18T16:21:10Z,60,"imagen 202x194 (por debajo de 800x800) · chino del proveedor visible en la descripción · chino del proveedor visible en la meta description · sin coste de proveedor registrado · precio = escalera fija por diámetro, no verificado como PVP · peso = escalera fija por diámetro, no medido · stock 0 sin seguimiento (venta continua)"
10898640798029,oyl260416329-17-volkswagen,Juego de 4 llantas 17 pulgadas Volkswagen – OYL260416329,OYL260416329,wheel-design-083,volkswagen,VWCC海外版19寸改18/改,17,7.5,5x112,35,57.1,MB,40.0,KILOGRAMS,699.00,,,0,CONTINUE,False,True,1,1,190,181,https://cdn.shopify.com/s/files/1/0995/6920/5581/files/wheel-design-083_64c334a3-a73c-4179-8b42-559c84c7d424.png,"Juego de llantas 17X7.5 Volkswagen, referencia OYL260416329",llantas-17-pulgadas|llantas-volkswagen,5x112|color-mb|et-35|llantas|llantas-17|volkswagen,11,"Llantas 17"" Volkswagen | Juego de 4","Juego de 4 llantas 17X7.5, 5X112, ET +35, compatible de forma orientativa con VWCC海外版19寸改18/改. Precio cerrado y entrega a domicilio.",DRAFT,ninguno,2026-09-18T16:21:11Z,60,"imagen 190x181 (por debajo de 800x800) · chino del proveedor visible en la descripción · chino del proveedor visible en la meta description · sin coste de proveedor registrado · precio = escalera fija por diámetro, no verificado como PVP · peso = escalera fija por diámetro, no medido · stock 0 sin seguimiento (venta continua)"
10898640830797,oyl260416330-19-volkswagen,Juego de 4 llantas 19 pulgadas Volkswagen – OYL260416330,OYL260416330,wheel-design-083,volkswagen,VWCC海外版19寸改18/改,19,8.0,5x112,40,57.1,MB,48.0,KILOGRAMS,899.00,,,0,CONTINUE,False,True,1,1,190,181,https://cdn.shopify.com/s/files/1/0995/6920/5581/files/wheel-design-083_efe47da5-34a6-4bad-97ca-24f5cd7c7e40.png,Juego de 4 llantas 19 pulgadas Volkswagen – OYL260416330,llantas-19-pulgadas|llantas-volkswagen,5x112|color-mb|et-40|llantas|llantas-19|volkswagen,11,"Llantas 19"" Volkswagen | Juego de 4","Juego de 4 llantas 19X8.0, 5X112, ET +40, compatible de forma orientativa con VWCC海外版19寸改18/改. Precio cerrado y entrega a domicilio.",DRAFT,ninguno,2026-09-18T16:21:11Z,60,"imagen 190x181 (por debajo de 800x800) · chino del proveedor visible en la descripción · chino del proveedor visible en la meta description · sin coste de proveedor registrado · precio = escalera fija por diámetro, no verificado como PVP · peso = escalera fija por diámetro, no medido · stock 0 sin seguimiento (venta continua)"
10898640863565,oyl260416331-20-volkswagen,Juego de 4 llantas 20 pulgadas Volkswagen – OYL260416331,OYL260416331,wheel-design-083,volkswagen,VWCC海外版19寸改18/改,20,8.5,5x112,40,57.1,MB,52.0,KILOGRAMS,999.00,,,0,CONTINUE,False,True,1,1,190,181,https://cdn.shopify.com/s/files/1/0995/6920/5581/files/wheel-design-083_7e1c8216-b7f0-4222-a4ad-cc655087012c.png,"Juego de llantas 20X8.5 Volkswagen, referencia OYL260416331",llantas-20-pulgadas|llantas-volkswagen,5x112|color-mb|et-40|llantas|llantas-20|volkswagen,11,"Llantas 20"" Volkswagen | Juego de 4","Juego de 4 llantas 20X8.5, 5X112, ET +40, compatible de forma orientativa con VWCC海外版19寸改18/改. Precio cerrado y entrega a domicilio.",DRAFT,ninguno,2026-09-18T16:21:12Z,60,"imagen 190x181 (por debajo de 800x800) · chino del proveedor visible en la descripción · chino del proveedor visible en la meta description · sin coste de proveedor registrado · precio = escalera fija por diámetro, no verificado como PVP · peso = escalera fija por diámetro, no medido · stock 0 sin seguimiento (venta continua)"
10898640929101,oyl260416332-21-mercedes-benz,Juego de 4 llantas 21 pulgadas Mercedes-Benz – OYL260416332,OYL260416332,wheel-design-084,mercedes-benz,BENZ EQS AMG-2024/改,21,9.5,5x112,30,66.5,MBI,56.0,KILOGRAMS,1099.00,,,0,CONTINUE,False,True,1,1,188,177,https://cdn.shopify.com/s/files/1/0995/6920/5581/files/wheel-design-084_be6ab794-3f80-42ce-865d-bd84f8dccd5a.png,"Juego de llantas 21X9.5 Mercedes-Benz, referencia OYL260416332",llantas-21-pulgadas|llantas-mercedes-benz,5x112|color-mbi|et-30|llantas|llantas-21|mercedes-benz,11,"Llantas 21"" Mercedes-Benz | Juego de 4","Juego de 4 llantas 21X9.5, 5X112, ET +30, compatible de forma orientativa con BENZ EQS AMG-2024/改. Precio cerrado y entrega a domicilio.",DRAFT,ninguno,2026-09-18T16:21:12Z,60,"imagen 188x177 (por debajo de 800x800) · chino del proveedor visible en la descripción · chino del proveedor visible en la meta description · sin coste de proveedor registrado · precio = escalera fija por diámetro, no verificado como PVP · peso = escalera fija por diámetro, no medido · stock 0 sin seguimiento (venta continua)"
10898640961869,oyl260416333-21-mercedes-benz,Juego de 4 llantas 21 pulgadas Mercedes-Benz – OYL260416333,OYL260416333,wheel-design-084,mercedes-benz,BENZ EQS AMG-2024/改,21,10.0,5x112,48,66.5,MBI,56.0,KILOGRAMS,1099.00,,,0,CONTINUE,False,True,1,1,188,177,https://cdn.shopify.com/s/files/1/0995/6920/5581/files/wheel-design-084_e0b22c1d-f607-4b59-ad1f-58236adb2991.png,"Juego de llantas 21X10 Mercedes-Benz, referencia OYL260416333",llantas-21-pulgadas|llantas-mercedes-benz,5x112|color-mbi|et-48|llantas|llantas-21|mercedes-benz,11,"Llantas 21"" Mercedes-Benz | Juego de 4","Juego de 4 llantas 21X10, 5X112, ET +48, compatible de forma orientativa con BENZ EQS AMG-2024/改. Precio cerrado y entrega a domicilio.",DRAFT,ninguno,2026-09-18T16:21:13Z,60,"imagen 188x177 (por debajo de 800x800) · chino del proveedor visible en la descripción · chino del proveedor visible en la meta description · sin coste de proveedor registrado · precio = escalera fija por diámetro, no verificado como PVP · peso = escalera fija por diámetro, no medido · stock 0 sin seguimiento (venta continua)"
10898641027405,oyl260416334-19-audi,Juego de 4 llantas 19 pulgadas Audi – OYL260416334,OYL260416334,wheel-design-085,audi,AUDIRS3/改,19,8.5,5x112,40,66.45,MATT GUNMETAL MACHINE,48.0,KILOGRAMS,899.00,,,0,CONTINUE,False,True,1,1,190,178,https://cdn.shopify.com/s/files/1/0995/6920/5581/files/wheel-design-085_c2a69957-f6d4-49b3-ac34-b98cb9426bec.png,"Juego de llantas 19X8.5 Audi, referencia OYL260416334",llantas-19-pulgadas|llantas-audi,5x112|audi|color-matt gunmetal machine|et-40|llantas|llantas-19,11,"Llantas 19"" Audi | Juego de 4","Juego de 4 llantas 19X8.5, 5X112, ET +40, compatible de forma orientativa con AUDIRS3/改. Precio cerrado y entrega a domicilio.",DRAFT,ninguno,2026-09-18T16:21:13Z,60,"imagen 190x178 (por debajo de 800x800) · chino del proveedor visible en la descripción · chino del proveedor visible en la meta description · sin coste de proveedor registrado · precio = escalera fija por diámetro, no verificado como PVP · peso = escalera fija por diámetro, no medido · stock 0 sin seguimiento (venta continua)"
10898641060173,oyl260416335-20-audi,Juego de 4 llantas 20 pulgadas Audi – OYL260416335,OYL260416335,wheel-design-085,audi,AUDIRS3/改,20,8.5,5x112,30,66.45,MATT GUNMETAL MACHINE,52.0,KILOGRAMS,999.00,,,0,CONTINUE,False,True,1,1,190,178,https://cdn.shopify.com/s/files/1/0995/6920/5581/files/wheel-design-085_0c962c6c-b9c6-4e8b-a523-d8ff5624df93.png,"Juego de llantas 20X8.5 Audi, referencia OYL260416335",llantas-20-pulgadas|llantas-audi,5x112|audi|color-matt gunmetal machine|et-30|llantas|llantas-20,11,"Llantas 20"" Audi | Juego de 4","Juego de 4 llantas 20X8.5, 5X112, ET +30, compatible de forma orientativa con AUDIRS3/改. Precio cerrado y entrega a domicilio.",DRAFT,ninguno,2026-09-18T16:21:14Z,60,"imagen 190x178 (por debajo de 800x800) · chino del proveedor visible en la descripción · chino del proveedor visible en la meta description · sin coste de proveedor registrado · precio = escalera fija por diámetro, no verificado como PVP · peso = escalera fija por diámetro, no medido · stock 0 sin seguimiento (venta continua)"
10898641125709,oyl260416336-20-audi,Juego de 4 llantas 20 pulgadas Audi – OYL260416336,OYL260416336,wheel-design-086,audi,AUDI/改,20,8.5,5x112,40,66.45,MB,52.0,KILOGRAMS,999.00,,,0,CONTINUE,False,True,1,1,207,198,https://cdn.shopify.com/s/files/1/0995/6920/5581/files/wheel-design-086_90931297-7403-445e-8bb5-281c671d89cb.png,"Juego de llantas 20X8.5 Audi, referencia OYL260416336",llantas-20-pulgadas|llantas-audi,5x112|audi|color-mb|et-40|llantas|llantas-20,11,"Llantas 20"" Audi | Juego de 4","Juego de 4 llantas 20X8.5, 5X112, ET +40, compatible de forma orientativa con AUDI/改. Precio cerrado y entrega a domicilio.",DRAFT,ninguno,2026-09-18T16:21:14Z,60,"imagen 207x198 (por debajo de 800x800) · chino del proveedor visible en la descripción · chino del proveedor visible en la meta description · sin coste de proveedor registrado · precio = escalera fija por diámetro, no verificado como PVP · peso = escalera fija por diámetro, no medido · stock 0 sin seguimiento (venta continua)"
10898641191245,oyl260416337-20-bmw,Juego de 4 llantas 20 pulgadas BMW – OYL260416337,OYL260416337,wheel-design-087,bmw,BMW 540i/改,20,8.5,5x112,30,66.5,MB,52.0,KILOGRAMS,999.00,,,0,CONTINUE,False,True,1,1,175,167,https://cdn.shopify.com/s/files/1/0995/6920/5581/files/wheel-design-087_7788a351-f643-4bd4-9018-f00e897186c6.png,"Juego de llantas 20X8.5 BMW, referencia OYL260416337",llantas-20-pulgadas|llantas-bmw,5x112|bmw|color-mb|et-30|llantas|llantas-20,11,"Llantas 20"" BMW | Juego de 4","Juego de 4 llantas 20X8.5, 5X112, ET +30, compatible de forma orientativa con BMW 540i/改. Precio cerrado y entrega a domicilio.",DRAFT,ninguno,2026-09-18T16:21:15Z,60,"imagen 175x167 (por debajo de 800x800) · chino del proveedor visible en la descripción · chino del proveedor visible en la meta description · sin coste de proveedor registrado · precio = escalera fija por diámetro, no verificado como PVP · peso = escalera fija por diámetro, no medido · stock 0 sin seguimiento (venta continua)"
10898641224013,oyl260416338-20-bmw,Juego de 4 llantas 20 pulgadas BMW – OYL260416338,OYL260416338,wheel-design-087,bmw,BMW 540i/改,20,9.5,5x112,35,66.5,MB,52.0,KILOGRAMS,999.00,,,0,CONTINUE,False,True,1,1,175,167,https://cdn.shopify.com/s/files/1/0995/6920/5581/files/wheel-design-087_b4b6d171-985c-44b6-9dac-fb564f6a399d.png,"Juego de llantas 20X9.5 BMW, referencia OYL260416338",llantas-20-pulgadas|llantas-bmw,5x112|bmw|color-mb|et-35|llantas|llantas-20,11,"Llantas 20"" BMW | Juego de 4","Juego de 4 llantas 20X9.5, 5X112, ET +35, compatible de forma orientativa con BMW 540i/改. Precio cerrado y entrega a domicilio.",DRAFT,ninguno,2026-09-18T16:21:15Z,60,"imagen 175x167 (por debajo de 800x800) · chino del proveedor visible en la descripción · chino del proveedor visible en la meta description · sin coste de proveedor registrado · precio = escalera fija por diámetro, no verificado como PVP · peso = escalera fija por diámetro, no medido · stock 0 sin seguimiento (venta continua)"
10898641322317,oyl260416339-19-bmw,Juego de 4 llantas 19 pulgadas BMW – OYL260416339,OYL260416339,wheel-design-088,bmw,BMW M5新能源-2025/改,19,9.5,5x120,40,72.6,MB,48.0,KILOGRAMS,899.00,,,0,CONTINUE,False,True,1,1,202,191,https://cdn.shopify.com/s/files/1/0995/6920/5581/files/wheel-design-088_1f859be9-5bcc-4156-bbaa-ba1576582b94.png,Juego de 4 llantas 19 pulgadas BMW – OYL260416339,llantas-19-pulgadas|llantas-bmw,5x120|bmw|color-mb|et-40|llantas|llantas-19,11,"Llantas 19"" BMW | Juego de 4","Juego de 4 llantas 19X9.5, 5X120, ET +40, compatible de forma orientativa con BMW M5新能源-2025/改. Precio cerrado y entrega a domicilio.",DRAFT,ninguno,2026-09-18T16:21:16Z,60,"imagen 202x191 (por debajo de 800x800) · chino del proveedor visible en la descripción · chino del proveedor visible en la meta description · sin coste de proveedor registrado · precio = escalera fija por diámetro, no verificado como PVP · peso = escalera fija por diámetro, no medido · stock 0 sin seguimiento (venta continua)"
10898641355085,oyl260416340-19-bmw,Juego de 4 llantas 19 pulgadas BMW – OYL260416340,OYL260416340,wheel-design-088,bmw,BMW M5新能源-2025/改,19,8.5,5x112,25,66.5,B,48.0,KILOGRAMS,899.00,,,0,CONTINUE,False,True,1,1,202,191,https://cdn.shopify.com/s/files/1/0995/6920/5581/files/wheel-design-088_eaa319aa-ab41-4854-9372-2330ef913823.png,"Juego de llantas 19X8.5 BMW, referencia OYL260416340",llantas-19-pulgadas|llantas-bmw,5x112|bmw|color-b|et-25|llantas|llantas-19,11,"Llantas 19"" BMW | Juego de 4","Juego de 4 llantas 19X8.5, 5X112, ET +25, compatible de forma orientativa con BMW M5新能源-2025/改. Precio cerrado y entrega a domicilio.",DRAFT,ninguno,2026-09-18T16:21:16Z,60,"imagen 202x191 (por debajo de 800x800) · chino del proveedor visible en la descripción · chino del proveedor visible en la meta description · sin coste de proveedor registrado · precio = escalera fija por diámetro, no verificado como PVP · peso = escalera fija por diámetro, no medido · stock 0 sin seguimiento (venta continua)"
10898641387853,oyl260416341-20-bmw,Juego de 4 llantas 20 pulgadas BMW – OYL260416341,OYL260416341,wheel-design-088,bmw,BMW M5新能源-2025/改,20,8.5,5x112,25,66.5,MB,52.0,KILOGRAMS,999.00,,,0,CONTINUE,False,True,1,1,202,191,https://cdn.shopify.com/s/files/1/0995/6920/5581/files/wheel-design-088_af546899-5f0a-426b-bd9c-f5cc8212a866.png,"Juego de llantas 20X8.5 BMW, referencia OYL260416341",llantas-20-pulgadas|llantas-bmw,5x112|bmw|color-mb|et-25|llantas|llantas-20,11,"Llantas 20"" BMW | Juego de 4","Juego de 4 llantas 20X8.5, 5X112, ET +25, compatible de forma orientativa con BMW M5新能源-2025/改. Precio cerrado y entrega a domicilio.",DRAFT,ninguno,2026-09-18T16:21:17Z,60,"imagen 202x191 (por debajo de 800x800) · chino del proveedor visible en la descripción · chino del proveedor visible en la meta description · sin coste de proveedor registrado · precio = escalera fija por diámetro, no verificado como PVP · peso = escalera fija por diámetro, no medido · stock 0 sin seguimiento (venta continua)"
10898641486157,oyl260416342-20-bmw,Juego de 4 llantas 20 pulgadas BMW – OYL260416342,OYL260416342,wheel-design-088,bmw,BMW M5新能源-2025/改,20,9.5,5x112,40,72.6,B,52.0,KILOGRAMS,999.00,,,0,CONTINUE,False,True,1,1,202,191,https://cdn.shopify.com/s/files/1/0995/6920/5581/files/wheel-design-088_a60ee1dc-0a33-4be9-85c6-418ef1881613.png,"Juego de llantas 20X9.5 BMW, referencia OYL260416342",llantas-20-pulgadas|llantas-bmw,5x112|bmw|color-b|et-40|llantas|llantas-20,11,"Llantas 20"" BMW | Juego de 4","Juego de 4 llantas 20X9.5, 5X112, ET +40, compatible de forma orientativa con BMW M5新能源-2025/改. Precio cerrado y entrega a domicilio.",DRAFT,ninguno,2026-09-18T16:21:17Z,60,"imagen 202x191 (por debajo de 800x800) · chino del proveedor visible en la descripción · chino del proveedor visible en la meta description · sin coste de proveedor registrado · precio = escalera fija por diámetro, no verificado como PVP · peso = escalera fija por diámetro, no medido · stock 0 sin seguimiento (venta continua)"
10898641551693,oyl260416343-19-mercedes-benz,Juego de 4 llantas 19 pulgadas Mercedes-Benz – OYL260416343,OYL260416343,wheel-design-089,mercedes-benz,BENZ E级/S级/改,19,9.5,5x112,43,66.5,MIYB,48.0,KILOGRAMS,899.00,,,0,CONTINUE,False,True,1,1,484,462,https://cdn.shopify.com/s/files/1/0995/6920/5581/files/wheel-design-089_04f682b6-335f-4792-9eae-9f508338cd85.png,"Juego de llantas 19X9.5 Mercedes-Benz, referencia OYL260416343",llantas-19-pulgadas|llantas-mercedes-benz,5x112|color-miyb|et-43|llantas|llantas-19|mercedes-benz,11,"Llantas 19"" Mercedes-Benz | Juego de 4","Juego de 4 llantas 19X9.5, 5X112, ET +43, compatible de forma orientativa con BENZ E级/S级/改. Precio cerrado y entrega a domicilio.",DRAFT,ninguno,2026-09-18T16:21:18Z,60,"imagen 484x462 (por debajo de 800x800) · chino del proveedor visible en la descripción · chino del proveedor visible en la meta description · sin coste de proveedor registrado · precio = escalera fija por diámetro, no verificado como PVP · peso = escalera fija por diámetro, no medido · stock 0 sin seguimiento (venta continua)"
10898641584461,oyl260416344-20-mercedes-benz,Juego de 4 llantas 20 pulgadas Mercedes-Benz – OYL260416344,OYL260416344,wheel-design-089,mercedes-benz,BENZ E级/S级/改,20,8.5,5x112,36,66.5,MIYB,52.0,KILOGRAMS,999.00,,,0,CONTINUE,False,True,1,1,484,462,https://cdn.shopify.com/s/files/1/0995/6920/5581/files/wheel-design-089_372aec6a-5066-4974-a0eb-56dff7d186f4.png,"Juego de llantas 20X8.5 Mercedes-Benz, referencia OYL260416344",llantas-20-pulgadas|llantas-mercedes-benz,5x112|color-miyb|et-36|llantas|llantas-20|mercedes-benz,11,"Llantas 20"" Mercedes-Benz | Juego de 4","Juego de 4 llantas 20X8.5, 5X112, ET +36, compatible de forma orientativa con BENZ E级/S级/改. Precio cerrado y entrega a domicilio.",DRAFT,ninguno,2026-09-18T16:21:19Z,60,"imagen 484x462 (por debajo de 800x800) · chino del proveedor visible en la descripción · chino del proveedor visible en la meta description · sin coste de proveedor registrado · precio = escalera fija por diámetro, no verificado como PVP · peso = escalera fija por diámetro, no medido · stock 0 sin seguimiento (venta continua)"
10898641649997,oyl260416345-20-mercedes-benz,Juego de 4 llantas 20 pulgadas Mercedes-Benz – OYL260416345,OYL260416345,wheel-design-089,mercedes-benz,BENZ E级/S级/改,20,9.5,5x112,43,66.5,MIYB,52.0,KILOGRAMS,999.00,,,0,CONTINUE,False,True,1,1,484,462,https://cdn.shopify.com/s/files/1/0995/6920/5581/files/wheel-design-089_c06f8035-957b-4737-a1c2-c24304e0e4b3.png,"Juego de llantas 20X9.5 Mercedes-Benz, referencia OYL260416345",llantas-20-pulgadas|llantas-mercedes-benz,5x112|color-miyb|et-43|llantas|llantas-20|mercedes-benz,11,"Llantas 20"" Mercedes-Benz | Juego de 4","Juego de 4 llantas 20X9.5, 5X112, ET +43, compatible de forma orientativa con BENZ E级/S级/改. Precio cerrado y entrega a domicilio.",DRAFT,ninguno,2026-09-18T16:21:19Z,60,"imagen 484x462 (por debajo de 800x800) · chino del proveedor visible en la descripción · chino del proveedor visible en la meta description · sin coste de proveedor registrado · precio = escalera fija por diámetro, no verificado como PVP · peso = escalera fija por diámetro, no medido · stock 0 sin seguimiento (venta continua)"
10898641682765,oyl260416346-18-mercedes-benz,Juego de 4 llantas 18 pulgadas Mercedes-Benz – OYL260416346,OYL260416346,wheel-design-090,mercedes-benz,BENZ CLA200-18,18,7.5,5x112,52,66.5,MB,44.0,KILOGRAMS,799.00,,,0,CONTINUE,False,True,1,1,198,189,https://cdn.shopify.com/s/files/1/0995/6920/5581/files/wheel-design-090_c21b32a6-2465-4525-a3a4-785f31fc37dc.png,"Juego de llantas 18X7.5 Mercedes-Benz, referencia OYL260416346",llantas-18-pulgadas|llantas-mercedes-benz,5x112|color-mb|et-52|llantas|llantas-18|mercedes-benz,11,"Llantas 18"" Mercedes-Benz | Juego de 4","Juego de 4 llantas 18X7.5, 5X112, ET +52, compatible de forma orientativa con BENZ CLA200-18. Precio cerrado y entrega a domicilio.",DRAFT,ninguno,2026-09-18T16:21:20Z,75,"imagen 198x189 (por debajo de 800x800) · sin coste de proveedor registrado · precio = escalera fija por diámetro, no verificado como PVP · peso = escalera fija por diámetro, no medido · stock 0 sin seguimiento (venta continua)"
10898641748301,oyl260416347-19-bmw,Juego de 4 llantas 19 pulgadas BMW – OYL260416347,OYL260416347,wheel-design-091,bmw,BMW 740/改,19,9.5,5x120,39,72.6,MS,48.0,KILOGRAMS,899.00,,,0,CONTINUE,False,True,1,1,198,186,https://cdn.shopify.com/s/files/1/0995/6920/5581/files/wheel-design-091_fbfe16f7-2e19-4781-a805-0c66fa758ded.png,Juego de 4 llantas 19 pulgadas BMW – OYL260416347,llantas-19-pulgadas|llantas-bmw,5x120|bmw|color-ms|et-39|llantas|llantas-19,11,"Llantas 19"" BMW | Juego de 4","Juego de 4 llantas 19X9.5, 5X120, ET +39, compatible de forma orientativa con BMW 740/改. Precio cerrado y entrega a domicilio.",DRAFT,ninguno,2026-09-18T16:21:20Z,60,"imagen 198x186 (por debajo de 800x800) · chino del proveedor visible en la descripción · chino del proveedor visible en la meta description · sin coste de proveedor registrado · precio = escalera fija por diámetro, no verificado como PVP · peso = escalera fija por diámetro, no medido · stock 0 sin seguimiento (venta continua)"
10898641781069,oyl260416348-19-bmw,Juego de 4 llantas 19 pulgadas BMW – OYL260416348,OYL260416348,wheel-design-092,bmw,BMW 730Li M-2021,19,9.5,5x112,39,66.5,MG-D,48.0,KILOGRAMS,899.00,,,0,CONTINUE,False,True,1,1,189,176,https://cdn.shopify.com/s/files/1/0995/6920/5581/files/wheel-design-092_1c5647f4-36f0-4969-b4aa-ad99f02c2420.png,Juego de 4 llantas 19 pulgadas BMW – OYL260416348,llantas-19-pulgadas|llantas-bmw,5x112|bmw|color-mg-d|et-39|llantas|llantas-19,11,"Llantas 19"" BMW | Juego de 4","Juego de 4 llantas 19X9.5, 5X112, ET +39, compatible de forma orientativa con BMW 730Li M-2021. Precio cerrado y entrega a domicilio.",DRAFT,ninguno,2026-09-18T16:21:21Z,75,"imagen 189x176 (por debajo de 800x800) · sin coste de proveedor registrado · precio = escalera fija por diámetro, no verificado como PVP · peso = escalera fija por diámetro, no medido · stock 0 sin seguimiento (venta continua)"
10898641846605,oyl260416349-17-volkswagen,Juego de 4 llantas 17 pulgadas Volkswagen – OYL260416349,OYL260416349,wheel-design-093,volkswagen,VW速腾-2023,17,7.0,5x112,46,57.1,MB,40.0,KILOGRAMS,699.00,,,0,CONTINUE,False,True,1,1,168,155,https://cdn.shopify.com/s/files/1/0995/6920/5581/files/wheel-design-093_4ff42fdf-b2cb-4cdf-a741-2b12c12d6d48.png,Juego de 4 llantas 17 pulgadas Volkswagen – OYL260416349,llantas-17-pulgadas|llantas-volkswagen,5x112|color-mb|et-46|llantas|llantas-17|volkswagen,11,"Llantas 17"" Volkswagen | Juego de 4","Juego de 4 llantas 17X7.0, 5X112, ET +46, compatible de forma orientativa con VW速腾-2023. Precio cerrado y entrega a domicilio.",DRAFT,ninguno,2026-09-18T16:21:21Z,60,"imagen 168x155 (por debajo de 800x800) · chino del proveedor visible en la descripción · chino del proveedor visible en la meta description · sin coste de proveedor registrado · precio = escalera fija por diámetro, no verificado como PVP · peso = escalera fija por diámetro, no medido · stock 0 sin seguimiento (venta continua)"
10898641879373,oyl260416350-19-audi,Juego de 4 llantas 19 pulgadas Audi – OYL260416350,OYL260416350,wheel-design-094,audi,AUDIQ5,19,8.0,5x112,39,66.45,MB,48.0,KILOGRAMS,899.00,,,0,CONTINUE,False,True,1,1,204,191,https://cdn.shopify.com/s/files/1/0995/6920/5581/files/wheel-design-094_490e3ef9-13a0-471f-885f-d6141ebcfaee.png,"Juego de llantas 19X8.0 Audi, referencia OYL260416350",llantas-19-pulgadas|llantas-audi,5x112|audi|color-mb|et-39|llantas|llantas-19,11,"Llantas 19"" Audi | Juego de 4","Juego de 4 llantas 19X8.0, 5X112, ET +39, compatible de forma orientativa con AUDIQ5. Precio cerrado y entrega a domicilio.",DRAFT,ninguno,2026-09-18T16:21:22Z,75,"imagen 204x191 (por debajo de 800x800) · sin coste de proveedor registrado · precio = escalera fija por diámetro, no verificado como PVP · peso = escalera fija por diámetro, no medido · stock 0 sin seguimiento (venta continua)"
10898641912141,oyl260416351-19-mercedes-benz,Juego de 4 llantas 19 pulgadas Mercedes-Benz – OYL260416351,OYL260416351,wheel-design-095,mercedes-benz,BENZ E级海外版/改,19,8.5,5x112,36,66.5,MB,48.0,KILOGRAMS,899.00,,,0,CONTINUE,False,True,1,1,172,180,https://cdn.shopify.com/s/files/1/0995/6920/5581/files/wheel-design-095_5bbc7026-21b0-418a-8433-d5a1666900fe.png,"Juego de llantas 19X8.5 Mercedes-Benz, referencia OYL260416351",llantas-19-pulgadas|llantas-mercedes-benz,5x112|color-mb|et-36|llantas|llantas-19|mercedes-benz,11,"Llantas 19"" Mercedes-Benz | Juego de 4","Juego de 4 llantas 19X8.5, 5X112, ET +36, compatible de forma orientativa con BENZ E级海外版/改. Precio cerrado y entrega a domicilio.",DRAFT,ninguno,2026-09-18T16:21:22Z,60,"imagen 172x180 (por debajo de 800x800) · chino del proveedor visible en la descripción · chino del proveedor visible en la meta description · sin coste de proveedor registrado · precio = escalera fija por diámetro, no verificado como PVP · peso = escalera fija por diámetro, no medido · stock 0 sin seguimiento (venta continua)"
10898642075981,oyl260416352-20-mercedes-benz,Juego de 4 llantas 20 pulgadas Mercedes-Benz – OYL260416352,OYL260416352,wheel-design-095,mercedes-benz,BENZ E级海外版/改,20,8.5,5x112,36,66.5,MB,52.0,KILOGRAMS,999.00,,,0,CONTINUE,False,True,1,1,172,180,https://cdn.shopify.com/s/files/1/0995/6920/5581/files/wheel-design-095_12627247-30a2-4f90-8f0f-a8ff72b183b4.png,"Juego de llantas 20X8.5 Mercedes-Benz, referencia OYL260416352",llantas-20-pulgadas|llantas-mercedes-benz,5x112|color-mb|et-36|llantas|llantas-20|mercedes-benz,11,"Llantas 20"" Mercedes-Benz | Juego de 4","Juego de 4 llantas 20X8.5, 5X112, ET +36, compatible de forma orientativa con BENZ E级海外版/改. Precio cerrado y entrega a domicilio.",DRAFT,ninguno,2026-09-18T16:21:23Z,60,"imagen 172x180 (por debajo de 800x800) · chino del proveedor visible en la descripción · chino del proveedor visible en la meta description · sin coste de proveedor registrado · precio = escalera fija por diámetro, no verificado como PVP · peso = escalera fija por diámetro, no medido · stock 0 sin seguimiento (venta continua)"
10898642108749,oyl260416353-20-mercedes-benz,Juego de 4 llantas 20 pulgadas Mercedes-Benz – OYL260416353,OYL260416353,wheel-design-095,mercedes-benz,BENZ E级海外版/改,20,9.5,5x112,43,66.5,MB,52.0,KILOGRAMS,999.00,,,0,CONTINUE,False,True,1,1,172,180,https://cdn.shopify.com/s/files/1/0995/6920/5581/files/wheel-design-095_0f87873f-6258-4903-8778-3e4b039c1540.png,"Juego de llantas 20X9.5 Mercedes-Benz, referencia OYL260416353",llantas-20-pulgadas|llantas-mercedes-benz,5x112|color-mb|et-43|llantas|llantas-20|mercedes-benz,11,"Llantas 20"" Mercedes-Benz | Juego de 4","Juego de 4 llantas 20X9.5, 5X112, ET +43, compatible de forma orientativa con BENZ E级海外版/改. Precio cerrado y entrega a domicilio.",DRAFT,ninguno,2026-09-18T16:21:23Z,60,"imagen 172x180 (por debajo de 800x800) · chino del proveedor visible en la descripción · chino del proveedor visible en la meta description · sin coste de proveedor registrado · precio = escalera fija por diámetro, no verificado como PVP · peso = escalera fija por diámetro, no medido · stock 0 sin seguimiento (venta continua)"
10898642174285,oyl260416354-19-volkswagen,Juego de 4 llantas 19 pulgadas Volkswagen – OYL260416354,OYL260416354,wheel-design-096,volkswagen,VWCC黄金海岸版,19,8.0,5x112,40,57.1,G,48.0,KILOGRAMS,899.00,,,0,CONTINUE,False,True,1,1,168,160,https://cdn.shopify.com/s/files/1/0995/6920/5581/files/wheel-design-096_e6ac1081-2df7-448b-bd14-2b9f2c3b4237.png,"Juego de llantas 19X8.0 Volkswagen, referencia OYL260416354",llantas-19-pulgadas|llantas-volkswagen,5x112|color-g|et-40|llantas|llantas-19|volkswagen,11,"Llantas 19"" Volkswagen | Juego de 4","Juego de 4 llantas 19X8.0, 5X112, ET +40, compatible de forma orientativa con VWCC黄金海岸版. Precio cerrado y entrega a domicilio.",DRAFT,ninguno,2026-09-18T16:21:24Z,60,"imagen 168x160 (por debajo de 800x800) · chino del proveedor visible en la descripción · chino del proveedor visible en la meta description · sin coste de proveedor registrado · precio = escalera fija por diámetro, no verificado como PVP · peso = escalera fija por diámetro, no medido · stock 0 sin seguimiento (venta continua)"
10898642239821,oyl260416355-19-volkswagen,Juego de 4 llantas 19 pulgadas Volkswagen – OYL260416355,OYL260416355,wheel-design-097,volkswagen,VW途观L/途观X-2021-2025,19,7.0,5x112,40,57.1,MB,48.0,KILOGRAMS,899.00,,,0,CONTINUE,False,True,1,1,151,146,https://cdn.shopify.com/s/files/1/0995/6920/5581/files/wheel-design-097_dec31fcb-589f-41a4-8647-98d75d0def58.png,Juego de 4 llantas 19 pulgadas Volkswagen – OYL260416355,llantas-19-pulgadas|llantas-volkswagen,5x112|color-mb|et-40|llantas|llantas-19|volkswagen,11,"Llantas 19"" Volkswagen | Juego de 4","Juego de 4 llantas 19X7.0, 5X112, ET +40, compatible de forma orientativa con VW途观L/途观X-2021-2025. Precio cerrado y entrega a domicilio.",DRAFT,ninguno,2026-09-18T16:21:24Z,60,"imagen 151x146 (por debajo de 800x800) · chino del proveedor visible en la descripción · chino del proveedor visible en la meta description · sin coste de proveedor registrado · precio = escalera fija por diámetro, no verificado como PVP · peso = escalera fija por diámetro, no medido · stock 0 sin seguimiento (venta continua)"
10898642305357,oyl260416356-21-volkswagen,Juego de 4 llantas 21 pulgadas Volkswagen – OYL260416356,OYL260416356,wheel-design-098,volkswagen,VW揽境-2021-2024,21,9.0,5x112,34,57.1,MB,56.0,KILOGRAMS,1099.00,,,0,CONTINUE,False,True,1,1,168,161,https://cdn.shopify.com/s/files/1/0995/6920/5581/files/wheel-design-098_fdf54c4f-6c5b-4677-a1a7-589c2022373d.png,"Juego de llantas 21X9.0 Volkswagen, referencia OYL260416356",llantas-21-pulgadas|llantas-volkswagen,5x112|color-mb|et-34|llantas|llantas-21|volkswagen,11,"Llantas 21"" Volkswagen | Juego de 4","Juego de 4 llantas 21X9.0, 5X112, ET +34, compatible de forma orientativa con VW揽境-2021-2024. Precio cerrado y entrega a domicilio.",DRAFT,ninguno,2026-09-18T16:21:25Z,60,"imagen 168x161 (por debajo de 800x800) · chino del proveedor visible en la descripción · chino del proveedor visible en la meta description · sin coste de proveedor registrado · precio = escalera fija por diámetro, no verificado como PVP · peso = escalera fija por diámetro, no medido · stock 0 sin seguimiento (venta continua)"
10898642338125,oyl260416357-17-mercedes-benz,Juego de 4 llantas 17 pulgadas Mercedes-Benz – OYL260416357,OYL260416357,wheel-design-099,mercedes-benz,BENZ AMG C63S/改,17,7.5,5x112,35,66.5,MIYB,40.0,KILOGRAMS,699.00,,,0,CONTINUE,False,True,1,1,190,179,https://cdn.shopify.com/s/files/1/0995/6920/5581/files/wheel-design-099_8901d8be-f07e-47c2-aba3-89f5be488a1b.png,Juego de 4 llantas 17 pulgadas Mercedes-Benz – OYL260416357,llantas-17-pulgadas|llantas-mercedes-benz,5x112|color-miyb|et-35|llantas|llantas-17|mercedes-benz,11,"Llantas 17"" Mercedes-Benz | Juego de 4","Juego de 4 llantas 17X7.5, 5X112, ET +35, compatible de forma orientativa con BENZ AMG C63S/改. Precio cerrado y entrega a domicilio.",DRAFT,ninguno,2026-09-18T16:21:25Z,60,"imagen 190x179 (por debajo de 800x800) · chino del proveedor visible en la descripción · chino del proveedor visible en la meta description · sin coste de proveedor registrado · precio = escalera fija por diámetro, no verificado como PVP · peso = escalera fija por diámetro, no medido · stock 0 sin seguimiento (venta continua)"
10898642403661,oyl260416358-18-vehiculos-europeos,Juego de 4 llantas 18 pulgadas Vehículos europeos – OYL260416358,OYL260416358,wheel-design-099,,Consultar,18,8.0,5x112,40,66.45,MIYB,44.0,KILOGRAMS,799.00,,,0,CONTINUE,False,True,1,1,190,179,https://cdn.shopify.com/s/files/1/0995/6920/5581/files/wheel-design-099_685ef311-0e61-4107-a547-b1b2f4dc2b80.png,"Juego de llantas 18X8.0 Vehículos europeos, referencia OYL260416358",llantas-18-pulgadas,5x112|color-miyb|et-40|llantas|llantas-18|vehículos-europeos,11,"Llantas 18"" Vehículos europeos | Juego de 4","Juego de 4 llantas 18X8.0, 5X112, ET +40, compatible de forma orientativa con Vehículos europeos. Precio cerrado y entrega a domicilio.",DRAFT,ninguno,2026-09-18T16:21:26Z,75,"imagen 190x179 (por debajo de 800x800) · sin coste de proveedor registrado · precio = escalera fija por diámetro, no verificado como PVP · peso = escalera fija por diámetro, no medido · stock 0 sin seguimiento (venta continua)"
10898642436429,oyl260416359-18-mercedes-benz,Juego de 4 llantas 18 pulgadas Mercedes-Benz – OYL260416359,OYL260416359,wheel-design-099,mercedes-benz,BENZ AMG C63S/改,18,8.0,5x112,36,66.5,MIYB,44.0,KILOGRAMS,799.00,,,0,CONTINUE,False,True,1,1,190,179,https://cdn.shopify.com/s/files/1/0995/6920/5581/files/wheel-design-099_78dc0b5c-b158-43e7-b379-3a0cc644f15d.png,"Juego de llantas 18X8.0 Mercedes-Benz, referencia OYL260416359",llantas-18-pulgadas|llantas-mercedes-benz,5x112|color-miyb|et-36|llantas|llantas-18|mercedes-benz,11,"Llantas 18"" Mercedes-Benz | Juego de 4","Juego de 4 llantas 18X8.0, 5X112, ET +36, compatible de forma orientativa con BENZ AMG C63S/改. Precio cerrado y entrega a domicilio.",DRAFT,ninguno,2026-09-18T16:21:26Z,60,"imagen 190x179 (por debajo de 800x800) · chino del proveedor visible en la descripción · chino del proveedor visible en la meta description · sin coste de proveedor registrado · precio = escalera fija por diámetro, no verificado como PVP · peso = escalera fija por diámetro, no medido · stock 0 sin seguimiento (venta continua)"
10898642501965,oyl260416360-19-mercedes-benz,Juego de 4 llantas 19 pulgadas Mercedes-Benz – OYL260416360,OYL260416360,wheel-design-099,mercedes-benz,BENZ AMG C63S/改,19,8.5,5x112,38,66.5,MIYB,48.0,KILOGRAMS,899.00,,,0,CONTINUE,False,True,1,1,190,179,https://cdn.shopify.com/s/files/1/0995/6920/5581/files/wheel-design-099_5abfb296-fa81-4ffe-a4f6-92633c0ef045.png,"Juego de llantas 19X8.5 Mercedes-Benz, referencia OYL260416360",llantas-19-pulgadas|llantas-mercedes-benz,5x112|color-miyb|et-38|llantas|llantas-19|mercedes-benz,11,"Llantas 19"" Mercedes-Benz | Juego de 4","Juego de 4 llantas 19X8.5, 5X112, ET +38, compatible de forma orientativa con BENZ AMG C63S/改. Precio cerrado y entrega a domicilio.",DRAFT,ninguno,2026-09-18T16:21:27Z,60,"imagen 190x179 (por debajo de 800x800) · chino del proveedor visible en la descripción · chino del proveedor visible en la meta description · sin coste de proveedor registrado · precio = escalera fija por diámetro, no verificado como PVP · peso = escalera fija por diámetro, no medido · stock 0 sin seguimiento (venta continua)"
10898642534733,oyl260416361-19-mercedes-benz,Juego de 4 llantas 19 pulgadas Mercedes-Benz – OYL260416361,OYL260416361,wheel-design-099,mercedes-benz,BENZ AMG C63S/改,19,9.5,5x112,43,66.5,MIYB,48.0,KILOGRAMS,899.00,,,0,CONTINUE,False,True,1,1,190,179,https://cdn.shopify.com/s/files/1/0995/6920/5581/files/wheel-design-099_6e2cb9e8-c2c5-4bda-8c25-c08c3b328f22.png,"Juego de llantas 19X9.5 Mercedes-Benz, referencia OYL260416361",llantas-19-pulgadas|llantas-mercedes-benz,5x112|color-miyb|et-43|llantas|llantas-19|mercedes-benz,11,"Llantas 19"" Mercedes-Benz | Juego de 4","Juego de 4 llantas 19X9.5, 5X112, ET +43, compatible de forma orientativa con BENZ AMG C63S/改. Precio cerrado y entrega a domicilio.",DRAFT,ninguno,2026-09-18T16:21:27Z,60,"imagen 190x179 (por debajo de 800x800) · chino del proveedor visible en la descripción · chino del proveedor visible en la meta description · sin coste de proveedor registrado · precio = escalera fija por diámetro, no verificado como PVP · peso = escalera fija por diámetro, no medido · stock 0 sin seguimiento (venta continua)"
10898642600269,oyl260416362-20-mercedes-benz,Juego de 4 llantas 20 pulgadas Mercedes-Benz – OYL260416362,OYL260416362,wheel-design-099,mercedes-benz,BENZ AMG C63S/改,20,8.5,5x112,36,66.5,MIYB,52.0,KILOGRAMS,999.00,,,0,CONTINUE,False,True,1,1,190,179,https://cdn.shopify.com/s/files/1/0995/6920/5581/files/wheel-design-099_feb26817-ae3d-4c95-a05b-0a407747c9b0.png,"Juego de llantas 20X8.5 Mercedes-Benz, referencia OYL260416362",llantas-20-pulgadas|llantas-mercedes-benz,5x112|color-miyb|et-36|llantas|llantas-20|mercedes-benz,11,"Llantas 20"" Mercedes-Benz | Juego de 4","Juego de 4 llantas 20X8.5, 5X112, ET +36, compatible de forma orientativa con BENZ AMG C63S/改. Precio cerrado y entrega a domicilio.",DRAFT,ninguno,2026-09-18T16:21:28Z,60,"imagen 190x179 (por debajo de 800x800) · chino del proveedor visible en la descripción · chino del proveedor visible en la meta description · sin coste de proveedor registrado · precio = escalera fija por diámetro, no verificado como PVP · peso = escalera fija por diámetro, no medido · stock 0 sin seguimiento (venta continua)"
10898642633037,oyl260416363-19-audi,Juego de 4 llantas 19 pulgadas Audi – OYL260416363,OYL260416363,wheel-design-100,audi,AUDIA4L-2024/2025,19,8.5,5x112,40,66.5,MB,48.0,KILOGRAMS,899.00,,,0,CONTINUE,False,True,1,1,170,83,https://cdn.shopify.com/s/files/1/0995/6920/5581/files/wheel-design-100_4e5e7045-9570-4597-a917-5468704ab212.png,"Juego de llantas 19X8.5 Audi, referencia OYL260416363",llantas-19-pulgadas|llantas-audi,5x112|audi|color-mb|et-40|llantas|llantas-19,11,"Llantas 19"" Audi | Juego de 4","Juego de 4 llantas 19X8.5, 5X112, ET +40, compatible de forma orientativa con AUDIA4L-2024/2025. Precio cerrado y entrega a domicilio.",DRAFT,ninguno,2026-09-18T16:21:28Z,75,"imagen 170x83 (por debajo de 800x800) · sin coste de proveedor registrado · precio = escalera fija por diámetro, no verificado como PVP · peso = escalera fija por diámetro, no medido · stock 0 sin seguimiento (venta continua)"
10898642698573,oyl260416364-20-audi,Juego de 4 llantas 20 pulgadas Audi – OYL260416364,OYL260416364,wheel-design-101,audi,AUDIRS6 Avant GT-2025,20,9.0,5x112,30,66.45,MATTE BLACK,52.0,KILOGRAMS,999.00,,,0,CONTINUE,False,True,1,1,179,172,https://cdn.shopify.com/s/files/1/0995/6920/5581/files/wheel-design-101_e0ab0ab5-58dd-42d1-b461-3eb70d2d8634.png,Juego de 4 llantas 20 pulgadas Audi – OYL260416364,llantas-20-pulgadas|llantas-audi,5x112|audi|color-matte black|et-30|llantas|llantas-20,11,"Llantas 20"" Audi | Juego de 4","Juego de 4 llantas 20X9.0, 5X112, ET +30, compatible de forma orientativa con AUDIRS6 Avant GT-2025. Precio cerrado y entrega a domicilio.",DRAFT,ninguno,2026-09-18T16:21:29Z,75,"imagen 179x172 (por debajo de 800x800) · sin coste de proveedor registrado · precio = escalera fija por diámetro, no verificado como PVP · peso = escalera fija por diámetro, no medido · stock 0 sin seguimiento (venta continua)"
10898642731341,oyl260416365-22-audi,Juego de 4 llantas 22 pulgadas Audi – OYL260416365,OYL260416365,wheel-design-101,audi,AUDIRS6 Avant GT-2025,22,10.0,5x112,25,66.45,MBI+C,60.0,KILOGRAMS,1249.00,,,0,CONTINUE,False,True,1,1,179,172,https://cdn.shopify.com/s/files/1/0995/6920/5581/files/wheel-design-101_0e0a1ae3-58aa-4e29-94b8-1a095e611c00.png,"Juego de llantas 22X10 Audi, referencia OYL260416365",llantas-22-pulgadas|llantas-audi,5x112|audi|color-mbi+c|et-25|llantas|llantas-22,11,"Llantas 22"" Audi | Juego de 4","Juego de 4 llantas 22X10, 5X112, ET +25, compatible de forma orientativa con AUDIRS6 Avant GT-2025. Precio cerrado y entrega a domicilio.",DRAFT,ninguno,2026-09-18T16:21:29Z,75,"imagen 179x172 (por debajo de 800x800) · sin coste de proveedor registrado · precio = escalera fija por diámetro, no verificado como PVP · peso = escalera fija por diámetro, no medido · stock 0 sin seguimiento (venta continua)"
10898642796877,oyl260416366-22-audi,Juego de 4 llantas 22 pulgadas Audi – OYL260416366,OYL260416366,wheel-design-101,audi,AUDIRS6 Avant GT-2025,22,10.0,5x112,25,66.45,W,60.0,KILOGRAMS,1249.00,,,0,CONTINUE,False,True,1,1,179,172,https://cdn.shopify.com/s/files/1/0995/6920/5581/files/wheel-design-101_1b2ae20a-73ac-4572-ba04-a0322bc83ea4.png,"Juego de llantas 22X10 Audi, referencia OYL260416366",llantas-22-pulgadas|llantas-audi,5x112|audi|color-w|et-25|llantas|llantas-22,11,"Llantas 22"" Audi | Juego de 4","Juego de 4 llantas 22X10, 5X112, ET +25, compatible de forma orientativa con AUDIRS6 Avant GT-2025. Precio cerrado y entrega a domicilio.",DRAFT,ninguno,2026-09-18T16:21:30Z,75,"imagen 179x172 (por debajo de 800x800) · sin coste de proveedor registrado · precio = escalera fija por diámetro, no verificado como PVP · peso = escalera fija por diámetro, no medido · stock 0 sin seguimiento (venta continua)"
10898642829645,oyl260416367-20-audi,Juego de 4 llantas 20 pulgadas Audi – OYL260416367,OYL260416367,wheel-design-102,audi,AUDIA6 Avant 海外版-2025/改）,20,,5x112,35,66.5,B,52.0,KILOGRAMS,999.00,,,0,CONTINUE,False,True,1,1,620,591,https://cdn.shopify.com/s/files/1/0995/6920/5581/files/wheel-design-102_37e5e182-42db-44c5-883c-95f5db63d5f9.png,Juego de 4 llantas 20 pulgadas Audi – OYL260416367,llantas-20-pulgadas|llantas-audi,5x112|audi|color-b|et-35|llantas|llantas-20,10,"Llantas 20"" Audi | Juego de 4","Juego de 4 llantas 20X90, 5X112, ET +35, compatible de forma orientativa con AUDIA6 Avant 海外版-2025/改）. Precio cerrado y entrega a domicilio.",DRAFT,ninguno,2026-09-18T16:21:31Z,50,"imagen 620x591 (por debajo de 800x800) · chino del proveedor visible en la descripción · chino del proveedor visible en la meta description · anchura ausente · sin coste de proveedor registrado · precio = escalera fija por diámetro, no verificado como PVP · peso = escalera fija por diámetro, no medido · stock 0 sin seguimiento (venta continua)"
10898642895181,oyl260416368-21-audi,Juego de 4 llantas 21 pulgadas Audi – OYL260416368,OYL260416368,wheel-design-102,audi,AUDIA6 Avant 海外版-2025/改）,21,9.0,5x112,25,66.5,B,56.0,KILOGRAMS,1099.00,,,0,CONTINUE,False,True,1,1,620,591,https://cdn.shopify.com/s/files/1/0995/6920/5581/files/wheel-design-102_7139537f-929e-42e6-98bf-66293be75c68.png,"Juego de llantas 21X9.0 Audi, referencia OYL260416368",llantas-21-pulgadas|llantas-audi,5x112|audi|color-b|et-25|llantas|llantas-21,11,"Llantas 21"" Audi | Juego de 4","Juego de 4 llantas 21X9.0, 5X112, ET +25, compatible de forma orientativa con AUDIA6 Avant 海外版-2025/改）. Precio cerrado y entrega a domicilio.",DRAFT,ninguno,2026-09-18T16:21:31Z,60,"imagen 620x591 (por debajo de 800x800) · chino del proveedor visible en la descripción · chino del proveedor visible en la meta description · sin coste de proveedor registrado · precio = escalera fija por diámetro, no verificado como PVP · peso = escalera fija por diámetro, no medido · stock 0 sin seguimiento (venta continua)"
10898642960717,oyl260416369-20-audi,Juego de 4 llantas 20 pulgadas Audi – OYL260416369,OYL260416369,wheel-design-103,audi,AUDIS5,20,9.0,5x112,30,66.45,MB,52.0,KILOGRAMS,999.00,,,0,CONTINUE,False,True,1,1,630,600,https://cdn.shopify.com/s/files/1/0995/6920/5581/files/wheel-design-103_49fcdc83-64a9-474a-ab58-275e8652c167.png,"Juego de llantas 20X9.0 Audi, referencia OYL260416369",llantas-20-pulgadas|llantas-audi,5x112|audi|color-mb|et-30|llantas|llantas-20,11,"Llantas 20"" Audi | Juego de 4","Juego de 4 llantas 20X9.0, 5X112, ET +30, compatible de forma orientativa con AUDIS5. Precio cerrado y entrega a domicilio.",DRAFT,ninguno,2026-09-18T16:21:32Z,75,"imagen 630x600 (por debajo de 800x800) · sin coste de proveedor registrado · precio = escalera fija por diámetro, no verificado como PVP · peso = escalera fija por diámetro, no medido · stock 0 sin seguimiento (venta continua)"
10898643026253,oyl260416370-21-audi,Juego de 4 llantas 21 pulgadas Audi – OYL260416370,OYL260416370,wheel-design-103,audi,AUDISQ5/SQ7-2025/改,21,9.0,5x112,25,66.5,MB,56.0,KILOGRAMS,1099.00,,,0,CONTINUE,False,True,1,1,630,600,https://cdn.shopify.com/s/files/1/0995/6920/5581/files/wheel-design-103_522c697f-040f-4adc-9b48-a34443061913.png,"Juego de llantas 21X9.0 Audi, referencia OYL260416370",llantas-21-pulgadas|llantas-audi,5x112|audi|color-mb|et-25|llantas|llantas-21,11,"Llantas 21"" Audi | Juego de 4","Juego de 4 llantas 21X9.0, 5X112, ET +25, compatible de forma orientativa con AUDISQ5/SQ7-2025/改. Precio cerrado y entrega a domicilio.",DRAFT,ninguno,2026-09-18T16:21:32Z,60,"imagen 630x600 (por debajo de 800x800) · chino del proveedor visible en la descripción · chino del proveedor visible en la meta description · sin coste de proveedor registrado · precio = escalera fija por diámetro, no verificado como PVP · peso = escalera fija por diámetro, no medido · stock 0 sin seguimiento (venta continua)"
10898643091789,oyl260416371-22-audi,Juego de 4 llantas 22 pulgadas Audi – OYL260416371,OYL260416371,wheel-design-103,audi,AUDISQ5/SQ7-2025/改,22,10.0,5x112,25,66.5,MB,60.0,KILOGRAMS,1249.00,,,0,CONTINUE,False,True,1,1,630,600,https://cdn.shopify.com/s/files/1/0995/6920/5581/files/wheel-design-103_70bd181b-ad88-4922-91be-109e9cae385a.png,"Juego de llantas 22X10 Audi, referencia OYL260416371",llantas-22-pulgadas|llantas-audi,5x112|audi|color-mb|et-25|llantas|llantas-22,11,"Llantas 22"" Audi | Juego de 4","Juego de 4 llantas 22X10, 5X112, ET +25, compatible de forma orientativa con AUDISQ5/SQ7-2025/改. Precio cerrado y entrega a domicilio.",DRAFT,ninguno,2026-09-18T16:21:33Z,60,"imagen 630x600 (por debajo de 800x800) · chino del proveedor visible en la descripción · chino del proveedor visible en la meta description · sin coste de proveedor registrado · precio = escalera fija por diámetro, no verificado como PVP · peso = escalera fija por diámetro, no medido · stock 0 sin seguimiento (venta continua)"
10898643157325,oyl260416372-19-audi,Juego de 4 llantas 19 pulgadas Audi – OYL260416372,OYL260416372,sin-diseno,audi,AUDIRS5 Avant-2025/改,19,8.5,5x112,35,66.45,MB,48.0,KILOGRAMS,899.00,,,0,CONTINUE,False,True,1,1,,,,"Juego de llantas 19X8.5 Audi, referencia OYL260416372",llantas-19-pulgadas|llantas-audi,5x112|audi|color-mb|et-35|llantas|llantas-19,11,"Llantas 19"" Audi | Juego de 4","Juego de 4 llantas 19X8.5, 5X112, ET +35, compatible de forma orientativa con AUDIRS5 Avant-2025/改. Precio cerrado y entrega a domicilio.",DRAFT,ninguno,2026-09-18T16:21:33Z,60,"sin imagen · chino del proveedor visible en la descripción · chino del proveedor visible en la meta description · sin coste de proveedor registrado · precio = escalera fija por diámetro, no verificado como PVP · peso = escalera fija por diámetro, no medido · stock 0 sin seguimiento (venta continua)"
10898643190093,oyl260416373-20-audi,Juego de 4 llantas 20 pulgadas Audi – OYL260416373,OYL260416373,wheel-design-104,audi,AUDIRS5 Avant-2025/改,20,9.0,5x112,35,66.45,MB,52.0,KILOGRAMS,999.00,,,0,CONTINUE,False,True,1,1,176,39,https://cdn.shopify.com/s/files/1/0995/6920/5581/files/wheel-design-104_5ad24f6c-a7a3-4f0c-95a1-4022639911ee.png,"Juego de llantas 20X9.0 Audi, referencia OYL260416373",llantas-20-pulgadas|llantas-audi,5x112|audi|color-mb|et-35|llantas|llantas-20,11,"Llantas 20"" Audi | Juego de 4","Juego de 4 llantas 20X9.0, 5X112, ET +35, compatible de forma orientativa con AUDIRS5 Avant-2025/改. Precio cerrado y entrega a domicilio.",DRAFT,ninguno,2026-09-18T16:21:34Z,60,"imagen 176x39 (por debajo de 800x800) · chino del proveedor visible en la descripción · chino del proveedor visible en la meta description · sin coste de proveedor registrado · precio = escalera fija por diámetro, no verificado como PVP · peso = escalera fija por diámetro, no medido · stock 0 sin seguimiento (venta continua)"
10898643288397,oyl260416374-20-audi,Juego de 4 llantas 20 pulgadas Audi – OYL260416374,OYL260416374,wheel-design-104,audi,AUDIRS5 Avant-2025/改,20,9.0,5x112,30,66.45,MS,52.0,KILOGRAMS,999.00,,,0,CONTINUE,False,True,1,1,176,39,https://cdn.shopify.com/s/files/1/0995/6920/5581/files/wheel-design-104_337941b3-17ca-443e-a4b7-a0c7aa5c3128.png,"Juego de llantas 20X9.0 Audi, referencia OYL260416374",llantas-20-pulgadas|llantas-audi,5x112|audi|color-ms|et-30|llantas|llantas-20,11,"Llantas 20"" Audi | Juego de 4","Juego de 4 llantas 20X9.0, 5X112, ET +30, compatible de forma orientativa con AUDIRS5 Avant-2025/改. Precio cerrado y entrega a domicilio.",DRAFT,ninguno,2026-09-18T16:21:34Z,60,"imagen 176x39 (por debajo de 800x800) · chino del proveedor visible en la descripción · chino del proveedor visible en la meta description · sin coste de proveedor registrado · precio = escalera fija por diámetro, no verificado como PVP · peso = escalera fija por diámetro, no medido · stock 0 sin seguimiento (venta continua)"
10898643321165,oyl260416375-20-vehiculos-europeos,Juego de 4 llantas 20 pulgadas Vehículos europeos – OYL260416375,OYL260416375,wheel-design-104,,Consultar,20,9.0,5x112,35,66.6,SGMF,52.0,KILOGRAMS,999.00,,,0,CONTINUE,False,True,1,1,176,39,https://cdn.shopify.com/s/files/1/0995/6920/5581/files/wheel-design-104_e5e6fa2e-8532-4dc1-aed5-8714b339104d.png,"Juego de llantas 20X9.0 Vehículos europeos, referencia OYL260416375",llantas-20-pulgadas,5x112|color-sgmf|et-35|llantas|llantas-20|vehículos-europeos,11,"Llantas 20"" Vehículos europeos | Juego de 4","Juego de 4 llantas 20X9.0, 5X112, ET +35, compatible de forma orientativa con Vehículos europeos. Precio cerrado y entrega a domicilio.",DRAFT,ninguno,2026-09-18T16:21:35Z,75,"imagen 176x39 (por debajo de 800x800) · sin coste de proveedor registrado · precio = escalera fija por diámetro, no verificado como PVP · peso = escalera fija por diámetro, no medido · stock 0 sin seguimiento (venta continua)"
10898643353933,oyl260416376-20-vehiculos-europeos,Juego de 4 llantas 20 pulgadas Vehículos europeos – OYL260416376,OYL260416376,wheel-design-104,,Consultar,20,9.0,5x112,35,66.6,SGMF,52.0,KILOGRAMS,999.00,,,0,CONTINUE,False,True,1,1,176,39,https://cdn.shopify.com/s/files/1/0995/6920/5581/files/wheel-design-104_ddecad7f-bb60-44e9-a809-0bdd8fc59bfe.png,"Juego de llantas 20X9.0 Vehículos europeos, referencia OYL260416376",llantas-20-pulgadas,5x112|color-sgmf|et-35|llantas|llantas-20|vehículos-europeos,11,"Llantas 20"" Vehículos europeos | Juego de 4","Juego de 4 llantas 20X9.0, 5X112, ET +35, compatible de forma orientativa con Vehículos europeos. Precio cerrado y entrega a domicilio.",DRAFT,ninguno,2026-09-18T16:21:35Z,75,"imagen 176x39 (por debajo de 800x800) · sin coste de proveedor registrado · precio = escalera fija por diámetro, no verificado como PVP · peso = escalera fija por diámetro, no medido · stock 0 sin seguimiento (venta continua)"
10898643419469,oyl260416377-21-audi,Juego de 4 llantas 21 pulgadas Audi – OYL260416377,OYL260416377,sin-diseno,audi,AUDIRS5 Avant-2025/改,21,9.0,5x112,25,66.45,MB,56.0,KILOGRAMS,1099.00,,,0,CONTINUE,False,True,1,1,,,,"Juego de llantas 21X9.0 Audi, referencia OYL260416377",llantas-21-pulgadas|llantas-audi,5x112|audi|color-mb|et-25|llantas|llantas-21,11,"Llantas 21"" Audi | Juego de 4","Juego de 4 llantas 21X9.0, 5X112, ET +25, compatible de forma orientativa con AUDIRS5 Avant-2025/改. Precio cerrado y entrega a domicilio.",DRAFT,ninguno,2026-09-18T16:21:36Z,60,"sin imagen · chino del proveedor visible en la descripción · chino del proveedor visible en la meta description · sin coste de proveedor registrado · precio = escalera fija por diámetro, no verificado como PVP · peso = escalera fija por diámetro, no medido · stock 0 sin seguimiento (venta continua)"
10898643485005,oyl260416378-21-vehiculos-europeos,Juego de 4 llantas 21 pulgadas Vehículos europeos – OYL260416378,OYL260416378,wheel-design-104,,Consultar,21,9.0,5x112,35,66.6,SGMF,56.0,KILOGRAMS,1099.00,,,0,CONTINUE,False,True,1,1,176,39,https://cdn.shopify.com/s/files/1/0995/6920/5581/files/wheel-design-104_264ea1fb-ab0e-43e5-8740-64af083c53d8.png,"Juego de llantas 21X9.0 Vehículos europeos, referencia OYL260416378",llantas-21-pulgadas,5x112|color-sgmf|et-35|llantas|llantas-21|vehículos-europeos,11,"Llantas 21"" Vehículos europeos | Juego de 4","Juego de 4 llantas 21X9.0, 5X112, ET +35, compatible de forma orientativa con Vehículos europeos. Precio cerrado y entrega a domicilio.",DRAFT,ninguno,2026-09-18T16:21:36Z,75,"imagen 176x39 (por debajo de 800x800) · sin coste de proveedor registrado · precio = escalera fija por diámetro, no verificado como PVP · peso = escalera fija por diámetro, no medido · stock 0 sin seguimiento (venta continua)"
10898643517773,oyl260416379-20-audi,Juego de 4 llantas 20 pulgadas Audi – OYL260416379,OYL260416379,wheel-design-105,audi,AUDIS3-2021-22海外版/改）,20,9.0,5x112,30,66.45,MB,52.0,KILOGRAMS,999.00,,,0,CONTINUE,False,True,1,1,628,592,https://cdn.shopify.com/s/files/1/0995/6920/5581/files/wheel-design-105_8ba6f693-0851-46d5-8224-c81d332e62a2.png,"Juego de llantas 20X9.0 Audi, referencia OYL260416379",llantas-20-pulgadas|llantas-audi,5x112|audi|color-mb|et-30|llantas|llantas-20,11,"Llantas 20"" Audi | Juego de 4","Juego de 4 llantas 20X9.0, 5X112, ET +30, compatible de forma orientativa con AUDIS3-2021-22海外版/改）. Precio cerrado y entrega a domicilio.",DRAFT,ninguno,2026-09-18T16:21:37Z,60,"imagen 628x592 (por debajo de 800x800) · chino del proveedor visible en la descripción · chino del proveedor visible en la meta description · sin coste de proveedor registrado · precio = escalera fija por diámetro, no verificado como PVP · peso = escalera fija por diámetro, no medido · stock 0 sin seguimiento (venta continua)"
10898643583309,oyl260416380-18-volkswagen,Juego de 4 llantas 18 pulgadas Volkswagen – OYL260416380,OYL260416380,wheel-design-106,volkswagen,VW途观/高尔夫8 R-line/改,18,8.0,5x112,35,57.1,MB,44.0,KILOGRAMS,799.00,,,0,CONTINUE,False,True,1,1,206,192,https://cdn.shopify.com/s/files/1/0995/6920/5581/files/wheel-design-106_66a9d457-8fa7-4b1a-84b7-1cdd76d98954.png,"Juego de llantas 18X8.0 Volkswagen, referencia OYL260416380",llantas-18-pulgadas|llantas-volkswagen,5x112|color-mb|et-35|llantas|llantas-18|volkswagen,11,"Llantas 18"" Volkswagen | Juego de 4","Juego de 4 llantas 18X8.0, 5X112, ET +35, compatible de forma orientativa con VW途观/高尔夫8 R-line/改. Precio cerrado y entrega a domicilio.",DRAFT,ninguno,2026-09-18T16:21:37Z,60,"imagen 206x192 (por debajo de 800x800) · chino del proveedor visible en la descripción · chino del proveedor visible en la meta description · sin coste de proveedor registrado · precio = escalera fija por diámetro, no verificado como PVP · peso = escalera fija por diámetro, no medido · stock 0 sin seguimiento (venta continua)"
10898643616077,oyl260416381-18-volkswagen,Juego de 4 llantas 18 pulgadas Volkswagen – OYL260416381,OYL260416381,wheel-design-106,volkswagen,VW途观/高尔夫8 R-line/改,18,8.0,5x112,35,57.1,SMH,44.0,KILOGRAMS,799.00,,,0,CONTINUE,False,True,1,1,206,192,https://cdn.shopify.com/s/files/1/0995/6920/5581/files/wheel-design-106_5ce1971d-a985-4ef5-9121-c98b6e87eb06.png,"Juego de llantas 18X8.0 Volkswagen, referencia OYL260416381",llantas-18-pulgadas|llantas-volkswagen,5x112|color-smh|et-35|llantas|llantas-18|volkswagen,11,"Llantas 18"" Volkswagen | Juego de 4","Juego de 4 llantas 18X8.0, 5X112, ET +35, compatible de forma orientativa con VW途观/高尔夫8 R-line/改. Precio cerrado y entrega a domicilio.",DRAFT,ninguno,2026-09-18T16:21:38Z,60,"imagen 206x192 (por debajo de 800x800) · chino del proveedor visible en la descripción · chino del proveedor visible en la meta description · sin coste de proveedor registrado · precio = escalera fija por diámetro, no verificado como PVP · peso = escalera fija por diámetro, no medido · stock 0 sin seguimiento (venta continua)"
10898643681613,oyl260416382-19-volkswagen,Juego de 4 llantas 19 pulgadas Volkswagen – OYL260416382,OYL260416382,wheel-design-106,volkswagen,VW途观/高尔夫8 R-line/改,19,8.5,5x112,35,57.1,MB,48.0,KILOGRAMS,899.00,,,0,CONTINUE,False,True,1,1,206,192,https://cdn.shopify.com/s/files/1/0995/6920/5581/files/wheel-design-106_4d013300-300e-4e10-903d-bba1cdfd86b0.png,"Juego de llantas 19X8.5 Volkswagen, referencia OYL260416382",llantas-19-pulgadas|llantas-volkswagen,5x112|color-mb|et-35|llantas|llantas-19|volkswagen,11,"Llantas 19"" Volkswagen | Juego de 4","Juego de 4 llantas 19X8.5, 5X112, ET +35, compatible de forma orientativa con VW途观/高尔夫8 R-line/改. Precio cerrado y entrega a domicilio.",DRAFT,ninguno,2026-09-18T16:21:38Z,60,"imagen 206x192 (por debajo de 800x800) · chino del proveedor visible en la descripción · chino del proveedor visible en la meta description · sin coste de proveedor registrado · precio = escalera fija por diámetro, no verificado como PVP · peso = escalera fija por diámetro, no medido · stock 0 sin seguimiento (venta continua)"
10898643747149,oyl260416383-19-mercedes-benz,Juego de 4 llantas 19 pulgadas Mercedes-Benz – OYL260416383,OYL260416383,wheel-design-107,mercedes-benz,BENZ AMG C63,19,8.5,5x112,36,66.5,MIYB,48.0,KILOGRAMS,899.00,,,0,CONTINUE,False,True,1,1,619,593,https://cdn.shopify.com/s/files/1/0995/6920/5581/files/wheel-design-107_d1735218-e06e-43ed-979e-fc8dfe87cfbe.png,"Juego de llantas 19X8.5 Mercedes-Benz, referencia OYL260416383",llantas-19-pulgadas|llantas-mercedes-benz,5x112|color-miyb|et-36|llantas|llantas-19|mercedes-benz,11,"Llantas 19"" Mercedes-Benz | Juego de 4","Juego de 4 llantas 19X8.5, 5X112, ET +36, compatible de forma orientativa con BENZ AMG C63. Precio cerrado y entrega a domicilio.",DRAFT,ninguno,2026-09-18T16:21:39Z,75,"imagen 619x593 (por debajo de 800x800) · sin coste de proveedor registrado · precio = escalera fija por diámetro, no verificado como PVP · peso = escalera fija por diámetro, no medido · stock 0 sin seguimiento (venta continua)"
10898643812685,oyl260416384-19-mercedes-benz,Juego de 4 llantas 19 pulgadas Mercedes-Benz – OYL260416384,OYL260416384,wheel-design-107,mercedes-benz,BENZ AMG C63,19,9.5,5x112,43,66.5,MIYB,48.0,KILOGRAMS,899.00,,,0,CONTINUE,False,True,1,1,619,593,https://cdn.shopify.com/s/files/1/0995/6920/5581/files/wheel-design-107_1042d9fe-95e8-452f-a41a-32953932ad5e.png,Juego de 4 llantas 19 pulgadas Mercedes-Benz – OYL260416384,llantas-19-pulgadas|llantas-mercedes-benz,5x112|color-miyb|et-43|llantas|llantas-19|mercedes-benz,11,"Llantas 19"" Mercedes-Benz | Juego de 4","Juego de 4 llantas 19X9.5, 5X112, ET +43, compatible de forma orientativa con BENZ AMG C63. Precio cerrado y entrega a domicilio.",DRAFT,ninguno,2026-09-18T16:21:39Z,75,"imagen 619x593 (por debajo de 800x800) · sin coste de proveedor registrado · precio = escalera fija por diámetro, no verificado como PVP · peso = escalera fija por diámetro, no medido · stock 0 sin seguimiento (venta continua)"
10898643845453,oyl260416385-20-mercedes-benz,Juego de 4 llantas 20 pulgadas Mercedes-Benz – OYL260416385,OYL260416385,wheel-design-107,mercedes-benz,BENZ AMG C63,20,8.5,5x112,36,66.5,MIYB,52.0,KILOGRAMS,999.00,,,0,CONTINUE,False,True,1,1,619,593,https://cdn.shopify.com/s/files/1/0995/6920/5581/files/wheel-design-107_281d60cb-fc2e-48e8-b7df-315cb7a25d63.png,"Juego de llantas 20X8.5 Mercedes-Benz, referencia OYL260416385",llantas-20-pulgadas|llantas-mercedes-benz,5x112|color-miyb|et-36|llantas|llantas-20|mercedes-benz,11,"Llantas 20"" Mercedes-Benz | Juego de 4","Juego de 4 llantas 20X8.5, 5X112, ET +36, compatible de forma orientativa con BENZ AMG C63. Precio cerrado y entrega a domicilio.",DRAFT,ninguno,2026-09-18T16:21:40Z,75,"imagen 619x593 (por debajo de 800x800) · sin coste de proveedor registrado · precio = escalera fija por diámetro, no verificado como PVP · peso = escalera fija por diámetro, no medido · stock 0 sin seguimiento (venta continua)"
10898643910989,oyl260416386-20-mercedes-benz,Juego de 4 llantas 20 pulgadas Mercedes-Benz – OYL260416386,OYL260416386,wheel-design-107,mercedes-benz,BENZ AMG C63,20,9.5,5x112,43,66.5,MIYB,52.0,KILOGRAMS,999.00,,,0,CONTINUE,False,True,1,1,619,593,https://cdn.shopify.com/s/files/1/0995/6920/5581/files/wheel-design-107_36424b6b-f8ce-4290-b013-71a5b790213f.png,Juego de 4 llantas 20 pulgadas Mercedes-Benz – OYL260416386,llantas-20-pulgadas|llantas-mercedes-benz,5x112|color-miyb|et-43|llantas|llantas-20|mercedes-benz,11,"Llantas 20"" Mercedes-Benz | Juego de 4","Juego de 4 llantas 20X9.5, 5X112, ET +43, compatible de forma orientativa con BENZ AMG C63. Precio cerrado y entrega a domicilio.",DRAFT,ninguno,2026-09-18T16:21:40Z,75,"imagen 619x593 (por debajo de 800x800) · sin coste de proveedor registrado · precio = escalera fija por diámetro, no verificado como PVP · peso = escalera fija por diámetro, no medido · stock 0 sin seguimiento (venta continua)"
10898643976525,oyl260416387-19-mercedes-benz,Juego de 4 llantas 19 pulgadas Mercedes-Benz – OYL260416387,OYL260416387,wheel-design-108,mercedes-benz,BENZ AMG CLE53-2024-25/改,19,8.5,5x112,36,66.5,MIYB,48.0,KILOGRAMS,899.00,,,0,CONTINUE,False,True,1,1,204,193,https://cdn.shopify.com/s/files/1/0995/6920/5581/files/wheel-design-108_df6548e1-5a38-4894-a35d-2275c900a4cf.png,"Juego de llantas 19X8.5 Mercedes-Benz, referencia OYL260416387",llantas-19-pulgadas|llantas-mercedes-benz,5x112|color-miyb|et-36|llantas|llantas-19|mercedes-benz,11,"Llantas 19"" Mercedes-Benz | Juego de 4","Juego de 4 llantas 19X8.5, 5X112, ET +36, compatible de forma orientativa con BENZ AMG CLE53-2024-25/改. Precio cerrado y entrega a domicilio.",DRAFT,ninguno,2026-09-18T16:21:41Z,60,"imagen 204x193 (por debajo de 800x800) · chino del proveedor visible en la descripción · chino del proveedor visible en la meta description · sin coste de proveedor registrado · precio = escalera fija por diámetro, no verificado como PVP · peso = escalera fija por diámetro, no medido · stock 0 sin seguimiento (venta continua)"
10898644009293,oyl260416388-20-mercedes-benz,Juego de 4 llantas 20 pulgadas Mercedes-Benz – OYL260416388,OYL260416388,wheel-design-108,mercedes-benz,BENZ AMG CLE53-2024-25/改,20,8.5,5x112,36,66.5,MIYB,52.0,KILOGRAMS,999.00,,,0,CONTINUE,False,True,1,1,204,193,https://cdn.shopify.com/s/files/1/0995/6920/5581/files/wheel-design-108_45fefd05-0e19-44e1-bde1-a3236d25e56b.png,"Juego de llantas 20X8.5 Mercedes-Benz, referencia OYL260416388",llantas-20-pulgadas|llantas-mercedes-benz,5x112|color-miyb|et-36|llantas|llantas-20|mercedes-benz,11,"Llantas 20"" Mercedes-Benz | Juego de 4","Juego de 4 llantas 20X8.5, 5X112, ET +36, compatible de forma orientativa con BENZ AMG CLE53-2024-25/改. Precio cerrado y entrega a domicilio.",DRAFT,ninguno,2026-09-18T16:21:41Z,60,"imagen 204x193 (por debajo de 800x800) · chino del proveedor visible en la descripción · chino del proveedor visible en la meta description · sin coste de proveedor registrado · precio = escalera fija por diámetro, no verificado como PVP · peso = escalera fija por diámetro, no medido · stock 0 sin seguimiento (venta continua)"
10898644042061,oyl260416389-20-mercedes-benz,Juego de 4 llantas 20 pulgadas Mercedes-Benz – OYL260416389,OYL260416389,wheel-design-108,mercedes-benz,BENZ AMG CLE53-2024-25/改,20,9.5,5x112,43,66.5,MIYB,52.0,KILOGRAMS,999.00,,,0,CONTINUE,False,True,1,1,204,193,https://cdn.shopify.com/s/files/1/0995/6920/5581/files/wheel-design-108_835016d2-619b-4903-93c3-eb108aea6278.png,"Juego de llantas 20X9.5 Mercedes-Benz, referencia OYL260416389",llantas-20-pulgadas|llantas-mercedes-benz,5x112|color-miyb|et-43|llantas|llantas-20|mercedes-benz,11,"Llantas 20"" Mercedes-Benz | Juego de 4","Juego de 4 llantas 20X9.5, 5X112, ET +43, compatible de forma orientativa con BENZ AMG CLE53-2024-25/改. Precio cerrado y entrega a domicilio.",DRAFT,ninguno,2026-09-18T16:21:42Z,60,"imagen 204x193 (por debajo de 800x800) · chino del proveedor visible en la descripción · chino del proveedor visible en la meta description · sin coste de proveedor registrado · precio = escalera fija por diámetro, no verificado como PVP · peso = escalera fija por diámetro, no medido · stock 0 sin seguimiento (venta continua)"
10898644074829,oyl260416390-17-volkswagen,Juego de 4 llantas 17 pulgadas Volkswagen – OYL260416390,OYL260416390,wheel-design-109,volkswagen,VW高尔夫R海外版-2025/改,17,7.5,5x112,38,57.1,MB,40.0,KILOGRAMS,699.00,,,0,CONTINUE,False,True,1,1,198,183,https://cdn.shopify.com/s/files/1/0995/6920/5581/files/wheel-design-109_e9e791bf-da62-4623-99da-18afcce5ea26.png,"Juego de llantas 17X7.5 Volkswagen, referencia OYL260416390",llantas-17-pulgadas|llantas-volkswagen,5x112|color-mb|et-38|llantas|llantas-17|volkswagen,11,"Llantas 17"" Volkswagen | Juego de 4","Juego de 4 llantas 17X7.5, 5X112, ET +38, compatible de forma orientativa con VW高尔夫R海外版-2025/改. Precio cerrado y entrega a domicilio.",DRAFT,ninguno,2026-09-18T16:21:43Z,60,"imagen 198x183 (por debajo de 800x800) · chino del proveedor visible en la descripción · chino del proveedor visible en la meta description · sin coste de proveedor registrado · precio = escalera fija por diámetro, no verificado como PVP · peso = escalera fija por diámetro, no medido · stock 0 sin seguimiento (venta continua)"
10898644107597,oyl260416391-19-mercedes-benz,Juego de 4 llantas 19 pulgadas Mercedes-Benz – OYL260416391,OYL260416391,wheel-design-110,mercedes-benz,BENZ AMG GT-2024/E350/改；,19,8.5,5x112,36,66.5,MIYB,48.0,KILOGRAMS,899.00,,,0,CONTINUE,False,True,1,1,351,300,https://cdn.shopify.com/s/files/1/0995/6920/5581/files/wheel-design-110_74266fa5-3be7-4f9f-878a-101883e70741.png,"Juego de llantas 19X8.5 Mercedes-Benz, referencia OYL260416391",llantas-19-pulgadas|llantas-mercedes-benz,5x112|color-miyb|et-36|llantas|llantas-19|mercedes-benz,11,"Llantas 19"" Mercedes-Benz | Juego de 4","Juego de 4 llantas 19X8.5, 5X112, ET +36, compatible de forma orientativa con BENZ AMG GT-2024/E350/改；. Precio cerrado y entrega a domicilio.",DRAFT,ninguno,2026-09-18T16:21:43Z,60,"imagen 351x300 (por debajo de 800x800) · chino del proveedor visible en la descripción · chino del proveedor visible en la meta description · sin coste de proveedor registrado · precio = escalera fija por diámetro, no verificado como PVP · peso = escalera fija por diámetro, no medido · stock 0 sin seguimiento (venta continua)"
10898644140365,oyl260416392-19-mercedes-benz,Juego de 4 llantas 19 pulgadas Mercedes-Benz – OYL260416392,OYL260416392,wheel-design-110,mercedes-benz,BENZ AMG GT-2024/E350/改；,19,9.5,5x112,43,66.5,MIYB,48.0,KILOGRAMS,899.00,,,0,CONTINUE,False,True,1,1,351,300,https://cdn.shopify.com/s/files/1/0995/6920/5581/files/wheel-design-110_571fbe65-7bf4-4042-84cc-75ac8031e091.png,Juego de 4 llantas 19 pulgadas Mercedes-Benz – OYL260416392,llantas-19-pulgadas|llantas-mercedes-benz,5x112|color-miyb|et-43|llantas|llantas-19|mercedes-benz,11,"Llantas 19"" Mercedes-Benz | Juego de 4","Juego de 4 llantas 19X9.5, 5X112, ET +43, compatible de forma orientativa con BENZ AMG GT-2024/E350/改；. Precio cerrado y entrega a domicilio.",DRAFT,ninguno,2026-09-18T16:21:44Z,60,"imagen 351x300 (por debajo de 800x800) · chino del proveedor visible en la descripción · chino del proveedor visible en la meta description · sin coste de proveedor registrado · precio = escalera fija por diámetro, no verificado como PVP · peso = escalera fija por diámetro, no medido · stock 0 sin seguimiento (venta continua)"
10898644173133,oyl260416393-20-mercedes-benz,Juego de 4 llantas 20 pulgadas Mercedes-Benz – OYL260416393,OYL260416393,wheel-design-110,mercedes-benz,BENZ AMG GT-2024/E350/改；,20,8.5,5x112,36,66.5,MIYB,52.0,KILOGRAMS,999.00,,,0,CONTINUE,False,True,1,1,351,300,https://cdn.shopify.com/s/files/1/0995/6920/5581/files/wheel-design-110_917e81a7-5e69-445c-b937-69baa58a2775.png,"Juego de llantas 20X8.5 Mercedes-Benz, referencia OYL260416393",llantas-20-pulgadas|llantas-mercedes-benz,5x112|color-miyb|et-36|llantas|llantas-20|mercedes-benz,11,"Llantas 20"" Mercedes-Benz | Juego de 4","Juego de 4 llantas 20X8.5, 5X112, ET +36, compatible de forma orientativa con BENZ AMG GT-2024/E350/改；. Precio cerrado y entrega a domicilio.",DRAFT,ninguno,2026-09-18T16:21:44Z,60,"imagen 351x300 (por debajo de 800x800) · chino del proveedor visible en la descripción · chino del proveedor visible en la meta description · sin coste de proveedor registrado · precio = escalera fija por diámetro, no verificado como PVP · peso = escalera fija por diámetro, no medido · stock 0 sin seguimiento (venta continua)"
10898644205901,oyl260416394-20-mercedes-benz,Juego de 4 llantas 20 pulgadas Mercedes-Benz – OYL260416394,OYL260416394,wheel-design-111,mercedes-benz,BENZ E/S/改,20,8.5,5x112,36,66.5,MIYB,52.0,KILOGRAMS,999.00,,,0,CONTINUE,False,True,1,1,663,628,https://cdn.shopify.com/s/files/1/0995/6920/5581/files/wheel-design-111_bc1d6a9d-14ad-4293-a9f3-97ce684fabe3.png,Juego de 4 llantas 20 pulgadas Mercedes-Benz – OYL260416394,llantas-20-pulgadas|llantas-mercedes-benz,5x112|color-miyb|et-36|llantas|llantas-20|mercedes-benz,11,"Llantas 20"" Mercedes-Benz | Juego de 4","Juego de 4 llantas 20X8.5, 5X112, ET +36, compatible de forma orientativa con BENZ E/S/改. Precio cerrado y entrega a domicilio.",DRAFT,ninguno,2026-09-18T16:21:45Z,60,"imagen 663x628 (por debajo de 800x800) · chino del proveedor visible en la descripción · chino del proveedor visible en la meta description · sin coste de proveedor registrado · precio = escalera fija por diámetro, no verificado como PVP · peso = escalera fija por diámetro, no medido · stock 0 sin seguimiento (venta continua)"
10898644238669,oyl260416395-20-mercedes-benz,Juego de 4 llantas 20 pulgadas Mercedes-Benz – OYL260416395,OYL260416395,wheel-design-111,mercedes-benz,BENZ E/S/改,20,9.5,5x112,43,66.5,MIYB,52.0,KILOGRAMS,999.00,,,0,CONTINUE,False,True,1,1,663,628,https://cdn.shopify.com/s/files/1/0995/6920/5581/files/wheel-design-111_c676610a-6710-44a2-b860-1c3b7780322c.png,"Juego de llantas 20X9.5 Mercedes-Benz, referencia OYL260416395",llantas-20-pulgadas|llantas-mercedes-benz,5x112|color-miyb|et-43|llantas|llantas-20|mercedes-benz,11,"Llantas 20"" Mercedes-Benz | Juego de 4","Juego de 4 llantas 20X9.5, 5X112, ET +43, compatible de forma orientativa con BENZ E/S/改. Precio cerrado y entrega a domicilio.",DRAFT,ninguno,2026-09-18T16:21:45Z,60,"imagen 663x628 (por debajo de 800x800) · chino del proveedor visible en la descripción · chino del proveedor visible en la meta description · sin coste de proveedor registrado · precio = escalera fija por diámetro, no verificado como PVP · peso = escalera fija por diámetro, no medido · stock 0 sin seguimiento (venta continua)"
10898644304205,oyl260416396-19-audi,Juego de 4 llantas 19 pulgadas Audi – OYL260416396,OYL260416396,wheel-design-112,audi,AUDIRS3 Sportback-2025/改,19,8.5,5x112,35,66.5,MB,48.0,KILOGRAMS,899.00,,,0,CONTINUE,False,True,1,1,673,630,https://cdn.shopify.com/s/files/1/0995/6920/5581/files/wheel-design-112_8f71401a-8480-4d53-8822-11f998fde42d.png,"Juego de llantas 19X8.5 Audi, referencia OYL260416396",llantas-19-pulgadas|llantas-audi,5x112|audi|color-mb|et-35|llantas|llantas-19,11,"Llantas 19"" Audi | Juego de 4","Juego de 4 llantas 19X8.5, 5X112, ET +35, compatible de forma orientativa con AUDIRS3 Sportback-2025/改. Precio cerrado y entrega a domicilio.",DRAFT,ninguno,2026-09-18T16:21:46Z,60,"imagen 673x630 (por debajo de 800x800) · chino del proveedor visible en la descripción · chino del proveedor visible en la meta description · sin coste de proveedor registrado · precio = escalera fija por diámetro, no verificado como PVP · peso = escalera fija por diámetro, no medido · stock 0 sin seguimiento (venta continua)"
10898644336973,oyl260416397-20-mercedes-benz,Juego de 4 llantas 20 pulgadas Mercedes-Benz – OYL260416397,OYL260416397,wheel-design-113,mercedes-benz,BENZ AMG G63-2025/改,20,8.5,5x112,36,66.5,MB,52.0,KILOGRAMS,999.00,,,0,CONTINUE,False,True,1,1,352,325,https://cdn.shopify.com/s/files/1/0995/6920/5581/files/wheel-design-113_4b5bbb6d-342a-4192-8f87-ac81dc855891.png,Juego de 4 llantas 20 pulgadas Mercedes-Benz – OYL260416397,llantas-20-pulgadas|llantas-mercedes-benz,5x112|color-mb|et-36|llantas|llantas-20|mercedes-benz,11,"Llantas 20"" Mercedes-Benz | Juego de 4","Juego de 4 llantas 20X8.5, 5X112, ET +36, compatible de forma orientativa con BENZ AMG G63-2025/改. Precio cerrado y entrega a domicilio.",DRAFT,ninguno,2026-09-18T16:21:46Z,60,"imagen 352x325 (por debajo de 800x800) · chino del proveedor visible en la descripción · chino del proveedor visible en la meta description · sin coste de proveedor registrado · precio = escalera fija por diámetro, no verificado como PVP · peso = escalera fija por diámetro, no medido · stock 0 sin seguimiento (venta continua)"
10898644369741,oyl260416398-20-mercedes-benz,Juego de 4 llantas 20 pulgadas Mercedes-Benz – OYL260416398,OYL260416398,wheel-design-113,mercedes-benz,BENZ AMG G63-2025/改,20,9.5,5x112,43,66.5,MB,52.0,KILOGRAMS,999.00,,,0,CONTINUE,False,True,1,1,352,325,https://cdn.shopify.com/s/files/1/0995/6920/5581/files/wheel-design-113_08dd46d3-ee89-4cbc-a84d-1123e46f1776.png,"Juego de llantas 20X9.5 Mercedes-Benz, referencia OYL260416398",llantas-20-pulgadas|llantas-mercedes-benz,5x112|color-mb|et-43|llantas|llantas-20|mercedes-benz,11,"Llantas 20"" Mercedes-Benz | Juego de 4","Juego de 4 llantas 20X9.5, 5X112, ET +43, compatible de forma orientativa con BENZ AMG G63-2025/改. Precio cerrado y entrega a domicilio.",DRAFT,ninguno,2026-09-18T16:21:47Z,60,"imagen 352x325 (por debajo de 800x800) · chino del proveedor visible en la descripción · chino del proveedor visible en la meta description · sin coste de proveedor registrado · precio = escalera fija por diámetro, no verificado como PVP · peso = escalera fija por diámetro, no medido · stock 0 sin seguimiento (venta continua)"
10898644435277,oyl260416399-20-mercedes-benz,Juego de 4 llantas 20 pulgadas Mercedes-Benz – OYL260416399,OYL260416399,wheel-design-113,mercedes-benz,BENZ AMG G63-2025/改,20,8.5,5x112,36,66.5,MG,52.0,KILOGRAMS,999.00,,,0,CONTINUE,False,True,1,1,352,325,https://cdn.shopify.com/s/files/1/0995/6920/5581/files/wheel-design-113_545b1e67-c68c-43b4-b4b7-b1e218f9552c.png,"Juego de llantas 20X8.5 Mercedes-Benz, referencia OYL260416399",llantas-20-pulgadas|llantas-mercedes-benz,5x112|color-mg|et-36|llantas|llantas-20|mercedes-benz,11,"Llantas 20"" Mercedes-Benz | Juego de 4","Juego de 4 llantas 20X8.5, 5X112, ET +36, compatible de forma orientativa con BENZ AMG G63-2025/改. Precio cerrado y entrega a domicilio.",DRAFT,ninguno,2026-09-18T16:21:47Z,60,"imagen 352x325 (por debajo de 800x800) · chino del proveedor visible en la descripción · chino del proveedor visible en la meta description · sin coste de proveedor registrado · precio = escalera fija por diámetro, no verificado como PVP · peso = escalera fija por diámetro, no medido · stock 0 sin seguimiento (venta continua)"
10898644468045,oyl260416400-20-mercedes-benz,Juego de 4 llantas 20 pulgadas Mercedes-Benz – OYL260416400,OYL260416400,wheel-design-113,mercedes-benz,BENZ AMG G63-2025/改,20,9.5,5x112,43,66.5,MG,52.0,KILOGRAMS,999.00,,,0,CONTINUE,False,True,1,1,352,325,https://cdn.shopify.com/s/files/1/0995/6920/5581/files/wheel-design-113_cc5a8500-8ab2-4c9b-a1a8-7396400d154d.png,"Juego de llantas 20X9.5 Mercedes-Benz, referencia OYL260416400",llantas-20-pulgadas|llantas-mercedes-benz,5x112|color-mg|et-43|llantas|llantas-20|mercedes-benz,11,"Llantas 20"" Mercedes-Benz | Juego de 4","Juego de 4 llantas 20X9.5, 5X112, ET +43, compatible de forma orientativa con BENZ AMG G63-2025/改. Precio cerrado y entrega a domicilio.",DRAFT,ninguno,2026-09-18T16:21:48Z,60,"imagen 352x325 (por debajo de 800x800) · chino del proveedor visible en la descripción · chino del proveedor visible en la meta description · sin coste de proveedor registrado · precio = escalera fija por diámetro, no verificado como PVP · peso = escalera fija por diámetro, no medido · stock 0 sin seguimiento (venta continua)"
10898644566349,oyl260416401-22-mercedes-benz,Juego de 4 llantas 22 pulgadas Mercedes-Benz – OYL260416401,OYL260416401,wheel-design-113,mercedes-benz,BENZ AMG G63-2025/改,22,10.0,5x130,36,84.1,MB,60.0,KILOGRAMS,1249.00,,,0,CONTINUE,False,True,1,1,352,325,https://cdn.shopify.com/s/files/1/0995/6920/5581/files/wheel-design-113_5457e1ed-b288-49c4-a7d3-4c3d6b1b1a8c.png,"Juego de llantas 22X10 Mercedes-Benz, referencia OYL260416401",llantas-22-pulgadas|llantas-mercedes-benz,5x130|color-mb|et-36|llantas|llantas-22|mercedes-benz,11,"Llantas 22"" Mercedes-Benz | Juego de 4","Juego de 4 llantas 22X10, 5X130, ET +36, compatible de forma orientativa con BENZ AMG G63-2025/改. Precio cerrado y entrega a domicilio.",DRAFT,ninguno,2026-09-18T16:21:49Z,60,"imagen 352x325 (por debajo de 800x800) · chino del proveedor visible en la descripción · chino del proveedor visible en la meta description · sin coste de proveedor registrado · precio = escalera fija por diámetro, no verificado como PVP · peso = escalera fija por diámetro, no medido · stock 0 sin seguimiento (venta continua)"
10898644599117,oyl260416402-22-mercedes-benz,Juego de 4 llantas 22 pulgadas Mercedes-Benz – OYL260416402,OYL260416402,wheel-design-113,mercedes-benz,BENZ AMG G63-2025/改,22,10.0,5x130,36,84.1,MATT BLACK MACHINED,60.0,KILOGRAMS,1249.00,,,0,CONTINUE,False,True,1,1,352,325,https://cdn.shopify.com/s/files/1/0995/6920/5581/files/wheel-design-113_c8f68c71-84fe-41a1-bd6c-8ee61295600b.png,"Juego de llantas 22X10 Mercedes-Benz, referencia OYL260416402",llantas-22-pulgadas|llantas-mercedes-benz,5x130|color-matt black machined|et-36|llantas|llantas-22|mercedes-benz,11,"Llantas 22"" Mercedes-Benz | Juego de 4","Juego de 4 llantas 22X10, 5X130, ET +36, compatible de forma orientativa con BENZ AMG G63-2025/改. Precio cerrado y entrega a domicilio.",DRAFT,ninguno,2026-09-18T16:21:49Z,60,"imagen 352x325 (por debajo de 800x800) · chino del proveedor visible en la descripción · chino del proveedor visible en la meta description · sin coste de proveedor registrado · precio = escalera fija por diámetro, no verificado como PVP · peso = escalera fija por diámetro, no medido · stock 0 sin seguimiento (venta continua)"
10898644631885,oyl260416403-20-bmw,Juego de 4 llantas 20 pulgadas BMW – OYL260416403,OYL260416403,wheel-design-114,bmw,BMW X3-2025/改,20,9.0,5x112,24,66.5,MB,52.0,KILOGRAMS,999.00,,,0,CONTINUE,False,True,1,1,327,304,https://cdn.shopify.com/s/files/1/0995/6920/5581/files/wheel-design-114_fc75ef4e-b991-4623-91d4-5da702e769cd.png,"Juego de llantas 20X9.0 BMW, referencia OYL260416403",llantas-20-pulgadas|llantas-bmw,5x112|bmw|color-mb|et-24|llantas|llantas-20,11,"Llantas 20"" BMW | Juego de 4","Juego de 4 llantas 20X9.0, 5X112, ET +24, compatible de forma orientativa con BMW X3-2025/改. Precio cerrado y entrega a domicilio.",DRAFT,ninguno,2026-09-18T16:21:50Z,60,"imagen 327x304 (por debajo de 800x800) · chino del proveedor visible en la descripción · chino del proveedor visible en la meta description · sin coste de proveedor registrado · precio = escalera fija por diámetro, no verificado como PVP · peso = escalera fija por diámetro, no medido · stock 0 sin seguimiento (venta continua)"
10898644664653,oyl260416404-20-bmw,Juego de 4 llantas 20 pulgadas BMW – OYL260416404,OYL260416404,wheel-design-114,bmw,BMW X3-2025/改,20,10.5,5x112,44,66.5,MB,52.0,KILOGRAMS,999.00,,,0,CONTINUE,False,True,1,1,327,304,https://cdn.shopify.com/s/files/1/0995/6920/5581/files/wheel-design-114_54e575b2-d79f-4846-b511-e557e71be33b.png,"Juego de llantas 20X10.5 BMW, referencia OYL260416404",llantas-20-pulgadas|llantas-bmw,5x112|bmw|color-mb|et-44|llantas|llantas-20,11,"Llantas 20"" BMW | Juego de 4","Juego de 4 llantas 20X10.5, 5X112, ET +44, compatible de forma orientativa con BMW X3-2025/改. Precio cerrado y entrega a domicilio.",DRAFT,ninguno,2026-09-18T16:21:50Z,60,"imagen 327x304 (por debajo de 800x800) · chino del proveedor visible en la descripción · chino del proveedor visible en la meta description · sin coste de proveedor registrado · precio = escalera fija por diámetro, no verificado como PVP · peso = escalera fija por diámetro, no medido · stock 0 sin seguimiento (venta continua)"
10898644730189,oyl260416405-18-volkswagen,Juego de 4 llantas 18 pulgadas Volkswagen – OYL260416405,OYL260416405,wheel-design-115,volkswagen,VW高尔夫GTI-2025/改,18,8.0,5x112,40,57.1,MB,44.0,KILOGRAMS,799.00,,,0,CONTINUE,False,True,1,1,341,318,https://cdn.shopify.com/s/files/1/0995/6920/5581/files/wheel-design-115_cce116f4-754e-45c6-a886-b86e4b0cbc5d.png,"Juego de llantas 18X8.0 Volkswagen, referencia OYL260416405",llantas-18-pulgadas|llantas-volkswagen,5x112|color-mb|et-40|llantas|llantas-18|volkswagen,11,"Llantas 18"" Volkswagen | Juego de 4","Juego de 4 llantas 18X8.0, 5X112, ET +40, compatible de forma orientativa con VW高尔夫GTI-2025/改. Precio cerrado y entrega a domicilio.",DRAFT,ninguno,2026-09-18T16:21:51Z,60,"imagen 341x318 (por debajo de 800x800) · chino del proveedor visible en la descripción · chino del proveedor visible en la meta description · sin coste de proveedor registrado · precio = escalera fija por diámetro, no verificado como PVP · peso = escalera fija por diámetro, no medido · stock 0 sin seguimiento (venta continua)"
10898644762957,oyl260416406-20-bmw,Juego de 4 llantas 20 pulgadas BMW – OYL260416406,OYL260416406,wheel-design-116,bmw,BMW X4 M40i-2022/改,20,8.0,5x112,27,66.5,MB,52.0,KILOGRAMS,999.00,,,0,CONTINUE,False,True,1,1,331,317,https://cdn.shopify.com/s/files/1/0995/6920/5581/files/wheel-design-116_4eff6387-c708-4838-ba08-b10ee6148fa6.png,"Juego de llantas 20X8.0 BMW, referencia OYL260416406",llantas-20-pulgadas|llantas-bmw,5x112|bmw|color-mb|et-27|llantas|llantas-20,11,"Llantas 20"" BMW | Juego de 4","Juego de 4 llantas 20X8.0, 5X112, ET +27, compatible de forma orientativa con BMW X4 M40i-2022/改. Precio cerrado y entrega a domicilio.",DRAFT,ninguno,2026-09-18T16:21:51Z,60,"imagen 331x317 (por debajo de 800x800) · chino del proveedor visible en la descripción · chino del proveedor visible en la meta description · sin coste de proveedor registrado · precio = escalera fija por diámetro, no verificado como PVP · peso = escalera fija por diámetro, no medido · stock 0 sin seguimiento (venta continua)"
10898644795725,oyl260416407-20-bmw,Juego de 4 llantas 20 pulgadas BMW – OYL260416407,OYL260416407,wheel-design-116,bmw,BMW X4 M40i-2022/改,20,9.5,5x112,43,66.5,MB,52.0,KILOGRAMS,999.00,,,0,CONTINUE,False,True,1,1,331,317,https://cdn.shopify.com/s/files/1/0995/6920/5581/files/wheel-design-116_f120a2a1-b87d-401d-b3f4-283a8caa7efc.png,"Juego de llantas 20X9.5 BMW, referencia OYL260416407",llantas-20-pulgadas|llantas-bmw,5x112|bmw|color-mb|et-43|llantas|llantas-20,11,"Llantas 20"" BMW | Juego de 4","Juego de 4 llantas 20X9.5, 5X112, ET +43, compatible de forma orientativa con BMW X4 M40i-2022/改. Precio cerrado y entrega a domicilio.",DRAFT,ninguno,2026-09-18T16:21:52Z,60,"imagen 331x317 (por debajo de 800x800) · chino del proveedor visible en la descripción · chino del proveedor visible en la meta description · sin coste de proveedor registrado · precio = escalera fija por diámetro, no verificado como PVP · peso = escalera fija por diámetro, no medido · stock 0 sin seguimiento (venta continua)"
10898644861261,oyl260416408-20-bmw,Juego de 4 llantas 20 pulgadas BMW – OYL260416408,OYL260416408,wheel-design-117,bmw,BMW 530Li-2025(尊享型M运动),20,8.5,5x112,28,66.5,MG,52.0,KILOGRAMS,999.00,,,0,CONTINUE,False,True,1,1,343,315,https://cdn.shopify.com/s/files/1/0995/6920/5581/files/wheel-design-117_19ea6042-fe52-45b5-8adf-be3db911a408.png,"Juego de llantas 20X8.5 BMW, referencia OYL260416408",llantas-20-pulgadas|llantas-bmw,5x112|bmw|color-mg|et-28|llantas|llantas-20,11,"Llantas 20"" BMW | Juego de 4","Juego de 4 llantas 20X8.5, 5X112, ET +28, compatible de forma orientativa con BMW 530Li-2025(尊享型M运动). Precio cerrado y entrega a domicilio.",DRAFT,ninguno,2026-09-18T16:21:52Z,60,"imagen 343x315 (por debajo de 800x800) · chino del proveedor visible en la descripción · chino del proveedor visible en la meta description · sin coste de proveedor registrado · precio = escalera fija por diámetro, no verificado como PVP · peso = escalera fija por diámetro, no medido · stock 0 sin seguimiento (venta continua)"
10898644894029,oyl260416409-20-bmw,Juego de 4 llantas 20 pulgadas BMW – OYL260416409,OYL260416409,wheel-design-117,bmw,BMW 530Li-2025(尊享型M运动),20,8.5,5x112,28,66.5,MB,52.0,KILOGRAMS,999.00,,,0,CONTINUE,False,True,1,1,343,315,https://cdn.shopify.com/s/files/1/0995/6920/5581/files/wheel-design-117_da5c70ec-0ca6-48a0-b77c-627e4e336eb0.png,"Juego de llantas 20X8.5 BMW, referencia OYL260416409",llantas-20-pulgadas|llantas-bmw,5x112|bmw|color-mb|et-28|llantas|llantas-20,11,"Llantas 20"" BMW | Juego de 4","Juego de 4 llantas 20X8.5, 5X112, ET +28, compatible de forma orientativa con BMW 530Li-2025(尊享型M运动). Precio cerrado y entrega a domicilio.",DRAFT,ninguno,2026-09-18T16:21:53Z,60,"imagen 343x315 (por debajo de 800x800) · chino del proveedor visible en la descripción · chino del proveedor visible en la meta description · sin coste de proveedor registrado · precio = escalera fija por diámetro, no verificado como PVP · peso = escalera fija por diámetro, no medido · stock 0 sin seguimiento (venta continua)"
10898644926797,oyl260416410-20-bmw,Juego de 4 llantas 20 pulgadas BMW – OYL260416410,OYL260416410,wheel-design-117,bmw,BMW 530Li-2025(尊享型M运动),20,10.0,5x112,46,66.5,MG,52.0,KILOGRAMS,999.00,,,0,CONTINUE,False,True,1,1,343,315,https://cdn.shopify.com/s/files/1/0995/6920/5581/files/wheel-design-117_ee95e1c9-7ce5-46ca-82cb-9db6752104c5.png,"Juego de llantas 20X10 BMW, referencia OYL260416410",llantas-20-pulgadas|llantas-bmw,5x112|bmw|color-mg|et-46|llantas|llantas-20,11,"Llantas 20"" BMW | Juego de 4","Juego de 4 llantas 20X10, 5X112, ET +46, compatible de forma orientativa con BMW 530Li-2025(尊享型M运动). Precio cerrado y entrega a domicilio.",DRAFT,ninguno,2026-09-18T16:21:53Z,60,"imagen 343x315 (por debajo de 800x800) · chino del proveedor visible en la descripción · chino del proveedor visible en la meta description · sin coste de proveedor registrado · precio = escalera fija por diámetro, no verificado como PVP · peso = escalera fija por diámetro, no medido · stock 0 sin seguimiento (venta continua)"
10898644959565,oyl260416411-20-bmw,Juego de 4 llantas 20 pulgadas BMW – OYL260416411,OYL260416411,wheel-design-117,bmw,BMW 530Li-2025(尊享型M运动),20,10.0,5x112,46,66.5,MB,52.0,KILOGRAMS,999.00,,,0,CONTINUE,False,True,1,1,343,315,https://cdn.shopify.com/s/files/1/0995/6920/5581/files/wheel-design-117_7316b396-219f-4f1a-81a3-be0c66c5b37f.png,"Juego de llantas 20X10 BMW, referencia OYL260416411",llantas-20-pulgadas|llantas-bmw,5x112|bmw|color-mb|et-46|llantas|llantas-20,11,"Llantas 20"" BMW | Juego de 4","Juego de 4 llantas 20X10, 5X112, ET +46, compatible de forma orientativa con BMW 530Li-2025(尊享型M运动). Precio cerrado y entrega a domicilio.",DRAFT,ninguno,2026-09-18T16:21:54Z,60,"imagen 343x315 (por debajo de 800x800) · chino del proveedor visible en la descripción · chino del proveedor visible en la meta description · sin coste de proveedor registrado · precio = escalera fija por diámetro, no verificado como PVP · peso = escalera fija por diámetro, no medido · stock 0 sin seguimiento (venta continua)"
10898645057869,oyl260416412-21-bmw,Juego de 4 llantas 21 pulgadas BMW – OYL260416412,OYL260416412,wheel-design-118,bmw,BMW 740Li-2023(领先/尊享豪华版),21,9.0,5x112,24,66.5,MB,56.0,KILOGRAMS,1099.00,,,0,CONTINUE,False,True,1,1,347,303,https://cdn.shopify.com/s/files/1/0995/6920/5581/files/wheel-design-118_2058ec4d-d576-4853-b150-1ab6ce4a9054.png,Juego de 4 llantas 21 pulgadas BMW – OYL260416412,llantas-21-pulgadas|llantas-bmw,5x112|bmw|color-mb|et-24|llantas|llantas-21,11,"Llantas 21"" BMW | Juego de 4","Juego de 4 llantas 21X9.0, 5X112, ET +24, compatible de forma orientativa con BMW 740Li-2023(领先/尊享豪华版). Precio cerrado y entrega a domicilio.",DRAFT,ninguno,2026-09-18T16:21:54Z,60,"imagen 347x303 (por debajo de 800x800) · chino del proveedor visible en la descripción · chino del proveedor visible en la meta description · sin coste de proveedor registrado · precio = escalera fija por diámetro, no verificado como PVP · peso = escalera fija por diámetro, no medido · stock 0 sin seguimiento (venta continua)"
10898645090637,oyl260416413-21-bmw,Juego de 4 llantas 21 pulgadas BMW – OYL260416413,OYL260416413,wheel-design-118,bmw,BMW 740Li-2023(领先/尊享豪华版),21,10.5,5x112,44,66.5,MB,56.0,KILOGRAMS,1099.00,,,0,CONTINUE,False,True,1,1,347,303,https://cdn.shopify.com/s/files/1/0995/6920/5581/files/wheel-design-118_32d20ce5-7528-4edc-bd37-50bade6d6ae9.png,"Juego de llantas 21X10.5 BMW, referencia OYL260416413",llantas-21-pulgadas|llantas-bmw,5x112|bmw|color-mb|et-44|llantas|llantas-21,11,"Llantas 21"" BMW | Juego de 4","Juego de 4 llantas 21X10.5, 5X112, ET +44, compatible de forma orientativa con BMW 740Li-2023(领先/尊享豪华版). Precio cerrado y entrega a domicilio.",DRAFT,ninguno,2026-09-18T16:21:55Z,60,"imagen 347x303 (por debajo de 800x800) · chino del proveedor visible en la descripción · chino del proveedor visible en la meta description · sin coste de proveedor registrado · precio = escalera fija por diámetro, no verificado como PVP · peso = escalera fija por diámetro, no medido · stock 0 sin seguimiento (venta continua)"
10898645123405,oyl260416414-21-bmw,Juego de 4 llantas 21 pulgadas BMW – OYL260416414,OYL260416414,wheel-design-118,bmw,BMW 740Li-2023(领先/尊享豪华版),21,9.0,5x112,24,66.5,GMF+CHROMEINSERT,56.0,KILOGRAMS,1099.00,,,0,CONTINUE,False,True,1,1,347,303,https://cdn.shopify.com/s/files/1/0995/6920/5581/files/wheel-design-118_cd21ebfd-5772-41b1-a3fa-36e1d60019cd.png,"Juego de llantas 21X9.0 BMW, referencia OYL260416414",llantas-21-pulgadas|llantas-bmw,5x112|bmw|color-gmf+chromeinsert|et-24|llantas|llantas-21,11,"Llantas 21"" BMW | Juego de 4","Juego de 4 llantas 21X9.0, 5X112, ET +24, compatible de forma orientativa con BMW 740Li-2023(领先/尊享豪华版). Precio cerrado y entrega a domicilio.",DRAFT,ninguno,2026-09-18T16:21:55Z,60,"imagen 347x303 (por debajo de 800x800) · chino del proveedor visible en la descripción · chino del proveedor visible en la meta description · sin coste de proveedor registrado · precio = escalera fija por diámetro, no verificado como PVP · peso = escalera fija por diámetro, no medido · stock 0 sin seguimiento (venta continua)"
10898645156173,oyl260416415-21-bmw,Juego de 4 llantas 21 pulgadas BMW – OYL260416415,OYL260416415,wheel-design-118,bmw,BMW 740Li-2023(领先/尊享豪华版),21,10.5,5x112,44,66.5,GMF+CHROMEINSERT,56.0,KILOGRAMS,1099.00,,,0,CONTINUE,False,True,1,1,347,303,https://cdn.shopify.com/s/files/1/0995/6920/5581/files/wheel-design-118_a75f2631-5e6d-45c1-bedf-3592012adac6.png,Juego de 4 llantas 21 pulgadas BMW – OYL260416415,llantas-21-pulgadas|llantas-bmw,5x112|bmw|color-gmf+chromeinsert|et-44|llantas|llantas-21,11,"Llantas 21"" BMW | Juego de 4","Juego de 4 llantas 21X10.5, 5X112, ET +44, compatible de forma orientativa con BMW 740Li-2023(领先/尊享豪华版). Precio cerrado y entrega a domicilio.",DRAFT,ninguno,2026-09-18T16:21:56Z,60,"imagen 347x303 (por debajo de 800x800) · chino del proveedor visible en la descripción · chino del proveedor visible en la meta description · sin coste de proveedor registrado · precio = escalera fija por diámetro, no verificado como PVP · peso = escalera fija por diámetro, no medido · stock 0 sin seguimiento (venta continua)"
10898645221709,oyl260416416-21-mercedes-benz,Juego de 4 llantas 21 pulgadas Mercedes-Benz – OYL260416416,OYL260416416,wheel-design-119,mercedes-benz,BENZ AMG GLE53-2025/改,21,10.0,5x112,51,66.5,MG,56.0,KILOGRAMS,1099.00,,,0,CONTINUE,False,True,1,1,335,310,https://cdn.shopify.com/s/files/1/0995/6920/5581/files/wheel-design-119_f1f61dc8-f0d8-4c80-9e86-8295fd980afb.png,"Juego de llantas 21X10 Mercedes-Benz, referencia OYL260416416",llantas-21-pulgadas|llantas-mercedes-benz,5x112|color-mg|et-51|llantas|llantas-21|mercedes-benz,11,"Llantas 21"" Mercedes-Benz | Juego de 4","Juego de 4 llantas 21X10, 5X112, ET +51, compatible de forma orientativa con BENZ AMG GLE53-2025/改. Precio cerrado y entrega a domicilio.",DRAFT,ninguno,2026-09-18T16:21:56Z,60,"imagen 335x310 (por debajo de 800x800) · chino del proveedor visible en la descripción · chino del proveedor visible en la meta description · sin coste de proveedor registrado · precio = escalera fija por diámetro, no verificado como PVP · peso = escalera fija por diámetro, no medido · stock 0 sin seguimiento (venta continua)"
10898645287245,oyl260416417-21-mercedes-benz,Juego de 4 llantas 21 pulgadas Mercedes-Benz – OYL260416417,OYL260416417,wheel-design-119,mercedes-benz,BENZ AMG GLE53-2025/改,21,11.0,5x112,47,66.5,MG,56.0,KILOGRAMS,1099.00,,,0,CONTINUE,False,True,1,1,335,310,https://cdn.shopify.com/s/files/1/0995/6920/5581/files/wheel-design-119_809ee654-73b7-4038-ba93-e8bfa6b25767.png,Juego de 4 llantas 21 pulgadas Mercedes-Benz – OYL260416417,llantas-21-pulgadas|llantas-mercedes-benz,5x112|color-mg|et-47|llantas|llantas-21|mercedes-benz,11,"Llantas 21"" Mercedes-Benz | Juego de 4","Juego de 4 llantas 21X11, 5X112, ET +47, compatible de forma orientativa con BENZ AMG GLE53-2025/改. Precio cerrado y entrega a domicilio.",DRAFT,ninguno,2026-09-18T16:21:57Z,60,"imagen 335x310 (por debajo de 800x800) · chino del proveedor visible en la descripción · chino del proveedor visible en la meta description · sin coste de proveedor registrado · precio = escalera fija por diámetro, no verificado como PVP · peso = escalera fija por diámetro, no medido · stock 0 sin seguimiento (venta continua)"
10898645320013,oyl260416418-22-mercedes-benz,Juego de 4 llantas 22 pulgadas Mercedes-Benz – OYL260416418,OYL260416418,wheel-design-119,mercedes-benz,BENZ AMG GLE53-2025/改,22,10.0,5x112,56,66.5,MG,60.0,KILOGRAMS,1249.00,,,0,CONTINUE,False,True,1,1,335,310,https://cdn.shopify.com/s/files/1/0995/6920/5581/files/wheel-design-119_ae2f9fa9-076c-4bae-a157-3309a1635686.png,"Juego de llantas 22X10 Mercedes-Benz, referencia OYL260416418",llantas-22-pulgadas|llantas-mercedes-benz,5x112|color-mg|et-56|llantas|llantas-22|mercedes-benz,11,"Llantas 22"" Mercedes-Benz | Juego de 4","Juego de 4 llantas 22X10, 5X112, ET +56, compatible de forma orientativa con BENZ AMG GLE53-2025/改. Precio cerrado y entrega a domicilio.",DRAFT,ninguno,2026-09-18T16:21:57Z,60,"imagen 335x310 (por debajo de 800x800) · chino del proveedor visible en la descripción · chino del proveedor visible en la meta description · sin coste de proveedor registrado · precio = escalera fija por diámetro, no verificado como PVP · peso = escalera fija por diámetro, no medido · stock 0 sin seguimiento (venta continua)"
10898645352781,oyl260416419-22-mercedes-benz,Juego de 4 llantas 22 pulgadas Mercedes-Benz – OYL260416419,OYL260416419,wheel-design-119,mercedes-benz,BENZ AMG GLE53-2025/改,22,11.5,5x112,53,66.5,MG,60.0,KILOGRAMS,1249.00,,,0,CONTINUE,False,True,1,1,335,310,https://cdn.shopify.com/s/files/1/0995/6920/5581/files/wheel-design-119_ce01d216-96b6-4c05-b490-d880831f66a7.png,Juego de 4 llantas 22 pulgadas Mercedes-Benz – OYL260416419,llantas-22-pulgadas|llantas-mercedes-benz,5x112|color-mg|et-53|llantas|llantas-22|mercedes-benz,11,"Llantas 22"" Mercedes-Benz | Juego de 4","Juego de 4 llantas 22X11.5, 5X112, ET +53, compatible de forma orientativa con BENZ AMG GLE53-2025/改. Precio cerrado y entrega a domicilio.",DRAFT,ninguno,2026-09-18T16:21:58Z,60,"imagen 335x310 (por debajo de 800x800) · chino del proveedor visible en la descripción · chino del proveedor visible en la meta description · sin coste de proveedor registrado · precio = escalera fija por diámetro, no verificado como PVP · peso = escalera fija por diámetro, no medido · stock 0 sin seguimiento (venta continua)"
10898645385549,oyl260416420-20-bmw,Juego de 4 llantas 20 pulgadas BMW – OYL260416420,OYL260416420,wheel-design-120,bmw,BMW i5 M60-2024,20,10.0,5x112,46,66.5,MB,52.0,KILOGRAMS,999.00,,,0,CONTINUE,False,True,1,1,666,615,https://cdn.shopify.com/s/files/1/0995/6920/5581/files/wheel-design-120_a4587207-55aa-4dfc-b4ec-1d79dca5a600.png,Juego de 4 llantas 20 pulgadas BMW – OYL260416420,llantas-20-pulgadas|llantas-bmw,5x112|bmw|color-mb|et-46|llantas|llantas-20,11,"Llantas 20"" BMW | Juego de 4","Juego de 4 llantas 20X10, 5X112, ET +46, compatible de forma orientativa con BMW i5 M60-2024. Precio cerrado y entrega a domicilio.",DRAFT,ninguno,2026-09-18T16:21:58Z,75,"imagen 666x615 (por debajo de 800x800) · sin coste de proveedor registrado · precio = escalera fija por diámetro, no verificado como PVP · peso = escalera fija por diámetro, no medido · stock 0 sin seguimiento (venta continua)"
10898645418317,oyl260416421-19-bmw,Juego de 4 llantas 19 pulgadas BMW – OYL260416421,OYL260416421,wheel-design-121,bmw,BMW 3系-2025,19,8.0,5x112,27,66.5,MB,48.0,KILOGRAMS,899.00,,,0,CONTINUE,False,True,1,1,718,672,https://cdn.shopify.com/s/files/1/0995/6920/5581/files/wheel-design-121_c000b449-b62b-49d3-b49d-135d0a97462c.png,"Juego de llantas 19X8.0 BMW, referencia OYL260416421",llantas-19-pulgadas|llantas-bmw,5x112|bmw|color-mb|et-27|llantas|llantas-19,11,"Llantas 19"" BMW | Juego de 4","Juego de 4 llantas 19X8.0, 5X112, ET +27, compatible de forma orientativa con BMW 3系-2025. Precio cerrado y entrega a domicilio.",DRAFT,ninguno,2026-09-18T16:21:59Z,60,"imagen 718x672 (por debajo de 800x800) · chino del proveedor visible en la descripción · chino del proveedor visible en la meta description · sin coste de proveedor registrado · precio = escalera fija por diámetro, no verificado como PVP · peso = escalera fija por diámetro, no medido · stock 0 sin seguimiento (venta continua)"
10898645483853,oyl260416422-19-bmw,Juego de 4 llantas 19 pulgadas BMW – OYL260416422,OYL260416422,wheel-design-121,bmw,BMW 3系-2025,19,8.5,5x112,40,66.5,MB,48.0,KILOGRAMS,899.00,,,0,CONTINUE,False,True,1,1,718,672,https://cdn.shopify.com/s/files/1/0995/6920/5581/files/wheel-design-121_39e2f198-e07a-4f17-bb5e-e205538e61c1.png,"Juego de llantas 19X8.5 BMW, referencia OYL260416422",llantas-19-pulgadas|llantas-bmw,5x112|bmw|color-mb|et-40|llantas|llantas-19,11,"Llantas 19"" BMW | Juego de 4","Juego de 4 llantas 19X8.5, 5X112, ET +40, compatible de forma orientativa con BMW 3系-2025. Precio cerrado y entrega a domicilio.",DRAFT,ninguno,2026-09-18T16:21:59Z,60,"imagen 718x672 (por debajo de 800x800) · chino del proveedor visible en la descripción · chino del proveedor visible en la meta description · sin coste de proveedor registrado · precio = escalera fija por diámetro, no verificado como PVP · peso = escalera fija por diámetro, no medido · stock 0 sin seguimiento (venta continua)"
10898645516621,oyl260416423-19-bmw,Juego de 4 llantas 19 pulgadas BMW – OYL260416423,OYL260416423,wheel-design-122,bmw,BMW 3系-2025,19,8.0,5x112,27,66.5,MB,48.0,KILOGRAMS,899.00,,,0,CONTINUE,False,True,1,1,725,671,https://cdn.shopify.com/s/files/1/0995/6920/5581/files/wheel-design-122_69023106-76be-4a52-abc5-9793c71281aa.png,Juego de 4 llantas 19 pulgadas BMW – OYL260416423,llantas-19-pulgadas|llantas-bmw,5x112|bmw|color-mb|et-27|llantas|llantas-19,11,"Llantas 19"" BMW | Juego de 4","Juego de 4 llantas 19X8.0, 5X112, ET +27, compatible de forma orientativa con BMW 3系-2025. Precio cerrado y entrega a domicilio.",DRAFT,ninguno,2026-09-18T16:22:00Z,60,"imagen 725x671 (por debajo de 800x800) · chino del proveedor visible en la descripción · chino del proveedor visible en la meta description · sin coste de proveedor registrado · precio = escalera fija por diámetro, no verificado como PVP · peso = escalera fija por diámetro, no medido · stock 0 sin seguimiento (venta continua)"
10898645713229,oyl260416424-19-bmw,Juego de 4 llantas 19 pulgadas BMW – OYL260416424,OYL260416424,wheel-design-122,bmw,BMW 3系-2025,19,8.5,5x112,40,66.5,MB,48.0,KILOGRAMS,899.00,,,0,CONTINUE,False,True,1,1,725,671,https://cdn.shopify.com/s/files/1/0995/6920/5581/files/wheel-design-122_2e2a6aa3-8e1d-4f51-98b6-cdf8af6dbd1c.png,"Juego de llantas 19X8.5 BMW, referencia OYL260416424",llantas-19-pulgadas|llantas-bmw,5x112|bmw|color-mb|et-40|llantas|llantas-19,11,"Llantas 19"" BMW | Juego de 4","Juego de 4 llantas 19X8.5, 5X112, ET +40, compatible de forma orientativa con BMW 3系-2025. Precio cerrado y entrega a domicilio.",DRAFT,ninguno,2026-09-18T16:22:00Z,60,"imagen 725x671 (por debajo de 800x800) · chino del proveedor visible en la descripción · chino del proveedor visible en la meta description · sin coste de proveedor registrado · precio = escalera fija por diámetro, no verificado como PVP · peso = escalera fija por diámetro, no medido · stock 0 sin seguimiento (venta continua)"
10898645778765,oyl260416425-22-mercedes-benz,Juego de 4 llantas 22 pulgadas Mercedes-Benz – OYL260416425,OYL260416425,wheel-design-123,mercedes-benz,BENZ AMG GLE Coupe-2024/ 改,22,11.5,5x112,53,66.5,MB,60.0,KILOGRAMS,1249.00,,,0,CONTINUE,False,True,1,1,578,555,https://cdn.shopify.com/s/files/1/0995/6920/5581/files/wheel-design-123_b21eae0b-1304-4bf0-9a20-0171b532b8de.png,Juego de 4 llantas 22 pulgadas Mercedes-Benz – OYL260416425,llantas-22-pulgadas|llantas-mercedes-benz,5x112|color-mb|et-53|llantas|llantas-22|mercedes-benz,11,"Llantas 22"" Mercedes-Benz | Juego de 4","Juego de 4 llantas 22X11.5, 5X112, ET +53, compatible de forma orientativa con BENZ AMG GLE Coupe-2024/ 改. Precio cerrado y entrega a domicilio.",DRAFT,ninguno,2026-09-18T16:22:01Z,60,"imagen 578x555 (por debajo de 800x800) · chino del proveedor visible en la descripción · chino del proveedor visible en la meta description · sin coste de proveedor registrado · precio = escalera fija por diámetro, no verificado como PVP · peso = escalera fija por diámetro, no medido · stock 0 sin seguimiento (venta continua)"
10898645877069,oyl260416426-19-mercedes-benz,Juego de 4 llantas 19 pulgadas Mercedes-Benz – OYL260416426,OYL260416426,wheel-design-124,mercedes-benz,BENZ E/S级/改,19,8.5,5x112,36,66.5,MG,48.0,KILOGRAMS,899.00,,,0,CONTINUE,False,True,1,1,634,596,https://cdn.shopify.com/s/files/1/0995/6920/5581/files/wheel-design-124_6e35c3dd-74de-45a0-8e76-7e63def56736.png,Juego de 4 llantas 19 pulgadas Mercedes-Benz – OYL260416426,llantas-19-pulgadas|llantas-mercedes-benz,5x112|color-mg|et-36|llantas|llantas-19|mercedes-benz,11,"Llantas 19"" Mercedes-Benz | Juego de 4","Juego de 4 llantas 19X8.5, 5X112, ET +36, compatible de forma orientativa con BENZ E/S级/改. Precio cerrado y entrega a domicilio.",DRAFT,ninguno,2026-09-18T16:22:01Z,60,"imagen 634x596 (por debajo de 800x800) · chino del proveedor visible en la descripción · chino del proveedor visible en la meta description · sin coste de proveedor registrado · precio = escalera fija por diámetro, no verificado como PVP · peso = escalera fija por diámetro, no medido · stock 0 sin seguimiento (venta continua)"
10898645942605,oyl260416427-19-mercedes-benz,Juego de 4 llantas 19 pulgadas Mercedes-Benz – OYL260416427,OYL260416427,wheel-design-124,mercedes-benz,BENZ E/S级/改,19,9.5,5x112,43,66.5,MG,48.0,KILOGRAMS,899.00,,,0,CONTINUE,False,True,1,1,634,596,https://cdn.shopify.com/s/files/1/0995/6920/5581/files/wheel-design-124_0a7e9816-c19a-4a34-a1e4-554383cedc0b.png,"Juego de llantas 19X9.5 Mercedes-Benz, referencia OYL260416427",llantas-19-pulgadas|llantas-mercedes-benz,5x112|color-mg|et-43|llantas|llantas-19|mercedes-benz,11,"Llantas 19"" Mercedes-Benz | Juego de 4","Juego de 4 llantas 19X9.5, 5X112, ET +43, compatible de forma orientativa con BENZ E/S级/改. Precio cerrado y entrega a domicilio.",DRAFT,ninguno,2026-09-18T16:22:02Z,60,"imagen 634x596 (por debajo de 800x800) · chino del proveedor visible en la descripción · chino del proveedor visible en la meta description · sin coste de proveedor registrado · precio = escalera fija por diámetro, no verificado como PVP · peso = escalera fija por diámetro, no medido · stock 0 sin seguimiento (venta continua)"
10898646040909,oyl260416428-20-mercedes-benz,Juego de 4 llantas 20 pulgadas Mercedes-Benz – OYL260416428,OYL260416428,wheel-design-124,mercedes-benz,BENZ E/S级/改,20,8.5,5x112,36,66.5,MG,52.0,KILOGRAMS,999.00,,,0,CONTINUE,False,True,1,1,634,596,https://cdn.shopify.com/s/files/1/0995/6920/5581/files/wheel-design-124_a9deacff-2e66-4c83-8823-ab7f1b0e2d2d.png,"Juego de llantas 20X8.5 Mercedes-Benz, referencia OYL260416428",llantas-20-pulgadas|llantas-mercedes-benz,5x112|color-mg|et-36|llantas|llantas-20|mercedes-benz,11,"Llantas 20"" Mercedes-Benz | Juego de 4","Juego de 4 llantas 20X8.5, 5X112, ET +36, compatible de forma orientativa con BENZ E/S级/改. Precio cerrado y entrega a domicilio.",DRAFT,ninguno,2026-09-18T16:22:02Z,60,"imagen 634x596 (por debajo de 800x800) · chino del proveedor visible en la descripción · chino del proveedor visible en la meta description · sin coste de proveedor registrado · precio = escalera fija por diámetro, no verificado como PVP · peso = escalera fija por diámetro, no medido · stock 0 sin seguimiento (venta continua)"
10898646106445,oyl260416429-20-mercedes-benz,Juego de 4 llantas 20 pulgadas Mercedes-Benz – OYL260416429,OYL260416429,wheel-design-124,mercedes-benz,BENZ E/S级/改,20,9.5,5x112,43,66.5,MG,52.0,KILOGRAMS,999.00,,,0,CONTINUE,False,True,1,1,634,596,https://cdn.shopify.com/s/files/1/0995/6920/5581/files/wheel-design-124_7b74aef7-40fb-4d6f-a27a-b405bc4a8e49.png,"Juego de llantas 20X9.5 Mercedes-Benz, referencia OYL260416429",llantas-20-pulgadas|llantas-mercedes-benz,5x112|color-mg|et-43|llantas|llantas-20|mercedes-benz,11,"Llantas 20"" Mercedes-Benz | Juego de 4","Juego de 4 llantas 20X9.5, 5X112, ET +43, compatible de forma orientativa con BENZ E/S级/改. Precio cerrado y entrega a domicilio.",DRAFT,ninguno,2026-09-18T16:22:03Z,60,"imagen 634x596 (por debajo de 800x800) · chino del proveedor visible en la descripción · chino del proveedor visible en la meta description · sin coste de proveedor registrado · precio = escalera fija por diámetro, no verificado como PVP · peso = escalera fija por diámetro, no medido · stock 0 sin seguimiento (venta continua)"
10898646204749,oyl260416430-20-bmw,Juego de 4 llantas 20 pulgadas BMW – OYL260416430,OYL260416430,wheel-design-125,bmw,BMW 530Li-2025(尊享型M运动)BMW 520d-2024欧版,20,8.5,5x112,28,66.5,MB,52.0,KILOGRAMS,999.00,,,0,CONTINUE,False,True,1,1,921,841,https://cdn.shopify.com/s/files/1/0995/6920/5581/files/wheel-design-125_2f460e94-b127-4e8b-b6da-e3dd8a1070c6.png,"Juego de llantas 20X8.5 BMW, referencia OYL260416430",llantas-20-pulgadas|llantas-bmw,5x112|bmw|color-mb|et-28|llantas|llantas-20,11,"Llantas 20"" BMW | Juego de 4","Juego de 4 llantas 20X8.5, 5X112, ET +28, compatible de forma orientativa con BMW 530Li-2025(尊享型M运动)BMW 520d-2024欧版. Precio cerrado y entrega a domicilio.",DRAFT,ninguno,2026-09-18T16:22:03Z,85,"chino del proveedor visible en la descripción · chino del proveedor visible en la meta description · sin coste de proveedor registrado · precio = escalera fija por diámetro, no verificado como PVP · peso = escalera fija por diámetro, no medido · stock 0 sin seguimiento (venta continua)"
10898646270285,oyl260416431-20-bmw,Juego de 4 llantas 20 pulgadas BMW – OYL260416431,OYL260416431,wheel-design-125,bmw,BMW 530Li-2025(尊享型M运动)BMW 520d-2024欧版,20,10.0,5x112,46,66.5,MB,52.0,KILOGRAMS,999.00,,,0,CONTINUE,False,True,1,1,921,841,https://cdn.shopify.com/s/files/1/0995/6920/5581/files/wheel-design-125_23d1a175-f366-410f-af69-9703dda67e1f.png,"Juego de llantas 20X10 BMW, referencia OYL260416431",llantas-20-pulgadas|llantas-bmw,5x112|bmw|color-mb|et-46|llantas|llantas-20,11,"Llantas 20"" BMW | Juego de 4","Juego de 4 llantas 20X10, 5X112, ET +46, compatible de forma orientativa con BMW 530Li-2025(尊享型M运动)BMW 520d-2024欧版. Precio cerrado y entrega a domicilio.",DRAFT,ninguno,2026-09-18T16:22:04Z,85,"chino del proveedor visible en la descripción · chino del proveedor visible en la meta description · sin coste de proveedor registrado · precio = escalera fija por diámetro, no verificado como PVP · peso = escalera fija por diámetro, no medido · stock 0 sin seguimiento (venta continua)"
10898646335821,oyl260416432-21-mercedes-benz,Juego de 4 llantas 21 pulgadas Mercedes-Benz – OYL260416432,OYL260416432,wheel-design-126,mercedes-benz,BENZ GLS/GLE 450豪华版-2025,21,11.0,5x112,42,66.5,MG,56.0,KILOGRAMS,1099.00,,,0,CONTINUE,False,True,1,1,641,595,https://cdn.shopify.com/s/files/1/0995/6920/5581/files/wheel-design-126_7e498858-8b61-49c7-8cda-729983e4e308.png,"Juego de llantas 21X11 Mercedes-Benz, referencia OYL260416432",llantas-21-pulgadas|llantas-mercedes-benz,5x112|color-mg|et-42|llantas|llantas-21|mercedes-benz,11,"Llantas 21"" Mercedes-Benz | Juego de 4","Juego de 4 llantas 21X11, 5X112, ET +42, compatible de forma orientativa con BENZ GLS/GLE 450豪华版-2025. Precio cerrado y entrega a domicilio.",DRAFT,ninguno,2026-09-18T16:22:04Z,60,"imagen 641x595 (por debajo de 800x800) · chino del proveedor visible en la descripción · chino del proveedor visible en la meta description · sin coste de proveedor registrado · precio = escalera fija por diámetro, no verificado como PVP · peso = escalera fija por diámetro, no medido · stock 0 sin seguimiento (venta continua)"
10898646466893,oyl260416433-22-mercedes-benz,Juego de 4 llantas 22 pulgadas Mercedes-Benz – OYL260416433,OYL260416433,wheel-design-126,mercedes-benz,BENZ GLS/GLE 450豪华版-2025,22,11.5,5x112,47,66.5,MG,60.0,KILOGRAMS,1249.00,,,0,CONTINUE,False,True,1,1,641,595,https://cdn.shopify.com/s/files/1/0995/6920/5581/files/wheel-design-126_73fbb627-ce3f-44b5-98c6-1cc5a7814127.png,"Juego de llantas 22X11.5 Mercedes-Benz, referencia OYL260416433",llantas-22-pulgadas|llantas-mercedes-benz,5x112|color-mg|et-47|llantas|llantas-22|mercedes-benz,11,"Llantas 22"" Mercedes-Benz | Juego de 4","Juego de 4 llantas 22X11.5, 5X112, ET +47, compatible de forma orientativa con BENZ GLS/GLE 450豪华版-2025. Precio cerrado y entrega a domicilio.",DRAFT,ninguno,2026-09-18T16:22:05Z,60,"imagen 641x595 (por debajo de 800x800) · chino del proveedor visible en la descripción · chino del proveedor visible en la meta description · sin coste de proveedor registrado · precio = escalera fija por diámetro, no verificado como PVP · peso = escalera fija por diámetro, no medido · stock 0 sin seguimiento (venta continua)"
10898646532429,oyl260416434-18-volkswagen,Juego de 4 llantas 18 pulgadas Volkswagen – OYL260416434,OYL260416434,wheel-design-127,volkswagen,VW西雅特Seat Cupra/改,18,8.0,5x112,40,57.1,MB,44.0,KILOGRAMS,799.00,,,0,CONTINUE,False,True,1,1,625,592,https://cdn.shopify.com/s/files/1/0995/6920/5581/files/wheel-design-127_c1950070-98a1-4b1a-884d-4b70cac49761.png,"Juego de llantas 18X8.0 Volkswagen, referencia OYL260416434",llantas-18-pulgadas|llantas-volkswagen,5x112|color-mb|et-40|llantas|llantas-18|volkswagen,11,"Llantas 18"" Volkswagen | Juego de 4","Juego de 4 llantas 18X8.0, 5X112, ET +40, compatible de forma orientativa con VW西雅特Seat Cupra/改. Precio cerrado y entrega a domicilio.",DRAFT,ninguno,2026-09-18T16:22:05Z,60,"imagen 625x592 (por debajo de 800x800) · chino del proveedor visible en la descripción · chino del proveedor visible en la meta description · sin coste de proveedor registrado · precio = escalera fija por diámetro, no verificado como PVP · peso = escalera fija por diámetro, no medido · stock 0 sin seguimiento (venta continua)"
10898646663501,oyl260416435-18-volkswagen,Juego de 4 llantas 18 pulgadas Volkswagen – OYL260416435,OYL260416435,wheel-design-128,volkswagen,VW高尔夫GTI / 改,18,8.0,5x112,40,57.1,MB,44.0,KILOGRAMS,799.00,,,0,CONTINUE,False,True,1,1,508,503,https://cdn.shopify.com/s/files/1/0995/6920/5581/files/wheel-design-128_57d1ecf8-ad47-49c8-ba53-d6cb435f38da.png,"Juego de llantas 18X8.0 Volkswagen, referencia OYL260416435",llantas-18-pulgadas|llantas-volkswagen,5x112|color-mb|et-40|llantas|llantas-18|volkswagen,11,"Llantas 18"" Volkswagen | Juego de 4","Juego de 4 llantas 18X8.0, 5X112, ET +40, compatible de forma orientativa con VW高尔夫GTI / 改. Precio cerrado y entrega a domicilio.",DRAFT,ninguno,2026-09-18T16:22:06Z,60,"imagen 508x503 (por debajo de 800x800) · chino del proveedor visible en la descripción · chino del proveedor visible en la meta description · sin coste de proveedor registrado · precio = escalera fija por diámetro, no verificado como PVP · peso = escalera fija por diámetro, no medido · stock 0 sin seguimiento (venta continua)"
10898646696269,oyl260416436-18-volkswagen,Juego de 4 llantas 18 pulgadas Volkswagen – OYL260416436,OYL260416436,wheel-design-129,volkswagen,VW / 改,18,8.0,5x112,40,57.1,MB,44.0,KILOGRAMS,799.00,,,0,CONTINUE,False,True,1,1,513,476,https://cdn.shopify.com/s/files/1/0995/6920/5581/files/wheel-design-129_f341fc97-5305-4093-ae68-3bdf8cd88dfb.png,"Juego de llantas 18X8.0 Volkswagen, referencia OYL260416436",llantas-18-pulgadas|llantas-volkswagen,5x112|color-mb|et-40|llantas|llantas-18|volkswagen,11,"Llantas 18"" Volkswagen | Juego de 4","Juego de 4 llantas 18X8.0, 5X112, ET +40, compatible de forma orientativa con VW / 改. Precio cerrado y entrega a domicilio.",DRAFT,ninguno,2026-09-18T16:22:06Z,60,"imagen 513x476 (por debajo de 800x800) · chino del proveedor visible en la descripción · chino del proveedor visible en la meta description · sin coste de proveedor registrado · precio = escalera fija por diámetro, no verificado como PVP · peso = escalera fija por diámetro, no medido · stock 0 sin seguimiento (venta continua)"
10898646761805,oyl260416437-19-volkswagen,Juego de 4 llantas 19 pulgadas Volkswagen – OYL260416437,OYL260416437,wheel-design-129,volkswagen,VW / 改,19,8.0,5x112,40,57.1,MB,48.0,KILOGRAMS,899.00,,,0,CONTINUE,False,True,1,1,513,476,https://cdn.shopify.com/s/files/1/0995/6920/5581/files/wheel-design-129_e80e5379-910a-47cb-b8c4-3bdec0623407.png,"Juego de llantas 19X8.0 Volkswagen, referencia OYL260416437",llantas-19-pulgadas|llantas-volkswagen,5x112|color-mb|et-40|llantas|llantas-19|volkswagen,11,"Llantas 19"" Volkswagen | Juego de 4","Juego de 4 llantas 19X8.0, 5X112, ET +40, compatible de forma orientativa con VW / 改. Precio cerrado y entrega a domicilio.",DRAFT,ninguno,2026-09-18T16:22:07Z,60,"imagen 513x476 (por debajo de 800x800) · chino del proveedor visible en la descripción · chino del proveedor visible en la meta description · sin coste de proveedor registrado · precio = escalera fija por diámetro, no verificado como PVP · peso = escalera fija por diámetro, no medido · stock 0 sin seguimiento (venta continua)"
10898646794573,oyl260416438-20-bmw,Juego de 4 llantas 20 pulgadas BMW – OYL260416438,OYL260416438,wheel-design-130,bmw,BMW 540i-2025(加拿大版)/改,20,8.5,5x112,28,66.5,MB,52.0,KILOGRAMS,999.00,,,0,CONTINUE,False,True,1,1,888,849,https://cdn.shopify.com/s/files/1/0995/6920/5581/files/wheel-design-130_7a7325cb-0e56-4c42-b27c-328444132740.png,"Juego de llantas 20X8.5 BMW, referencia OYL260416438",llantas-20-pulgadas|llantas-bmw,5x112|bmw|color-mb|et-28|llantas|llantas-20,11,"Llantas 20"" BMW | Juego de 4","Juego de 4 llantas 20X8.5, 5X112, ET +28, compatible de forma orientativa con BMW 540i-2025(加拿大版)/改. Precio cerrado y entrega a domicilio.",DRAFT,ninguno,2026-09-18T16:22:07Z,85,"chino del proveedor visible en la descripción · chino del proveedor visible en la meta description · sin coste de proveedor registrado · precio = escalera fija por diámetro, no verificado como PVP · peso = escalera fija por diámetro, no medido · stock 0 sin seguimiento (venta continua)"
10898646860109,oyl260416439-20-bmw,Juego de 4 llantas 20 pulgadas BMW – OYL260416439,OYL260416439,wheel-design-130,bmw,BMW 540i-2025(加拿大版)/改,20,10.0,5x112,46,66.5,MB,52.0,KILOGRAMS,999.00,,,0,CONTINUE,False,True,1,1,888,849,https://cdn.shopify.com/s/files/1/0995/6920/5581/files/wheel-design-130_00b68d36-3e2b-48a5-8dd7-f64b35721486.png,Juego de 4 llantas 20 pulgadas BMW – OYL260416439,llantas-20-pulgadas|llantas-bmw,5x112|bmw|color-mb|et-46|llantas|llantas-20,11,"Llantas 20"" BMW | Juego de 4","Juego de 4 llantas 20X10, 5X112, ET +46, compatible de forma orientativa con BMW 540i-2025(加拿大版)/改. Precio cerrado y entrega a domicilio.",DRAFT,ninguno,2026-09-18T16:22:08Z,85,"chino del proveedor visible en la descripción · chino del proveedor visible en la meta description · sin coste de proveedor registrado · precio = escalera fija por diámetro, no verificado como PVP · peso = escalera fija por diámetro, no medido · stock 0 sin seguimiento (venta continua)"
