familia,sku,medida,acabado_codigo_proveedor,unidades_incluidas_en_el_precio,pvp_actual_eur,pvp_origen,coste_proveedor,divisa_coste,transporte_peninsula,transporte_baleares,transporte_canarias_ceuta_melilla,costes_adicionales_conocidos,peso_declarado_kg,peso_procedencia,margen,informacion_pendiente
SJW-038,OYL260416094,17x7.5 5x112 ET35 buje 66.45 mm,MB+L,"PENDIENTE. Los títulos y descripciones originales decían ""juego de 4"", pero ese texto lo generó la carga inicial del catálogo, no el proveedor: ninguna nota, metafield ni campo del proveedor menciona unidades. Sin documentar hasta que lo confirme el proveedor o lo decida el propietario.",699.00,"Escalera generada por diámetro en la carga inicial del catálogo: 16""=649,00 · 17""=699,00 · 18""=799,00 · 19""=899,00 · 20""=999,00 · 21""=1.099,00 · 22""=1.249,00 · 23""=1.399,00 €. Fuente: exportación Shopify 19-09-2026, verificada de nuevo el 20-09-2026. No validado comercialmente.",SIN DATO,SIN DATO,"SIN DATO. Tarifa vigente sin tocar: 6,99 € y gratis desde 55 € de pedido, sin condición de peso.","SIN DATO. Hoy cae en la zona ""España"" con la misma tarifa que la península. Baleares sí está dentro del IVA y de la unión aduanera: solo falta el sobrecoste marítimo real.","SIN DATO. Canarias: dentro del territorio aduanero de la Unión pero fuera del IVA (IGIC/AIEM, DUA de introducción). Ceuta y Melilla: fuera del territorio aduanero de la Unión y del IVA (IPSI, importación). Hoy los tres se facturan como península.","SIN DATO: no hay constancia de arancel, IVA o IGIC/IPSI de importación, despacho, última milla ni seguro.",40.0,"Estimación calculada a partir del diámetro (40 kg a 17"" y +4 kg por pulgada). Fuente: exportación Shopify 2026-09-19. No es medición ni peso embalado.",NO CALCULABLE: falta el coste de proveedor,Coste de compra y divisa; incoterm; peso embalado real; plazo de entrega; tarifa de transporte por destino; impuestos y aranceles aplicables; si el PVP es precio final para el cliente; color real del código de acabado MB+L; compatibilidad de vehículos verificada
SJW-038,OYL260416096,18x8.0 5x112 ET35 buje 66.45 mm,MB+L,"PENDIENTE. Los títulos y descripciones originales decían ""juego de 4"", pero ese texto lo generó la carga inicial del catálogo, no el proveedor: ninguna nota, metafield ni campo del proveedor menciona unidades. Sin documentar hasta que lo confirme el proveedor o lo decida el propietario.",799.00,"Escalera generada por diámetro en la carga inicial del catálogo: 16""=649,00 · 17""=699,00 · 18""=799,00 · 19""=899,00 · 20""=999,00 · 21""=1.099,00 · 22""=1.249,00 · 23""=1.399,00 €. Fuente: exportación Shopify 19-09-2026, verificada de nuevo el 20-09-2026. No validado comercialmente.",SIN DATO,SIN DATO,"SIN DATO. Tarifa vigente sin tocar: 6,99 € y gratis desde 55 € de pedido, sin condición de peso.","SIN DATO. Hoy cae en la zona ""España"" con la misma tarifa que la península. Baleares sí está dentro del IVA y de la unión aduanera: solo falta el sobrecoste marítimo real.","SIN DATO. Canarias: dentro del territorio aduanero de la Unión pero fuera del IVA (IGIC/AIEM, DUA de introducción). Ceuta y Melilla: fuera del territorio aduanero de la Unión y del IVA (IPSI, importación). Hoy los tres se facturan como península.","SIN DATO: no hay constancia de arancel, IVA o IGIC/IPSI de importación, despacho, última milla ni seguro.",44.0,"Estimación calculada a partir del diámetro (40 kg a 17"" y +4 kg por pulgada). Fuente: exportación Shopify 2026-09-19. No es medición ni peso embalado.",NO CALCULABLE: falta el coste de proveedor,Coste de compra y divisa; incoterm; peso embalado real; plazo de entrega; tarifa de transporte por destino; impuestos y aranceles aplicables; si el PVP es precio final para el cliente; color real del código de acabado MB+L; compatibilidad de vehículos verificada
SJW-038,OYL260416097,18x8.0 5x112 ET35 buje 66.45 mm,YBZ,"PENDIENTE. Los títulos y descripciones originales decían ""juego de 4"", pero ese texto lo generó la carga inicial del catálogo, no el proveedor: ninguna nota, metafield ni campo del proveedor menciona unidades. Sin documentar hasta que lo confirme el proveedor o lo decida el propietario.",799.00,"Escalera generada por diámetro en la carga inicial del catálogo: 16""=649,00 · 17""=699,00 · 18""=799,00 · 19""=899,00 · 20""=999,00 · 21""=1.099,00 · 22""=1.249,00 · 23""=1.399,00 €. Fuente: exportación Shopify 19-09-2026, verificada de nuevo el 20-09-2026. No validado comercialmente.",SIN DATO,SIN DATO,"SIN DATO. Tarifa vigente sin tocar: 6,99 € y gratis desde 55 € de pedido, sin condición de peso.","SIN DATO. Hoy cae en la zona ""España"" con la misma tarifa que la península. Baleares sí está dentro del IVA y de la unión aduanera: solo falta el sobrecoste marítimo real.","SIN DATO. Canarias: dentro del territorio aduanero de la Unión pero fuera del IVA (IGIC/AIEM, DUA de introducción). Ceuta y Melilla: fuera del territorio aduanero de la Unión y del IVA (IPSI, importación). Hoy los tres se facturan como península.","SIN DATO: no hay constancia de arancel, IVA o IGIC/IPSI de importación, despacho, última milla ni seguro.",44.0,"Estimación calculada a partir del diámetro (40 kg a 17"" y +4 kg por pulgada). Fuente: exportación Shopify 2026-09-19. No es medición ni peso embalado.",NO CALCULABLE: falta el coste de proveedor,Coste de compra y divisa; incoterm; peso embalado real; plazo de entrega; tarifa de transporte por destino; impuestos y aranceles aplicables; si el PVP es precio final para el cliente; color real del código de acabado YBZ; compatibilidad de vehículos verificada
SJW-038,OYL260416099,19x8.5 5x112 ET30 buje 66.45 mm,MB+L,"PENDIENTE. Los títulos y descripciones originales decían ""juego de 4"", pero ese texto lo generó la carga inicial del catálogo, no el proveedor: ninguna nota, metafield ni campo del proveedor menciona unidades. Sin documentar hasta que lo confirme el proveedor o lo decida el propietario.",899.00,"Escalera generada por diámetro en la carga inicial del catálogo: 16""=649,00 · 17""=699,00 · 18""=799,00 · 19""=899,00 · 20""=999,00 · 21""=1.099,00 · 22""=1.249,00 · 23""=1.399,00 €. Fuente: exportación Shopify 19-09-2026, verificada de nuevo el 20-09-2026. No validado comercialmente.",SIN DATO,SIN DATO,"SIN DATO. Tarifa vigente sin tocar: 6,99 € y gratis desde 55 € de pedido, sin condición de peso.","SIN DATO. Hoy cae en la zona ""España"" con la misma tarifa que la península. Baleares sí está dentro del IVA y de la unión aduanera: solo falta el sobrecoste marítimo real.","SIN DATO. Canarias: dentro del territorio aduanero de la Unión pero fuera del IVA (IGIC/AIEM, DUA de introducción). Ceuta y Melilla: fuera del territorio aduanero de la Unión y del IVA (IPSI, importación). Hoy los tres se facturan como península.","SIN DATO: no hay constancia de arancel, IVA o IGIC/IPSI de importación, despacho, última milla ni seguro.",48.0,"Estimación calculada a partir del diámetro (40 kg a 17"" y +4 kg por pulgada). Fuente: exportación Shopify 2026-09-19. No es medición ni peso embalado.",NO CALCULABLE: falta el coste de proveedor,Coste de compra y divisa; incoterm; peso embalado real; plazo de entrega; tarifa de transporte por destino; impuestos y aranceles aplicables; si el PVP es precio final para el cliente; color real del código de acabado MB+L; compatibilidad de vehículos verificada
SJW-038,OYL260416100,20x9.0 5x112 ET30 buje 66.45 mm,MB+L,"PENDIENTE. Los títulos y descripciones originales decían ""juego de 4"", pero ese texto lo generó la carga inicial del catálogo, no el proveedor: ninguna nota, metafield ni campo del proveedor menciona unidades. Sin documentar hasta que lo confirme el proveedor o lo decida el propietario.",999.00,"Escalera generada por diámetro en la carga inicial del catálogo: 16""=649,00 · 17""=699,00 · 18""=799,00 · 19""=899,00 · 20""=999,00 · 21""=1.099,00 · 22""=1.249,00 · 23""=1.399,00 €. Fuente: exportación Shopify 19-09-2026, verificada de nuevo el 20-09-2026. No validado comercialmente.",SIN DATO,SIN DATO,"SIN DATO. Tarifa vigente sin tocar: 6,99 € y gratis desde 55 € de pedido, sin condición de peso.","SIN DATO. Hoy cae en la zona ""España"" con la misma tarifa que la península. Baleares sí está dentro del IVA y de la unión aduanera: solo falta el sobrecoste marítimo real.","SIN DATO. Canarias: dentro del territorio aduanero de la Unión pero fuera del IVA (IGIC/AIEM, DUA de introducción). Ceuta y Melilla: fuera del territorio aduanero de la Unión y del IVA (IPSI, importación). Hoy los tres se facturan como península.","SIN DATO: no hay constancia de arancel, IVA o IGIC/IPSI de importación, despacho, última milla ni seguro.",52.0,"Estimación calculada a partir del diámetro (40 kg a 17"" y +4 kg por pulgada). Fuente: exportación Shopify 2026-09-19. No es medición ni peso embalado.",NO CALCULABLE: falta el coste de proveedor,Coste de compra y divisa; incoterm; peso embalado real; plazo de entrega; tarifa de transporte por destino; impuestos y aranceles aplicables; si el PVP es precio final para el cliente; color real del código de acabado MB+L; compatibilidad de vehículos verificada
SJW-038,OYL260416101,21x9.0 5x112 ET25 buje 66.5 mm,MB+L,"PENDIENTE. Los títulos y descripciones originales decían ""juego de 4"", pero ese texto lo generó la carga inicial del catálogo, no el proveedor: ninguna nota, metafield ni campo del proveedor menciona unidades. Sin documentar hasta que lo confirme el proveedor o lo decida el propietario.",1099.00,"Escalera generada por diámetro en la carga inicial del catálogo: 16""=649,00 · 17""=699,00 · 18""=799,00 · 19""=899,00 · 20""=999,00 · 21""=1.099,00 · 22""=1.249,00 · 23""=1.399,00 €. Fuente: exportación Shopify 19-09-2026, verificada de nuevo el 20-09-2026. No validado comercialmente.",SIN DATO,SIN DATO,"SIN DATO. Tarifa vigente sin tocar: 6,99 € y gratis desde 55 € de pedido, sin condición de peso.","SIN DATO. Hoy cae en la zona ""España"" con la misma tarifa que la península. Baleares sí está dentro del IVA y de la unión aduanera: solo falta el sobrecoste marítimo real.","SIN DATO. Canarias: dentro del territorio aduanero de la Unión pero fuera del IVA (IGIC/AIEM, DUA de introducción). Ceuta y Melilla: fuera del territorio aduanero de la Unión y del IVA (IPSI, importación). Hoy los tres se facturan como península.","SIN DATO: no hay constancia de arancel, IVA o IGIC/IPSI de importación, despacho, última milla ni seguro.",56.0,"Estimación calculada a partir del diámetro (40 kg a 17"" y +4 kg por pulgada). Fuente: exportación Shopify 2026-09-19. No es medición ni peso embalado.",NO CALCULABLE: falta el coste de proveedor,Coste de compra y divisa; incoterm; peso embalado real; plazo de entrega; tarifa de transporte por destino; impuestos y aranceles aplicables; si el PVP es precio final para el cliente; color real del código de acabado MB+L; compatibilidad de vehículos verificada
SJW-040,OYL260416104,18x8.0 5x112 ET36 buje 66.5 mm,MB,"PENDIENTE. Los títulos y descripciones originales decían ""juego de 4"", pero ese texto lo generó la carga inicial del catálogo, no el proveedor: ninguna nota, metafield ni campo del proveedor menciona unidades. Sin documentar hasta que lo confirme el proveedor o lo decida el propietario.",799.00,"Escalera generada por diámetro en la carga inicial del catálogo: 16""=649,00 · 17""=699,00 · 18""=799,00 · 19""=899,00 · 20""=999,00 · 21""=1.099,00 · 22""=1.249,00 · 23""=1.399,00 €. Fuente: exportación Shopify 19-09-2026, verificada de nuevo el 20-09-2026. No validado comercialmente.",SIN DATO,SIN DATO,"SIN DATO. Tarifa vigente sin tocar: 6,99 € y gratis desde 55 € de pedido, sin condición de peso.","SIN DATO. Hoy cae en la zona ""España"" con la misma tarifa que la península. Baleares sí está dentro del IVA y de la unión aduanera: solo falta el sobrecoste marítimo real.","SIN DATO. Canarias: dentro del territorio aduanero de la Unión pero fuera del IVA (IGIC/AIEM, DUA de introducción). Ceuta y Melilla: fuera del territorio aduanero de la Unión y del IVA (IPSI, importación). Hoy los tres se facturan como península.","SIN DATO: no hay constancia de arancel, IVA o IGIC/IPSI de importación, despacho, última milla ni seguro.",44.0,"Estimación calculada a partir del diámetro (40 kg a 17"" y +4 kg por pulgada). Fuente: exportación Shopify 2026-09-19. No es medición ni peso embalado.",NO CALCULABLE: falta el coste de proveedor,Coste de compra y divisa; incoterm; peso embalado real; plazo de entrega; tarifa de transporte por destino; impuestos y aranceles aplicables; si el PVP es precio final para el cliente; color real del código de acabado MB; compatibilidad de vehículos verificada
SJW-040,OYL260416106,18x8.0 5x112 ET36 buje 66.5 mm,MG,"PENDIENTE. Los títulos y descripciones originales decían ""juego de 4"", pero ese texto lo generó la carga inicial del catálogo, no el proveedor: ninguna nota, metafield ni campo del proveedor menciona unidades. Sin documentar hasta que lo confirme el proveedor o lo decida el propietario.",799.00,"Escalera generada por diámetro en la carga inicial del catálogo: 16""=649,00 · 17""=699,00 · 18""=799,00 · 19""=899,00 · 20""=999,00 · 21""=1.099,00 · 22""=1.249,00 · 23""=1.399,00 €. Fuente: exportación Shopify 19-09-2026, verificada de nuevo el 20-09-2026. No validado comercialmente.",SIN DATO,SIN DATO,"SIN DATO. Tarifa vigente sin tocar: 6,99 € y gratis desde 55 € de pedido, sin condición de peso.","SIN DATO. Hoy cae en la zona ""España"" con la misma tarifa que la península. Baleares sí está dentro del IVA y de la unión aduanera: solo falta el sobrecoste marítimo real.","SIN DATO. Canarias: dentro del territorio aduanero de la Unión pero fuera del IVA (IGIC/AIEM, DUA de introducción). Ceuta y Melilla: fuera del territorio aduanero de la Unión y del IVA (IPSI, importación). Hoy los tres se facturan como península.","SIN DATO: no hay constancia de arancel, IVA o IGIC/IPSI de importación, despacho, última milla ni seguro.",44.0,"Estimación calculada a partir del diámetro (40 kg a 17"" y +4 kg por pulgada). Fuente: exportación Shopify 2026-09-19. No es medición ni peso embalado.",NO CALCULABLE: falta el coste de proveedor,Coste de compra y divisa; incoterm; peso embalado real; plazo de entrega; tarifa de transporte por destino; impuestos y aranceles aplicables; si el PVP es precio final para el cliente; color real del código de acabado MG; compatibilidad de vehículos verificada
SJW-040,OYL260416105,18x9.0 5x112 ET42 buje 66.5 mm,MB,"PENDIENTE. Los títulos y descripciones originales decían ""juego de 4"", pero ese texto lo generó la carga inicial del catálogo, no el proveedor: ninguna nota, metafield ni campo del proveedor menciona unidades. Sin documentar hasta que lo confirme el proveedor o lo decida el propietario.",799.00,"Escalera generada por diámetro en la carga inicial del catálogo: 16""=649,00 · 17""=699,00 · 18""=799,00 · 19""=899,00 · 20""=999,00 · 21""=1.099,00 · 22""=1.249,00 · 23""=1.399,00 €. Fuente: exportación Shopify 19-09-2026, verificada de nuevo el 20-09-2026. No validado comercialmente.",SIN DATO,SIN DATO,"SIN DATO. Tarifa vigente sin tocar: 6,99 € y gratis desde 55 € de pedido, sin condición de peso.","SIN DATO. Hoy cae en la zona ""España"" con la misma tarifa que la península. Baleares sí está dentro del IVA y de la unión aduanera: solo falta el sobrecoste marítimo real.","SIN DATO. Canarias: dentro del territorio aduanero de la Unión pero fuera del IVA (IGIC/AIEM, DUA de introducción). Ceuta y Melilla: fuera del territorio aduanero de la Unión y del IVA (IPSI, importación). Hoy los tres se facturan como península.","SIN DATO: no hay constancia de arancel, IVA o IGIC/IPSI de importación, despacho, última milla ni seguro.",44.0,"Estimación calculada a partir del diámetro (40 kg a 17"" y +4 kg por pulgada). Fuente: exportación Shopify 2026-09-19. No es medición ni peso embalado.",NO CALCULABLE: falta el coste de proveedor,Coste de compra y divisa; incoterm; peso embalado real; plazo de entrega; tarifa de transporte por destino; impuestos y aranceles aplicables; si el PVP es precio final para el cliente; color real del código de acabado MB; compatibilidad de vehículos verificada
SJW-040,OYL260416107,18x9.0 5x112 ET42 buje 66.5 mm,MG,"PENDIENTE. Los títulos y descripciones originales decían ""juego de 4"", pero ese texto lo generó la carga inicial del catálogo, no el proveedor: ninguna nota, metafield ni campo del proveedor menciona unidades. Sin documentar hasta que lo confirme el proveedor o lo decida el propietario.",799.00,"Escalera generada por diámetro en la carga inicial del catálogo: 16""=649,00 · 17""=699,00 · 18""=799,00 · 19""=899,00 · 20""=999,00 · 21""=1.099,00 · 22""=1.249,00 · 23""=1.399,00 €. Fuente: exportación Shopify 19-09-2026, verificada de nuevo el 20-09-2026. No validado comercialmente.",SIN DATO,SIN DATO,"SIN DATO. Tarifa vigente sin tocar: 6,99 € y gratis desde 55 € de pedido, sin condición de peso.","SIN DATO. Hoy cae en la zona ""España"" con la misma tarifa que la península. Baleares sí está dentro del IVA y de la unión aduanera: solo falta el sobrecoste marítimo real.","SIN DATO. Canarias: dentro del territorio aduanero de la Unión pero fuera del IVA (IGIC/AIEM, DUA de introducción). Ceuta y Melilla: fuera del territorio aduanero de la Unión y del IVA (IPSI, importación). Hoy los tres se facturan como península.","SIN DATO: no hay constancia de arancel, IVA o IGIC/IPSI de importación, despacho, última milla ni seguro.",44.0,"Estimación calculada a partir del diámetro (40 kg a 17"" y +4 kg por pulgada). Fuente: exportación Shopify 2026-09-19. No es medición ni peso embalado.",NO CALCULABLE: falta el coste de proveedor,Coste de compra y divisa; incoterm; peso embalado real; plazo de entrega; tarifa de transporte por destino; impuestos y aranceles aplicables; si el PVP es precio final para el cliente; color real del código de acabado MG; compatibilidad de vehículos verificada
SJW-040,OYL260416109,19x9.5 5x112 ET43 buje 66.5 mm,MB,"PENDIENTE. Los títulos y descripciones originales decían ""juego de 4"", pero ese texto lo generó la carga inicial del catálogo, no el proveedor: ninguna nota, metafield ni campo del proveedor menciona unidades. Sin documentar hasta que lo confirme el proveedor o lo decida el propietario.",899.00,"Escalera generada por diámetro en la carga inicial del catálogo: 16""=649,00 · 17""=699,00 · 18""=799,00 · 19""=899,00 · 20""=999,00 · 21""=1.099,00 · 22""=1.249,00 · 23""=1.399,00 €. Fuente: exportación Shopify 19-09-2026, verificada de nuevo el 20-09-2026. No validado comercialmente.",SIN DATO,SIN DATO,"SIN DATO. Tarifa vigente sin tocar: 6,99 € y gratis desde 55 € de pedido, sin condición de peso.","SIN DATO. Hoy cae en la zona ""España"" con la misma tarifa que la península. Baleares sí está dentro del IVA y de la unión aduanera: solo falta el sobrecoste marítimo real.","SIN DATO. Canarias: dentro del territorio aduanero de la Unión pero fuera del IVA (IGIC/AIEM, DUA de introducción). Ceuta y Melilla: fuera del territorio aduanero de la Unión y del IVA (IPSI, importación). Hoy los tres se facturan como península.","SIN DATO: no hay constancia de arancel, IVA o IGIC/IPSI de importación, despacho, última milla ni seguro.",48.0,"Estimación calculada a partir del diámetro (40 kg a 17"" y +4 kg por pulgada). Fuente: exportación Shopify 2026-09-19. No es medición ni peso embalado.",NO CALCULABLE: falta el coste de proveedor,Coste de compra y divisa; incoterm; peso embalado real; plazo de entrega; tarifa de transporte por destino; impuestos y aranceles aplicables; si el PVP es precio final para el cliente; color real del código de acabado MB; compatibilidad de vehículos verificada
SJW-040,OYL260416108,19x9.5 5x112 ET43 buje 66.5 mm,MG,"PENDIENTE. Los títulos y descripciones originales decían ""juego de 4"", pero ese texto lo generó la carga inicial del catálogo, no el proveedor: ninguna nota, metafield ni campo del proveedor menciona unidades. Sin documentar hasta que lo confirme el proveedor o lo decida el propietario.",899.00,"Escalera generada por diámetro en la carga inicial del catálogo: 16""=649,00 · 17""=699,00 · 18""=799,00 · 19""=899,00 · 20""=999,00 · 21""=1.099,00 · 22""=1.249,00 · 23""=1.399,00 €. Fuente: exportación Shopify 19-09-2026, verificada de nuevo el 20-09-2026. No validado comercialmente.",SIN DATO,SIN DATO,"SIN DATO. Tarifa vigente sin tocar: 6,99 € y gratis desde 55 € de pedido, sin condición de peso.","SIN DATO. Hoy cae en la zona ""España"" con la misma tarifa que la península. Baleares sí está dentro del IVA y de la unión aduanera: solo falta el sobrecoste marítimo real.","SIN DATO. Canarias: dentro del territorio aduanero de la Unión pero fuera del IVA (IGIC/AIEM, DUA de introducción). Ceuta y Melilla: fuera del territorio aduanero de la Unión y del IVA (IPSI, importación). Hoy los tres se facturan como península.","SIN DATO: no hay constancia de arancel, IVA o IGIC/IPSI de importación, despacho, última milla ni seguro.",48.0,"Estimación calculada a partir del diámetro (40 kg a 17"" y +4 kg por pulgada). Fuente: exportación Shopify 2026-09-19. No es medición ni peso embalado.",NO CALCULABLE: falta el coste de proveedor,Coste de compra y divisa; incoterm; peso embalado real; plazo de entrega; tarifa de transporte por destino; impuestos y aranceles aplicables; si el PVP es precio final para el cliente; color real del código de acabado MG; compatibilidad de vehículos verificada
SJW-040,OYL260416111,20x8.5 5x112 ET36 buje 66.5 mm,MB,"PENDIENTE. Los títulos y descripciones originales decían ""juego de 4"", pero ese texto lo generó la carga inicial del catálogo, no el proveedor: ninguna nota, metafield ni campo del proveedor menciona unidades. Sin documentar hasta que lo confirme el proveedor o lo decida el propietario.",999.00,"Escalera generada por diámetro en la carga inicial del catálogo: 16""=649,00 · 17""=699,00 · 18""=799,00 · 19""=899,00 · 20""=999,00 · 21""=1.099,00 · 22""=1.249,00 · 23""=1.399,00 €. Fuente: exportación Shopify 19-09-2026, verificada de nuevo el 20-09-2026. No validado comercialmente.",SIN DATO,SIN DATO,"SIN DATO. Tarifa vigente sin tocar: 6,99 € y gratis desde 55 € de pedido, sin condición de peso.","SIN DATO. Hoy cae en la zona ""España"" con la misma tarifa que la península. Baleares sí está dentro del IVA y de la unión aduanera: solo falta el sobrecoste marítimo real.","SIN DATO. Canarias: dentro del territorio aduanero de la Unión pero fuera del IVA (IGIC/AIEM, DUA de introducción). Ceuta y Melilla: fuera del territorio aduanero de la Unión y del IVA (IPSI, importación). Hoy los tres se facturan como península.","SIN DATO: no hay constancia de arancel, IVA o IGIC/IPSI de importación, despacho, última milla ni seguro.",52.0,"Estimación calculada a partir del diámetro (40 kg a 17"" y +4 kg por pulgada). Fuente: exportación Shopify 2026-09-19. No es medición ni peso embalado.",NO CALCULABLE: falta el coste de proveedor,Coste de compra y divisa; incoterm; peso embalado real; plazo de entrega; tarifa de transporte por destino; impuestos y aranceles aplicables; si el PVP es precio final para el cliente; color real del código de acabado MB; compatibilidad de vehículos verificada
SJW-040,OYL260416110,20x8.5 5x112 ET36 buje 66.5 mm,MG,"PENDIENTE. Los títulos y descripciones originales decían ""juego de 4"", pero ese texto lo generó la carga inicial del catálogo, no el proveedor: ninguna nota, metafield ni campo del proveedor menciona unidades. Sin documentar hasta que lo confirme el proveedor o lo decida el propietario.",999.00,"Escalera generada por diámetro en la carga inicial del catálogo: 16""=649,00 · 17""=699,00 · 18""=799,00 · 19""=899,00 · 20""=999,00 · 21""=1.099,00 · 22""=1.249,00 · 23""=1.399,00 €. Fuente: exportación Shopify 19-09-2026, verificada de nuevo el 20-09-2026. No validado comercialmente.",SIN DATO,SIN DATO,"SIN DATO. Tarifa vigente sin tocar: 6,99 € y gratis desde 55 € de pedido, sin condición de peso.","SIN DATO. Hoy cae en la zona ""España"" con la misma tarifa que la península. Baleares sí está dentro del IVA y de la unión aduanera: solo falta el sobrecoste marítimo real.","SIN DATO. Canarias: dentro del territorio aduanero de la Unión pero fuera del IVA (IGIC/AIEM, DUA de introducción). Ceuta y Melilla: fuera del territorio aduanero de la Unión y del IVA (IPSI, importación). Hoy los tres se facturan como península.","SIN DATO: no hay constancia de arancel, IVA o IGIC/IPSI de importación, despacho, última milla ni seguro.",52.0,"Estimación calculada a partir del diámetro (40 kg a 17"" y +4 kg por pulgada). Fuente: exportación Shopify 2026-09-19. No es medición ni peso embalado.",NO CALCULABLE: falta el coste de proveedor,Coste de compra y divisa; incoterm; peso embalado real; plazo de entrega; tarifa de transporte por destino; impuestos y aranceles aplicables; si el PVP es precio final para el cliente; color real del código de acabado MG; compatibilidad de vehículos verificada
SJW-040,OYL260416112,20x9.5 5x112 ET43 buje 66.5 mm,MB,"PENDIENTE. Los títulos y descripciones originales decían ""juego de 4"", pero ese texto lo generó la carga inicial del catálogo, no el proveedor: ninguna nota, metafield ni campo del proveedor menciona unidades. Sin documentar hasta que lo confirme el proveedor o lo decida el propietario.",999.00,"Escalera generada por diámetro en la carga inicial del catálogo: 16""=649,00 · 17""=699,00 · 18""=799,00 · 19""=899,00 · 20""=999,00 · 21""=1.099,00 · 22""=1.249,00 · 23""=1.399,00 €. Fuente: exportación Shopify 19-09-2026, verificada de nuevo el 20-09-2026. No validado comercialmente.",SIN DATO,SIN DATO,"SIN DATO. Tarifa vigente sin tocar: 6,99 € y gratis desde 55 € de pedido, sin condición de peso.","SIN DATO. Hoy cae en la zona ""España"" con la misma tarifa que la península. Baleares sí está dentro del IVA y de la unión aduanera: solo falta el sobrecoste marítimo real.","SIN DATO. Canarias: dentro del territorio aduanero de la Unión pero fuera del IVA (IGIC/AIEM, DUA de introducción). Ceuta y Melilla: fuera del territorio aduanero de la Unión y del IVA (IPSI, importación). Hoy los tres se facturan como península.","SIN DATO: no hay constancia de arancel, IVA o IGIC/IPSI de importación, despacho, última milla ni seguro.",52.0,"Estimación calculada a partir del diámetro (40 kg a 17"" y +4 kg por pulgada). Fuente: exportación Shopify 2026-09-19. No es medición ni peso embalado.",NO CALCULABLE: falta el coste de proveedor,Coste de compra y divisa; incoterm; peso embalado real; plazo de entrega; tarifa de transporte por destino; impuestos y aranceles aplicables; si el PVP es precio final para el cliente; color real del código de acabado MB; compatibilidad de vehículos verificada
SJW-041,OYL260416115,18x8.0 5x112 ET40 buje 66.5 mm,MB,"PENDIENTE. Los títulos y descripciones originales decían ""juego de 4"", pero ese texto lo generó la carga inicial del catálogo, no el proveedor: ninguna nota, metafield ni campo del proveedor menciona unidades. Sin documentar hasta que lo confirme el proveedor o lo decida el propietario.",799.00,"Escalera generada por diámetro en la carga inicial del catálogo: 16""=649,00 · 17""=699,00 · 18""=799,00 · 19""=899,00 · 20""=999,00 · 21""=1.099,00 · 22""=1.249,00 · 23""=1.399,00 €. Fuente: exportación Shopify 19-09-2026, verificada de nuevo el 20-09-2026. No validado comercialmente.",SIN DATO,SIN DATO,"SIN DATO. Tarifa vigente sin tocar: 6,99 € y gratis desde 55 € de pedido, sin condición de peso.","SIN DATO. Hoy cae en la zona ""España"" con la misma tarifa que la península. Baleares sí está dentro del IVA y de la unión aduanera: solo falta el sobrecoste marítimo real.","SIN DATO. Canarias: dentro del territorio aduanero de la Unión pero fuera del IVA (IGIC/AIEM, DUA de introducción). Ceuta y Melilla: fuera del territorio aduanero de la Unión y del IVA (IPSI, importación). Hoy los tres se facturan como península.","SIN DATO: no hay constancia de arancel, IVA o IGIC/IPSI de importación, despacho, última milla ni seguro.",44.0,"Estimación calculada a partir del diámetro (40 kg a 17"" y +4 kg por pulgada). Fuente: exportación Shopify 2026-09-19. No es medición ni peso embalado.",NO CALCULABLE: falta el coste de proveedor,Coste de compra y divisa; incoterm; peso embalado real; plazo de entrega; tarifa de transporte por destino; impuestos y aranceles aplicables; si el PVP es precio final para el cliente; color real del código de acabado MB; compatibilidad de vehículos verificada
SJW-041,OYL260416113,18x8.0 5x112 ET40 buje 66.5 mm,MBI,"PENDIENTE. Los títulos y descripciones originales decían ""juego de 4"", pero ese texto lo generó la carga inicial del catálogo, no el proveedor: ninguna nota, metafield ni campo del proveedor menciona unidades. Sin documentar hasta que lo confirme el proveedor o lo decida el propietario.",799.00,"Escalera generada por diámetro en la carga inicial del catálogo: 16""=649,00 · 17""=699,00 · 18""=799,00 · 19""=899,00 · 20""=999,00 · 21""=1.099,00 · 22""=1.249,00 · 23""=1.399,00 €. Fuente: exportación Shopify 19-09-2026, verificada de nuevo el 20-09-2026. No validado comercialmente.",SIN DATO,SIN DATO,"SIN DATO. Tarifa vigente sin tocar: 6,99 € y gratis desde 55 € de pedido, sin condición de peso.","SIN DATO. Hoy cae en la zona ""España"" con la misma tarifa que la península. Baleares sí está dentro del IVA y de la unión aduanera: solo falta el sobrecoste marítimo real.","SIN DATO. Canarias: dentro del territorio aduanero de la Unión pero fuera del IVA (IGIC/AIEM, DUA de introducción). Ceuta y Melilla: fuera del territorio aduanero de la Unión y del IVA (IPSI, importación). Hoy los tres se facturan como península.","SIN DATO: no hay constancia de arancel, IVA o IGIC/IPSI de importación, despacho, última milla ni seguro.",44.0,"Estimación calculada a partir del diámetro (40 kg a 17"" y +4 kg por pulgada). Fuente: exportación Shopify 2026-09-19. No es medición ni peso embalado.",NO CALCULABLE: falta el coste de proveedor,Coste de compra y divisa; incoterm; peso embalado real; plazo de entrega; tarifa de transporte por destino; impuestos y aranceles aplicables; si el PVP es precio final para el cliente; color real del código de acabado MBI; compatibilidad de vehículos verificada
SJW-041,OYL260416117,18x8.0 5x112 ET35 buje 66.6 mm,MBI,"PENDIENTE. Los títulos y descripciones originales decían ""juego de 4"", pero ese texto lo generó la carga inicial del catálogo, no el proveedor: ninguna nota, metafield ni campo del proveedor menciona unidades. Sin documentar hasta que lo confirme el proveedor o lo decida el propietario.",799.00,"Escalera generada por diámetro en la carga inicial del catálogo: 16""=649,00 · 17""=699,00 · 18""=799,00 · 19""=899,00 · 20""=999,00 · 21""=1.099,00 · 22""=1.249,00 · 23""=1.399,00 €. Fuente: exportación Shopify 19-09-2026, verificada de nuevo el 20-09-2026. No validado comercialmente.",SIN DATO,SIN DATO,"SIN DATO. Tarifa vigente sin tocar: 6,99 € y gratis desde 55 € de pedido, sin condición de peso.","SIN DATO. Hoy cae en la zona ""España"" con la misma tarifa que la península. Baleares sí está dentro del IVA y de la unión aduanera: solo falta el sobrecoste marítimo real.","SIN DATO. Canarias: dentro del territorio aduanero de la Unión pero fuera del IVA (IGIC/AIEM, DUA de introducción). Ceuta y Melilla: fuera del territorio aduanero de la Unión y del IVA (IPSI, importación). Hoy los tres se facturan como península.","SIN DATO: no hay constancia de arancel, IVA o IGIC/IPSI de importación, despacho, última milla ni seguro.",44.0,"Estimación calculada a partir del diámetro (40 kg a 17"" y +4 kg por pulgada). Fuente: exportación Shopify 2026-09-19. No es medición ni peso embalado.",NO CALCULABLE: falta el coste de proveedor,Coste de compra y divisa; incoterm; peso embalado real; plazo de entrega; tarifa de transporte por destino; impuestos y aranceles aplicables; si el PVP es precio final para el cliente; color real del código de acabado MBI; compatibilidad de vehículos verificada
SJW-041,OYL260416116,18x9.0 5x112 ET45 buje 66.5 mm,MB,"PENDIENTE. Los títulos y descripciones originales decían ""juego de 4"", pero ese texto lo generó la carga inicial del catálogo, no el proveedor: ninguna nota, metafield ni campo del proveedor menciona unidades. Sin documentar hasta que lo confirme el proveedor o lo decida el propietario.",799.00,"Escalera generada por diámetro en la carga inicial del catálogo: 16""=649,00 · 17""=699,00 · 18""=799,00 · 19""=899,00 · 20""=999,00 · 21""=1.099,00 · 22""=1.249,00 · 23""=1.399,00 €. Fuente: exportación Shopify 19-09-2026, verificada de nuevo el 20-09-2026. No validado comercialmente.",SIN DATO,SIN DATO,"SIN DATO. Tarifa vigente sin tocar: 6,99 € y gratis desde 55 € de pedido, sin condición de peso.","SIN DATO. Hoy cae en la zona ""España"" con la misma tarifa que la península. Baleares sí está dentro del IVA y de la unión aduanera: solo falta el sobrecoste marítimo real.","SIN DATO. Canarias: dentro del territorio aduanero de la Unión pero fuera del IVA (IGIC/AIEM, DUA de introducción). Ceuta y Melilla: fuera del territorio aduanero de la Unión y del IVA (IPSI, importación). Hoy los tres se facturan como península.","SIN DATO: no hay constancia de arancel, IVA o IGIC/IPSI de importación, despacho, última milla ni seguro.",44.0,"Estimación calculada a partir del diámetro (40 kg a 17"" y +4 kg por pulgada). Fuente: exportación Shopify 2026-09-19. No es medición ni peso embalado.",NO CALCULABLE: falta el coste de proveedor,Coste de compra y divisa; incoterm; peso embalado real; plazo de entrega; tarifa de transporte por destino; impuestos y aranceles aplicables; si el PVP es precio final para el cliente; color real del código de acabado MB; compatibilidad de vehículos verificada
SJW-041,OYL260416114,18x9.0 5x112 ET45 buje 66.5 mm,MBI,"PENDIENTE. Los títulos y descripciones originales decían ""juego de 4"", pero ese texto lo generó la carga inicial del catálogo, no el proveedor: ninguna nota, metafield ni campo del proveedor menciona unidades. Sin documentar hasta que lo confirme el proveedor o lo decida el propietario.",799.00,"Escalera generada por diámetro en la carga inicial del catálogo: 16""=649,00 · 17""=699,00 · 18""=799,00 · 19""=899,00 · 20""=999,00 · 21""=1.099,00 · 22""=1.249,00 · 23""=1.399,00 €. Fuente: exportación Shopify 19-09-2026, verificada de nuevo el 20-09-2026. No validado comercialmente.",SIN DATO,SIN DATO,"SIN DATO. Tarifa vigente sin tocar: 6,99 € y gratis desde 55 € de pedido, sin condición de peso.","SIN DATO. Hoy cae en la zona ""España"" con la misma tarifa que la península. Baleares sí está dentro del IVA y de la unión aduanera: solo falta el sobrecoste marítimo real.","SIN DATO. Canarias: dentro del territorio aduanero de la Unión pero fuera del IVA (IGIC/AIEM, DUA de introducción). Ceuta y Melilla: fuera del territorio aduanero de la Unión y del IVA (IPSI, importación). Hoy los tres se facturan como península.","SIN DATO: no hay constancia de arancel, IVA o IGIC/IPSI de importación, despacho, última milla ni seguro.",44.0,"Estimación calculada a partir del diámetro (40 kg a 17"" y +4 kg por pulgada). Fuente: exportación Shopify 2026-09-19. No es medición ni peso embalado.",NO CALCULABLE: falta el coste de proveedor,Coste de compra y divisa; incoterm; peso embalado real; plazo de entrega; tarifa de transporte por destino; impuestos y aranceles aplicables; si el PVP es precio final para el cliente; color real del código de acabado MBI; compatibilidad de vehículos verificada
SJW-041,OYL260416120,19x8.0 5x112 ET36 buje 66.5 mm,MB,"PENDIENTE. Los títulos y descripciones originales decían ""juego de 4"", pero ese texto lo generó la carga inicial del catálogo, no el proveedor: ninguna nota, metafield ni campo del proveedor menciona unidades. Sin documentar hasta que lo confirme el proveedor o lo decida el propietario.",899.00,"Escalera generada por diámetro en la carga inicial del catálogo: 16""=649,00 · 17""=699,00 · 18""=799,00 · 19""=899,00 · 20""=999,00 · 21""=1.099,00 · 22""=1.249,00 · 23""=1.399,00 €. Fuente: exportación Shopify 19-09-2026, verificada de nuevo el 20-09-2026. No validado comercialmente.",SIN DATO,SIN DATO,"SIN DATO. Tarifa vigente sin tocar: 6,99 € y gratis desde 55 € de pedido, sin condición de peso.","SIN DATO. Hoy cae en la zona ""España"" con la misma tarifa que la península. Baleares sí está dentro del IVA y de la unión aduanera: solo falta el sobrecoste marítimo real.","SIN DATO. Canarias: dentro del territorio aduanero de la Unión pero fuera del IVA (IGIC/AIEM, DUA de introducción). Ceuta y Melilla: fuera del territorio aduanero de la Unión y del IVA (IPSI, importación). Hoy los tres se facturan como península.","SIN DATO: no hay constancia de arancel, IVA o IGIC/IPSI de importación, despacho, última milla ni seguro.",48.0,"Estimación calculada a partir del diámetro (40 kg a 17"" y +4 kg por pulgada). Fuente: exportación Shopify 2026-09-19. No es medición ni peso embalado.",NO CALCULABLE: falta el coste de proveedor,Coste de compra y divisa; incoterm; peso embalado real; plazo de entrega; tarifa de transporte por destino; impuestos y aranceles aplicables; si el PVP es precio final para el cliente; color real del código de acabado MB; compatibilidad de vehículos verificada
SJW-041,OYL260416118,19x8.0 5x112 ET36 buje 66.5 mm,MBI,"PENDIENTE. Los títulos y descripciones originales decían ""juego de 4"", pero ese texto lo generó la carga inicial del catálogo, no el proveedor: ninguna nota, metafield ni campo del proveedor menciona unidades. Sin documentar hasta que lo confirme el proveedor o lo decida el propietario.",899.00,"Escalera generada por diámetro en la carga inicial del catálogo: 16""=649,00 · 17""=699,00 · 18""=799,00 · 19""=899,00 · 20""=999,00 · 21""=1.099,00 · 22""=1.249,00 · 23""=1.399,00 €. Fuente: exportación Shopify 19-09-2026, verificada de nuevo el 20-09-2026. No validado comercialmente.",SIN DATO,SIN DATO,"SIN DATO. Tarifa vigente sin tocar: 6,99 € y gratis desde 55 € de pedido, sin condición de peso.","SIN DATO. Hoy cae en la zona ""España"" con la misma tarifa que la península. Baleares sí está dentro del IVA y de la unión aduanera: solo falta el sobrecoste marítimo real.","SIN DATO. Canarias: dentro del territorio aduanero de la Unión pero fuera del IVA (IGIC/AIEM, DUA de introducción). Ceuta y Melilla: fuera del territorio aduanero de la Unión y del IVA (IPSI, importación). Hoy los tres se facturan como península.","SIN DATO: no hay constancia de arancel, IVA o IGIC/IPSI de importación, despacho, última milla ni seguro.",48.0,"Estimación calculada a partir del diámetro (40 kg a 17"" y +4 kg por pulgada). Fuente: exportación Shopify 2026-09-19. No es medición ni peso embalado.",NO CALCULABLE: falta el coste de proveedor,Coste de compra y divisa; incoterm; peso embalado real; plazo de entrega; tarifa de transporte por destino; impuestos y aranceles aplicables; si el PVP es precio final para el cliente; color real del código de acabado MBI; compatibilidad de vehículos verificada
SJW-041,OYL260416121,19x9.0 5x112 ET42 buje 66.5 mm,MB,"PENDIENTE. Los títulos y descripciones originales decían ""juego de 4"", pero ese texto lo generó la carga inicial del catálogo, no el proveedor: ninguna nota, metafield ni campo del proveedor menciona unidades. Sin documentar hasta que lo confirme el proveedor o lo decida el propietario.",899.00,"Escalera generada por diámetro en la carga inicial del catálogo: 16""=649,00 · 17""=699,00 · 18""=799,00 · 19""=899,00 · 20""=999,00 · 21""=1.099,00 · 22""=1.249,00 · 23""=1.399,00 €. Fuente: exportación Shopify 19-09-2026, verificada de nuevo el 20-09-2026. No validado comercialmente.",SIN DATO,SIN DATO,"SIN DATO. Tarifa vigente sin tocar: 6,99 € y gratis desde 55 € de pedido, sin condición de peso.","SIN DATO. Hoy cae en la zona ""España"" con la misma tarifa que la península. Baleares sí está dentro del IVA y de la unión aduanera: solo falta el sobrecoste marítimo real.","SIN DATO. Canarias: dentro del territorio aduanero de la Unión pero fuera del IVA (IGIC/AIEM, DUA de introducción). Ceuta y Melilla: fuera del territorio aduanero de la Unión y del IVA (IPSI, importación). Hoy los tres se facturan como península.","SIN DATO: no hay constancia de arancel, IVA o IGIC/IPSI de importación, despacho, última milla ni seguro.",48.0,"Estimación calculada a partir del diámetro (40 kg a 17"" y +4 kg por pulgada). Fuente: exportación Shopify 2026-09-19. No es medición ni peso embalado.",NO CALCULABLE: falta el coste de proveedor,Coste de compra y divisa; incoterm; peso embalado real; plazo de entrega; tarifa de transporte por destino; impuestos y aranceles aplicables; si el PVP es precio final para el cliente; color real del código de acabado MB; compatibilidad de vehículos verificada
SJW-041,OYL260416119,19x9.0 5x112 ET42 buje 66.5 mm,MBI,"PENDIENTE. Los títulos y descripciones originales decían ""juego de 4"", pero ese texto lo generó la carga inicial del catálogo, no el proveedor: ninguna nota, metafield ni campo del proveedor menciona unidades. Sin documentar hasta que lo confirme el proveedor o lo decida el propietario.",899.00,"Escalera generada por diámetro en la carga inicial del catálogo: 16""=649,00 · 17""=699,00 · 18""=799,00 · 19""=899,00 · 20""=999,00 · 21""=1.099,00 · 22""=1.249,00 · 23""=1.399,00 €. Fuente: exportación Shopify 19-09-2026, verificada de nuevo el 20-09-2026. No validado comercialmente.",SIN DATO,SIN DATO,"SIN DATO. Tarifa vigente sin tocar: 6,99 € y gratis desde 55 € de pedido, sin condición de peso.","SIN DATO. Hoy cae en la zona ""España"" con la misma tarifa que la península. Baleares sí está dentro del IVA y de la unión aduanera: solo falta el sobrecoste marítimo real.","SIN DATO. Canarias: dentro del territorio aduanero de la Unión pero fuera del IVA (IGIC/AIEM, DUA de introducción). Ceuta y Melilla: fuera del territorio aduanero de la Unión y del IVA (IPSI, importación). Hoy los tres se facturan como península.","SIN DATO: no hay constancia de arancel, IVA o IGIC/IPSI de importación, despacho, última milla ni seguro.",48.0,"Estimación calculada a partir del diámetro (40 kg a 17"" y +4 kg por pulgada). Fuente: exportación Shopify 2026-09-19. No es medición ni peso embalado.",NO CALCULABLE: falta el coste de proveedor,Coste de compra y divisa; incoterm; peso embalado real; plazo de entrega; tarifa de transporte por destino; impuestos y aranceles aplicables; si el PVP es precio final para el cliente; color real del código de acabado MBI; compatibilidad de vehículos verificada
SJW-041,OYL260416122,20x8.5 5x112 ET36 buje 66.5 mm,MB,"PENDIENTE. Los títulos y descripciones originales decían ""juego de 4"", pero ese texto lo generó la carga inicial del catálogo, no el proveedor: ninguna nota, metafield ni campo del proveedor menciona unidades. Sin documentar hasta que lo confirme el proveedor o lo decida el propietario.",999.00,"Escalera generada por diámetro en la carga inicial del catálogo: 16""=649,00 · 17""=699,00 · 18""=799,00 · 19""=899,00 · 20""=999,00 · 21""=1.099,00 · 22""=1.249,00 · 23""=1.399,00 €. Fuente: exportación Shopify 19-09-2026, verificada de nuevo el 20-09-2026. No validado comercialmente.",SIN DATO,SIN DATO,"SIN DATO. Tarifa vigente sin tocar: 6,99 € y gratis desde 55 € de pedido, sin condición de peso.","SIN DATO. Hoy cae en la zona ""España"" con la misma tarifa que la península. Baleares sí está dentro del IVA y de la unión aduanera: solo falta el sobrecoste marítimo real.","SIN DATO. Canarias: dentro del territorio aduanero de la Unión pero fuera del IVA (IGIC/AIEM, DUA de introducción). Ceuta y Melilla: fuera del territorio aduanero de la Unión y del IVA (IPSI, importación). Hoy los tres se facturan como península.","SIN DATO: no hay constancia de arancel, IVA o IGIC/IPSI de importación, despacho, última milla ni seguro.",52.0,"Estimación calculada a partir del diámetro (40 kg a 17"" y +4 kg por pulgada). Fuente: exportación Shopify 2026-09-19. No es medición ni peso embalado.",NO CALCULABLE: falta el coste de proveedor,Coste de compra y divisa; incoterm; peso embalado real; plazo de entrega; tarifa de transporte por destino; impuestos y aranceles aplicables; si el PVP es precio final para el cliente; color real del código de acabado MB; compatibilidad de vehículos verificada
SJW-041,OYL260416124,20x8.5 5x112 ET36 buje 66.5 mm,MIB,"PENDIENTE. Los títulos y descripciones originales decían ""juego de 4"", pero ese texto lo generó la carga inicial del catálogo, no el proveedor: ninguna nota, metafield ni campo del proveedor menciona unidades. Sin documentar hasta que lo confirme el proveedor o lo decida el propietario.",999.00,"Escalera generada por diámetro en la carga inicial del catálogo: 16""=649,00 · 17""=699,00 · 18""=799,00 · 19""=899,00 · 20""=999,00 · 21""=1.099,00 · 22""=1.249,00 · 23""=1.399,00 €. Fuente: exportación Shopify 19-09-2026, verificada de nuevo el 20-09-2026. No validado comercialmente.",SIN DATO,SIN DATO,"SIN DATO. Tarifa vigente sin tocar: 6,99 € y gratis desde 55 € de pedido, sin condición de peso.","SIN DATO. Hoy cae en la zona ""España"" con la misma tarifa que la península. Baleares sí está dentro del IVA y de la unión aduanera: solo falta el sobrecoste marítimo real.","SIN DATO. Canarias: dentro del territorio aduanero de la Unión pero fuera del IVA (IGIC/AIEM, DUA de introducción). Ceuta y Melilla: fuera del territorio aduanero de la Unión y del IVA (IPSI, importación). Hoy los tres se facturan como península.","SIN DATO: no hay constancia de arancel, IVA o IGIC/IPSI de importación, despacho, última milla ni seguro.",52.0,"Estimación calculada a partir del diámetro (40 kg a 17"" y +4 kg por pulgada). Fuente: exportación Shopify 2026-09-19. No es medición ni peso embalado.",NO CALCULABLE: falta el coste de proveedor,Coste de compra y divisa; incoterm; peso embalado real; plazo de entrega; tarifa de transporte por destino; impuestos y aranceles aplicables; si el PVP es precio final para el cliente; color real del código de acabado MIB; compatibilidad de vehículos verificada
SJW-041,OYL260416123,20x9.5 5x112 ET43 buje 66.5 mm,MB,"PENDIENTE. Los títulos y descripciones originales decían ""juego de 4"", pero ese texto lo generó la carga inicial del catálogo, no el proveedor: ninguna nota, metafield ni campo del proveedor menciona unidades. Sin documentar hasta que lo confirme el proveedor o lo decida el propietario.",999.00,"Escalera generada por diámetro en la carga inicial del catálogo: 16""=649,00 · 17""=699,00 · 18""=799,00 · 19""=899,00 · 20""=999,00 · 21""=1.099,00 · 22""=1.249,00 · 23""=1.399,00 €. Fuente: exportación Shopify 19-09-2026, verificada de nuevo el 20-09-2026. No validado comercialmente.",SIN DATO,SIN DATO,"SIN DATO. Tarifa vigente sin tocar: 6,99 € y gratis desde 55 € de pedido, sin condición de peso.","SIN DATO. Hoy cae en la zona ""España"" con la misma tarifa que la península. Baleares sí está dentro del IVA y de la unión aduanera: solo falta el sobrecoste marítimo real.","SIN DATO. Canarias: dentro del territorio aduanero de la Unión pero fuera del IVA (IGIC/AIEM, DUA de introducción). Ceuta y Melilla: fuera del territorio aduanero de la Unión y del IVA (IPSI, importación). Hoy los tres se facturan como península.","SIN DATO: no hay constancia de arancel, IVA o IGIC/IPSI de importación, despacho, última milla ni seguro.",52.0,"Estimación calculada a partir del diámetro (40 kg a 17"" y +4 kg por pulgada). Fuente: exportación Shopify 2026-09-19. No es medición ni peso embalado.",NO CALCULABLE: falta el coste de proveedor,Coste de compra y divisa; incoterm; peso embalado real; plazo de entrega; tarifa de transporte por destino; impuestos y aranceles aplicables; si el PVP es precio final para el cliente; color real del código de acabado MB; compatibilidad de vehículos verificada
SJW-041,OYL260416125,20x9.5 5x112 ET43 buje 66.5 mm,MIB,"PENDIENTE. Los títulos y descripciones originales decían ""juego de 4"", pero ese texto lo generó la carga inicial del catálogo, no el proveedor: ninguna nota, metafield ni campo del proveedor menciona unidades. Sin documentar hasta que lo confirme el proveedor o lo decida el propietario.",999.00,"Escalera generada por diámetro en la carga inicial del catálogo: 16""=649,00 · 17""=699,00 · 18""=799,00 · 19""=899,00 · 20""=999,00 · 21""=1.099,00 · 22""=1.249,00 · 23""=1.399,00 €. Fuente: exportación Shopify 19-09-2026, verificada de nuevo el 20-09-2026. No validado comercialmente.",SIN DATO,SIN DATO,"SIN DATO. Tarifa vigente sin tocar: 6,99 € y gratis desde 55 € de pedido, sin condición de peso.","SIN DATO. Hoy cae en la zona ""España"" con la misma tarifa que la península. Baleares sí está dentro del IVA y de la unión aduanera: solo falta el sobrecoste marítimo real.","SIN DATO. Canarias: dentro del territorio aduanero de la Unión pero fuera del IVA (IGIC/AIEM, DUA de introducción). Ceuta y Melilla: fuera del territorio aduanero de la Unión y del IVA (IPSI, importación). Hoy los tres se facturan como península.","SIN DATO: no hay constancia de arancel, IVA o IGIC/IPSI de importación, despacho, última milla ni seguro.",52.0,"Estimación calculada a partir del diámetro (40 kg a 17"" y +4 kg por pulgada). Fuente: exportación Shopify 2026-09-19. No es medición ni peso embalado.",NO CALCULABLE: falta el coste de proveedor,Coste de compra y divisa; incoterm; peso embalado real; plazo de entrega; tarifa de transporte por destino; impuestos y aranceles aplicables; si el PVP es precio final para el cliente; color real del código de acabado MIB; compatibilidad de vehículos verificada
SJW-043,OYL260416127,18x8.0 5x112 ET36 buje 66.5 mm,MB,"PENDIENTE. Los títulos y descripciones originales decían ""juego de 4"", pero ese texto lo generó la carga inicial del catálogo, no el proveedor: ninguna nota, metafield ni campo del proveedor menciona unidades. Sin documentar hasta que lo confirme el proveedor o lo decida el propietario.",799.00,"Escalera generada por diámetro en la carga inicial del catálogo: 16""=649,00 · 17""=699,00 · 18""=799,00 · 19""=899,00 · 20""=999,00 · 21""=1.099,00 · 22""=1.249,00 · 23""=1.399,00 €. Fuente: exportación Shopify 19-09-2026, verificada de nuevo el 20-09-2026. No validado comercialmente.",SIN DATO,SIN DATO,"SIN DATO. Tarifa vigente sin tocar: 6,99 € y gratis desde 55 € de pedido, sin condición de peso.","SIN DATO. Hoy cae en la zona ""España"" con la misma tarifa que la península. Baleares sí está dentro del IVA y de la unión aduanera: solo falta el sobrecoste marítimo real.","SIN DATO. Canarias: dentro del territorio aduanero de la Unión pero fuera del IVA (IGIC/AIEM, DUA de introducción). Ceuta y Melilla: fuera del territorio aduanero de la Unión y del IVA (IPSI, importación). Hoy los tres se facturan como península.","SIN DATO: no hay constancia de arancel, IVA o IGIC/IPSI de importación, despacho, última milla ni seguro.",44.0,"Estimación calculada a partir del diámetro (40 kg a 17"" y +4 kg por pulgada). Fuente: exportación Shopify 2026-09-19. No es medición ni peso embalado.",NO CALCULABLE: falta el coste de proveedor,Coste de compra y divisa; incoterm; peso embalado real; plazo de entrega; tarifa de transporte por destino; impuestos y aranceles aplicables; si el PVP es precio final para el cliente; color real del código de acabado MB; compatibilidad de vehículos verificada
SJW-043,OYL260416128,18x9.0 5x112 ET42 buje 66.5 mm,MB,"PENDIENTE. Los títulos y descripciones originales decían ""juego de 4"", pero ese texto lo generó la carga inicial del catálogo, no el proveedor: ninguna nota, metafield ni campo del proveedor menciona unidades. Sin documentar hasta que lo confirme el proveedor o lo decida el propietario.",799.00,"Escalera generada por diámetro en la carga inicial del catálogo: 16""=649,00 · 17""=699,00 · 18""=799,00 · 19""=899,00 · 20""=999,00 · 21""=1.099,00 · 22""=1.249,00 · 23""=1.399,00 €. Fuente: exportación Shopify 19-09-2026, verificada de nuevo el 20-09-2026. No validado comercialmente.",SIN DATO,SIN DATO,"SIN DATO. Tarifa vigente sin tocar: 6,99 € y gratis desde 55 € de pedido, sin condición de peso.","SIN DATO. Hoy cae en la zona ""España"" con la misma tarifa que la península. Baleares sí está dentro del IVA y de la unión aduanera: solo falta el sobrecoste marítimo real.","SIN DATO. Canarias: dentro del territorio aduanero de la Unión pero fuera del IVA (IGIC/AIEM, DUA de introducción). Ceuta y Melilla: fuera del territorio aduanero de la Unión y del IVA (IPSI, importación). Hoy los tres se facturan como península.","SIN DATO: no hay constancia de arancel, IVA o IGIC/IPSI de importación, despacho, última milla ni seguro.",44.0,"Estimación calculada a partir del diámetro (40 kg a 17"" y +4 kg por pulgada). Fuente: exportación Shopify 2026-09-19. No es medición ni peso embalado.",NO CALCULABLE: falta el coste de proveedor,Coste de compra y divisa; incoterm; peso embalado real; plazo de entrega; tarifa de transporte por destino; impuestos y aranceles aplicables; si el PVP es precio final para el cliente; color real del código de acabado MB; compatibilidad de vehículos verificada
SJW-043,OYL260416129,19x8.5 5x112 ET36 buje 66.5 mm,MB,"PENDIENTE. Los títulos y descripciones originales decían ""juego de 4"", pero ese texto lo generó la carga inicial del catálogo, no el proveedor: ninguna nota, metafield ni campo del proveedor menciona unidades. Sin documentar hasta que lo confirme el proveedor o lo decida el propietario.",899.00,"Escalera generada por diámetro en la carga inicial del catálogo: 16""=649,00 · 17""=699,00 · 18""=799,00 · 19""=899,00 · 20""=999,00 · 21""=1.099,00 · 22""=1.249,00 · 23""=1.399,00 €. Fuente: exportación Shopify 19-09-2026, verificada de nuevo el 20-09-2026. No validado comercialmente.",SIN DATO,SIN DATO,"SIN DATO. Tarifa vigente sin tocar: 6,99 € y gratis desde 55 € de pedido, sin condición de peso.","SIN DATO. Hoy cae en la zona ""España"" con la misma tarifa que la península. Baleares sí está dentro del IVA y de la unión aduanera: solo falta el sobrecoste marítimo real.","SIN DATO. Canarias: dentro del territorio aduanero de la Unión pero fuera del IVA (IGIC/AIEM, DUA de introducción). Ceuta y Melilla: fuera del territorio aduanero de la Unión y del IVA (IPSI, importación). Hoy los tres se facturan como península.","SIN DATO: no hay constancia de arancel, IVA o IGIC/IPSI de importación, despacho, última milla ni seguro.",48.0,"Estimación calculada a partir del diámetro (40 kg a 17"" y +4 kg por pulgada). Fuente: exportación Shopify 2026-09-19. No es medición ni peso embalado.",NO CALCULABLE: falta el coste de proveedor,Coste de compra y divisa; incoterm; peso embalado real; plazo de entrega; tarifa de transporte por destino; impuestos y aranceles aplicables; si el PVP es precio final para el cliente; color real del código de acabado MB; compatibilidad de vehículos verificada
SJW-043,OYL260416130,19x9.5 5x112 ET43 buje 66.5 mm,MB,"PENDIENTE. Los títulos y descripciones originales decían ""juego de 4"", pero ese texto lo generó la carga inicial del catálogo, no el proveedor: ninguna nota, metafield ni campo del proveedor menciona unidades. Sin documentar hasta que lo confirme el proveedor o lo decida el propietario.",899.00,"Escalera generada por diámetro en la carga inicial del catálogo: 16""=649,00 · 17""=699,00 · 18""=799,00 · 19""=899,00 · 20""=999,00 · 21""=1.099,00 · 22""=1.249,00 · 23""=1.399,00 €. Fuente: exportación Shopify 19-09-2026, verificada de nuevo el 20-09-2026. No validado comercialmente.",SIN DATO,SIN DATO,"SIN DATO. Tarifa vigente sin tocar: 6,99 € y gratis desde 55 € de pedido, sin condición de peso.","SIN DATO. Hoy cae en la zona ""España"" con la misma tarifa que la península. Baleares sí está dentro del IVA y de la unión aduanera: solo falta el sobrecoste marítimo real.","SIN DATO. Canarias: dentro del territorio aduanero de la Unión pero fuera del IVA (IGIC/AIEM, DUA de introducción). Ceuta y Melilla: fuera del territorio aduanero de la Unión y del IVA (IPSI, importación). Hoy los tres se facturan como península.","SIN DATO: no hay constancia de arancel, IVA o IGIC/IPSI de importación, despacho, última milla ni seguro.",48.0,"Estimación calculada a partir del diámetro (40 kg a 17"" y +4 kg por pulgada). Fuente: exportación Shopify 2026-09-19. No es medición ni peso embalado.",NO CALCULABLE: falta el coste de proveedor,Coste de compra y divisa; incoterm; peso embalado real; plazo de entrega; tarifa de transporte por destino; impuestos y aranceles aplicables; si el PVP es precio final para el cliente; color real del código de acabado MB; compatibilidad de vehículos verificada
SJW-043,OYL260416131,20x8.5 5x112 ET36 buje 66.5 mm,MB,"PENDIENTE. Los títulos y descripciones originales decían ""juego de 4"", pero ese texto lo generó la carga inicial del catálogo, no el proveedor: ninguna nota, metafield ni campo del proveedor menciona unidades. Sin documentar hasta que lo confirme el proveedor o lo decida el propietario.",999.00,"Escalera generada por diámetro en la carga inicial del catálogo: 16""=649,00 · 17""=699,00 · 18""=799,00 · 19""=899,00 · 20""=999,00 · 21""=1.099,00 · 22""=1.249,00 · 23""=1.399,00 €. Fuente: exportación Shopify 19-09-2026, verificada de nuevo el 20-09-2026. No validado comercialmente.",SIN DATO,SIN DATO,"SIN DATO. Tarifa vigente sin tocar: 6,99 € y gratis desde 55 € de pedido, sin condición de peso.","SIN DATO. Hoy cae en la zona ""España"" con la misma tarifa que la península. Baleares sí está dentro del IVA y de la unión aduanera: solo falta el sobrecoste marítimo real.","SIN DATO. Canarias: dentro del territorio aduanero de la Unión pero fuera del IVA (IGIC/AIEM, DUA de introducción). Ceuta y Melilla: fuera del territorio aduanero de la Unión y del IVA (IPSI, importación). Hoy los tres se facturan como península.","SIN DATO: no hay constancia de arancel, IVA o IGIC/IPSI de importación, despacho, última milla ni seguro.",52.0,"Estimación calculada a partir del diámetro (40 kg a 17"" y +4 kg por pulgada). Fuente: exportación Shopify 2026-09-19. No es medición ni peso embalado.",NO CALCULABLE: falta el coste de proveedor,Coste de compra y divisa; incoterm; peso embalado real; plazo de entrega; tarifa de transporte por destino; impuestos y aranceles aplicables; si el PVP es precio final para el cliente; color real del código de acabado MB; compatibilidad de vehículos verificada
SJW-043,OYL260416132,20x9.5 5x112 ET43 buje 66.5 mm,MB,"PENDIENTE. Los títulos y descripciones originales decían ""juego de 4"", pero ese texto lo generó la carga inicial del catálogo, no el proveedor: ninguna nota, metafield ni campo del proveedor menciona unidades. Sin documentar hasta que lo confirme el proveedor o lo decida el propietario.",999.00,"Escalera generada por diámetro en la carga inicial del catálogo: 16""=649,00 · 17""=699,00 · 18""=799,00 · 19""=899,00 · 20""=999,00 · 21""=1.099,00 · 22""=1.249,00 · 23""=1.399,00 €. Fuente: exportación Shopify 19-09-2026, verificada de nuevo el 20-09-2026. No validado comercialmente.",SIN DATO,SIN DATO,"SIN DATO. Tarifa vigente sin tocar: 6,99 € y gratis desde 55 € de pedido, sin condición de peso.","SIN DATO. Hoy cae en la zona ""España"" con la misma tarifa que la península. Baleares sí está dentro del IVA y de la unión aduanera: solo falta el sobrecoste marítimo real.","SIN DATO. Canarias: dentro del territorio aduanero de la Unión pero fuera del IVA (IGIC/AIEM, DUA de introducción). Ceuta y Melilla: fuera del territorio aduanero de la Unión y del IVA (IPSI, importación). Hoy los tres se facturan como península.","SIN DATO: no hay constancia de arancel, IVA o IGIC/IPSI de importación, despacho, última milla ni seguro.",52.0,"Estimación calculada a partir del diámetro (40 kg a 17"" y +4 kg por pulgada). Fuente: exportación Shopify 2026-09-19. No es medición ni peso embalado.",NO CALCULABLE: falta el coste de proveedor,Coste de compra y divisa; incoterm; peso embalado real; plazo de entrega; tarifa de transporte por destino; impuestos y aranceles aplicables; si el PVP es precio final para el cliente; color real del código de acabado MB; compatibilidad de vehículos verificada
SJW-043,OYL260416133,21x9.0 5x112 ET34 buje 66.5 mm,MB,"PENDIENTE. Los títulos y descripciones originales decían ""juego de 4"", pero ese texto lo generó la carga inicial del catálogo, no el proveedor: ninguna nota, metafield ni campo del proveedor menciona unidades. Sin documentar hasta que lo confirme el proveedor o lo decida el propietario.",1099.00,"Escalera generada por diámetro en la carga inicial del catálogo: 16""=649,00 · 17""=699,00 · 18""=799,00 · 19""=899,00 · 20""=999,00 · 21""=1.099,00 · 22""=1.249,00 · 23""=1.399,00 €. Fuente: exportación Shopify 19-09-2026, verificada de nuevo el 20-09-2026. No validado comercialmente.",SIN DATO,SIN DATO,"SIN DATO. Tarifa vigente sin tocar: 6,99 € y gratis desde 55 € de pedido, sin condición de peso.","SIN DATO. Hoy cae en la zona ""España"" con la misma tarifa que la península. Baleares sí está dentro del IVA y de la unión aduanera: solo falta el sobrecoste marítimo real.","SIN DATO. Canarias: dentro del territorio aduanero de la Unión pero fuera del IVA (IGIC/AIEM, DUA de introducción). Ceuta y Melilla: fuera del territorio aduanero de la Unión y del IVA (IPSI, importación). Hoy los tres se facturan como península.","SIN DATO: no hay constancia de arancel, IVA o IGIC/IPSI de importación, despacho, última milla ni seguro.",56.0,"Estimación calculada a partir del diámetro (40 kg a 17"" y +4 kg por pulgada). Fuente: exportación Shopify 2026-09-19. No es medición ni peso embalado.",NO CALCULABLE: falta el coste de proveedor,Coste de compra y divisa; incoterm; peso embalado real; plazo de entrega; tarifa de transporte por destino; impuestos y aranceles aplicables; si el PVP es precio final para el cliente; color real del código de acabado MB; compatibilidad de vehículos verificada
SJW-043,OYL260416134,21x10.0 5x112 ET48 buje 66.5 mm,MB,"PENDIENTE. Los títulos y descripciones originales decían ""juego de 4"", pero ese texto lo generó la carga inicial del catálogo, no el proveedor: ninguna nota, metafield ni campo del proveedor menciona unidades. Sin documentar hasta que lo confirme el proveedor o lo decida el propietario.",1099.00,"Escalera generada por diámetro en la carga inicial del catálogo: 16""=649,00 · 17""=699,00 · 18""=799,00 · 19""=899,00 · 20""=999,00 · 21""=1.099,00 · 22""=1.249,00 · 23""=1.399,00 €. Fuente: exportación Shopify 19-09-2026, verificada de nuevo el 20-09-2026. No validado comercialmente.",SIN DATO,SIN DATO,"SIN DATO. Tarifa vigente sin tocar: 6,99 € y gratis desde 55 € de pedido, sin condición de peso.","SIN DATO. Hoy cae en la zona ""España"" con la misma tarifa que la península. Baleares sí está dentro del IVA y de la unión aduanera: solo falta el sobrecoste marítimo real.","SIN DATO. Canarias: dentro del territorio aduanero de la Unión pero fuera del IVA (IGIC/AIEM, DUA de introducción). Ceuta y Melilla: fuera del territorio aduanero de la Unión y del IVA (IPSI, importación). Hoy los tres se facturan como península.","SIN DATO: no hay constancia de arancel, IVA o IGIC/IPSI de importación, despacho, última milla ni seguro.",56.0,"Estimación calculada a partir del diámetro (40 kg a 17"" y +4 kg por pulgada). Fuente: exportación Shopify 2026-09-19. No es medición ni peso embalado.",NO CALCULABLE: falta el coste de proveedor,Coste de compra y divisa; incoterm; peso embalado real; plazo de entrega; tarifa de transporte por destino; impuestos y aranceles aplicables; si el PVP es precio final para el cliente; color real del código de acabado MB; compatibilidad de vehículos verificada
SJW-044,OYL260416135,19x8.5 5x112 ET36 buje 66.5 mm,MB,"PENDIENTE. Los títulos y descripciones originales decían ""juego de 4"", pero ese texto lo generó la carga inicial del catálogo, no el proveedor: ninguna nota, metafield ni campo del proveedor menciona unidades. Sin documentar hasta que lo confirme el proveedor o lo decida el propietario.",899.00,"Escalera generada por diámetro en la carga inicial del catálogo: 16""=649,00 · 17""=699,00 · 18""=799,00 · 19""=899,00 · 20""=999,00 · 21""=1.099,00 · 22""=1.249,00 · 23""=1.399,00 €. Fuente: exportación Shopify 19-09-2026, verificada de nuevo el 20-09-2026. No validado comercialmente.",SIN DATO,SIN DATO,"SIN DATO. Tarifa vigente sin tocar: 6,99 € y gratis desde 55 € de pedido, sin condición de peso.","SIN DATO. Hoy cae en la zona ""España"" con la misma tarifa que la península. Baleares sí está dentro del IVA y de la unión aduanera: solo falta el sobrecoste marítimo real.","SIN DATO. Canarias: dentro del territorio aduanero de la Unión pero fuera del IVA (IGIC/AIEM, DUA de introducción). Ceuta y Melilla: fuera del territorio aduanero de la Unión y del IVA (IPSI, importación). Hoy los tres se facturan como península.","SIN DATO: no hay constancia de arancel, IVA o IGIC/IPSI de importación, despacho, última milla ni seguro.",48.0,"Estimación calculada a partir del diámetro (40 kg a 17"" y +4 kg por pulgada). Fuente: exportación Shopify 2026-09-19. No es medición ni peso embalado.",NO CALCULABLE: falta el coste de proveedor,Coste de compra y divisa; incoterm; peso embalado real; plazo de entrega; tarifa de transporte por destino; impuestos y aranceles aplicables; si el PVP es precio final para el cliente; color real del código de acabado MB; compatibilidad de vehículos verificada
SJW-044,OYL260416136,19x9.5 5x112 ET43 buje 66.5 mm,MB,"PENDIENTE. Los títulos y descripciones originales decían ""juego de 4"", pero ese texto lo generó la carga inicial del catálogo, no el proveedor: ninguna nota, metafield ni campo del proveedor menciona unidades. Sin documentar hasta que lo confirme el proveedor o lo decida el propietario.",899.00,"Escalera generada por diámetro en la carga inicial del catálogo: 16""=649,00 · 17""=699,00 · 18""=799,00 · 19""=899,00 · 20""=999,00 · 21""=1.099,00 · 22""=1.249,00 · 23""=1.399,00 €. Fuente: exportación Shopify 19-09-2026, verificada de nuevo el 20-09-2026. No validado comercialmente.",SIN DATO,SIN DATO,"SIN DATO. Tarifa vigente sin tocar: 6,99 € y gratis desde 55 € de pedido, sin condición de peso.","SIN DATO. Hoy cae en la zona ""España"" con la misma tarifa que la península. Baleares sí está dentro del IVA y de la unión aduanera: solo falta el sobrecoste marítimo real.","SIN DATO. Canarias: dentro del territorio aduanero de la Unión pero fuera del IVA (IGIC/AIEM, DUA de introducción). Ceuta y Melilla: fuera del territorio aduanero de la Unión y del IVA (IPSI, importación). Hoy los tres se facturan como península.","SIN DATO: no hay constancia de arancel, IVA o IGIC/IPSI de importación, despacho, última milla ni seguro.",48.0,"Estimación calculada a partir del diámetro (40 kg a 17"" y +4 kg por pulgada). Fuente: exportación Shopify 2026-09-19. No es medición ni peso embalado.",NO CALCULABLE: falta el coste de proveedor,Coste de compra y divisa; incoterm; peso embalado real; plazo de entrega; tarifa de transporte por destino; impuestos y aranceles aplicables; si el PVP es precio final para el cliente; color real del código de acabado MB; compatibilidad de vehículos verificada
SJW-044,OYL260416137,20x8.5 5x112 ET36 buje 66.5 mm,MB,"PENDIENTE. Los títulos y descripciones originales decían ""juego de 4"", pero ese texto lo generó la carga inicial del catálogo, no el proveedor: ninguna nota, metafield ni campo del proveedor menciona unidades. Sin documentar hasta que lo confirme el proveedor o lo decida el propietario.",999.00,"Escalera generada por diámetro en la carga inicial del catálogo: 16""=649,00 · 17""=699,00 · 18""=799,00 · 19""=899,00 · 20""=999,00 · 21""=1.099,00 · 22""=1.249,00 · 23""=1.399,00 €. Fuente: exportación Shopify 19-09-2026, verificada de nuevo el 20-09-2026. No validado comercialmente.",SIN DATO,SIN DATO,"SIN DATO. Tarifa vigente sin tocar: 6,99 € y gratis desde 55 € de pedido, sin condición de peso.","SIN DATO. Hoy cae en la zona ""España"" con la misma tarifa que la península. Baleares sí está dentro del IVA y de la unión aduanera: solo falta el sobrecoste marítimo real.","SIN DATO. Canarias: dentro del territorio aduanero de la Unión pero fuera del IVA (IGIC/AIEM, DUA de introducción). Ceuta y Melilla: fuera del territorio aduanero de la Unión y del IVA (IPSI, importación). Hoy los tres se facturan como península.","SIN DATO: no hay constancia de arancel, IVA o IGIC/IPSI de importación, despacho, última milla ni seguro.",52.0,"Estimación calculada a partir del diámetro (40 kg a 17"" y +4 kg por pulgada). Fuente: exportación Shopify 2026-09-19. No es medición ni peso embalado.",NO CALCULABLE: falta el coste de proveedor,Coste de compra y divisa; incoterm; peso embalado real; plazo de entrega; tarifa de transporte por destino; impuestos y aranceles aplicables; si el PVP es precio final para el cliente; color real del código de acabado MB; compatibilidad de vehículos verificada
SJW-044,OYL260416138,20x9.5 5x112 ET45 buje 66.5 mm,MB,"PENDIENTE. Los títulos y descripciones originales decían ""juego de 4"", pero ese texto lo generó la carga inicial del catálogo, no el proveedor: ninguna nota, metafield ni campo del proveedor menciona unidades. Sin documentar hasta que lo confirme el proveedor o lo decida el propietario.",999.00,"Escalera generada por diámetro en la carga inicial del catálogo: 16""=649,00 · 17""=699,00 · 18""=799,00 · 19""=899,00 · 20""=999,00 · 21""=1.099,00 · 22""=1.249,00 · 23""=1.399,00 €. Fuente: exportación Shopify 19-09-2026, verificada de nuevo el 20-09-2026. No validado comercialmente.",SIN DATO,SIN DATO,"SIN DATO. Tarifa vigente sin tocar: 6,99 € y gratis desde 55 € de pedido, sin condición de peso.","SIN DATO. Hoy cae en la zona ""España"" con la misma tarifa que la península. Baleares sí está dentro del IVA y de la unión aduanera: solo falta el sobrecoste marítimo real.","SIN DATO. Canarias: dentro del territorio aduanero de la Unión pero fuera del IVA (IGIC/AIEM, DUA de introducción). Ceuta y Melilla: fuera del territorio aduanero de la Unión y del IVA (IPSI, importación). Hoy los tres se facturan como península.","SIN DATO: no hay constancia de arancel, IVA o IGIC/IPSI de importación, despacho, última milla ni seguro.",52.0,"Estimación calculada a partir del diámetro (40 kg a 17"" y +4 kg por pulgada). Fuente: exportación Shopify 2026-09-19. No es medición ni peso embalado.",NO CALCULABLE: falta el coste de proveedor,Coste de compra y divisa; incoterm; peso embalado real; plazo de entrega; tarifa de transporte por destino; impuestos y aranceles aplicables; si el PVP es precio final para el cliente; color real del código de acabado MB; compatibilidad de vehículos verificada
SJW-044,OYL260416141,21x10.0 5x112 ET45 buje 66.5 mm,MB,"PENDIENTE. Los títulos y descripciones originales decían ""juego de 4"", pero ese texto lo generó la carga inicial del catálogo, no el proveedor: ninguna nota, metafield ni campo del proveedor menciona unidades. Sin documentar hasta que lo confirme el proveedor o lo decida el propietario.",1099.00,"Escalera generada por diámetro en la carga inicial del catálogo: 16""=649,00 · 17""=699,00 · 18""=799,00 · 19""=899,00 · 20""=999,00 · 21""=1.099,00 · 22""=1.249,00 · 23""=1.399,00 €. Fuente: exportación Shopify 19-09-2026, verificada de nuevo el 20-09-2026. No validado comercialmente.",SIN DATO,SIN DATO,"SIN DATO. Tarifa vigente sin tocar: 6,99 € y gratis desde 55 € de pedido, sin condición de peso.","SIN DATO. Hoy cae en la zona ""España"" con la misma tarifa que la península. Baleares sí está dentro del IVA y de la unión aduanera: solo falta el sobrecoste marítimo real.","SIN DATO. Canarias: dentro del territorio aduanero de la Unión pero fuera del IVA (IGIC/AIEM, DUA de introducción). Ceuta y Melilla: fuera del territorio aduanero de la Unión y del IVA (IPSI, importación). Hoy los tres se facturan como península.","SIN DATO: no hay constancia de arancel, IVA o IGIC/IPSI de importación, despacho, última milla ni seguro.",56.0,"Estimación calculada a partir del diámetro (40 kg a 17"" y +4 kg por pulgada). Fuente: exportación Shopify 2026-09-19. No es medición ni peso embalado.",NO CALCULABLE: falta el coste de proveedor,Coste de compra y divisa; incoterm; peso embalado real; plazo de entrega; tarifa de transporte por destino; impuestos y aranceles aplicables; si el PVP es precio final para el cliente; color real del código de acabado MB; compatibilidad de vehículos verificada
SJW-044,OYL260416142,21x11.0 5x112 ET42 buje 66.5 mm,MB,"PENDIENTE. Los títulos y descripciones originales decían ""juego de 4"", pero ese texto lo generó la carga inicial del catálogo, no el proveedor: ninguna nota, metafield ni campo del proveedor menciona unidades. Sin documentar hasta que lo confirme el proveedor o lo decida el propietario.",1099.00,"Escalera generada por diámetro en la carga inicial del catálogo: 16""=649,00 · 17""=699,00 · 18""=799,00 · 19""=899,00 · 20""=999,00 · 21""=1.099,00 · 22""=1.249,00 · 23""=1.399,00 €. Fuente: exportación Shopify 19-09-2026, verificada de nuevo el 20-09-2026. No validado comercialmente.",SIN DATO,SIN DATO,"SIN DATO. Tarifa vigente sin tocar: 6,99 € y gratis desde 55 € de pedido, sin condición de peso.","SIN DATO. Hoy cae en la zona ""España"" con la misma tarifa que la península. Baleares sí está dentro del IVA y de la unión aduanera: solo falta el sobrecoste marítimo real.","SIN DATO. Canarias: dentro del territorio aduanero de la Unión pero fuera del IVA (IGIC/AIEM, DUA de introducción). Ceuta y Melilla: fuera del territorio aduanero de la Unión y del IVA (IPSI, importación). Hoy los tres se facturan como península.","SIN DATO: no hay constancia de arancel, IVA o IGIC/IPSI de importación, despacho, última milla ni seguro.",56.0,"Estimación calculada a partir del diámetro (40 kg a 17"" y +4 kg por pulgada). Fuente: exportación Shopify 2026-09-19. No es medición ni peso embalado.",NO CALCULABLE: falta el coste de proveedor,Coste de compra y divisa; incoterm; peso embalado real; plazo de entrega; tarifa de transporte por destino; impuestos y aranceles aplicables; si el PVP es precio final para el cliente; color real del código de acabado MB; compatibilidad de vehículos verificada
SJW-044,OYL260416143,22x9.5 5x112 ET45 buje 66.5 mm,MB,"PENDIENTE. Los títulos y descripciones originales decían ""juego de 4"", pero ese texto lo generó la carga inicial del catálogo, no el proveedor: ninguna nota, metafield ni campo del proveedor menciona unidades. Sin documentar hasta que lo confirme el proveedor o lo decida el propietario.",1249.00,"Escalera generada por diámetro en la carga inicial del catálogo: 16""=649,00 · 17""=699,00 · 18""=799,00 · 19""=899,00 · 20""=999,00 · 21""=1.099,00 · 22""=1.249,00 · 23""=1.399,00 €. Fuente: exportación Shopify 19-09-2026, verificada de nuevo el 20-09-2026. No validado comercialmente.",SIN DATO,SIN DATO,"SIN DATO. Tarifa vigente sin tocar: 6,99 € y gratis desde 55 € de pedido, sin condición de peso.","SIN DATO. Hoy cae en la zona ""España"" con la misma tarifa que la península. Baleares sí está dentro del IVA y de la unión aduanera: solo falta el sobrecoste marítimo real.","SIN DATO. Canarias: dentro del territorio aduanero de la Unión pero fuera del IVA (IGIC/AIEM, DUA de introducción). Ceuta y Melilla: fuera del territorio aduanero de la Unión y del IVA (IPSI, importación). Hoy los tres se facturan como península.","SIN DATO: no hay constancia de arancel, IVA o IGIC/IPSI de importación, despacho, última milla ni seguro.",60.0,"Estimación calculada a partir del diámetro (40 kg a 17"" y +4 kg por pulgada). Fuente: exportación Shopify 2026-09-19. No es medición ni peso embalado.",NO CALCULABLE: falta el coste de proveedor,Coste de compra y divisa; incoterm; peso embalado real; plazo de entrega; tarifa de transporte por destino; impuestos y aranceles aplicables; si el PVP es precio final para el cliente; color real del código de acabado MB; compatibilidad de vehículos verificada
SJW-044,OYL260416145,22x9.5 5x112 ET45 buje 66.5 mm,MG,"PENDIENTE. Los títulos y descripciones originales decían ""juego de 4"", pero ese texto lo generó la carga inicial del catálogo, no el proveedor: ninguna nota, metafield ni campo del proveedor menciona unidades. Sin documentar hasta que lo confirme el proveedor o lo decida el propietario.",1249.00,"Escalera generada por diámetro en la carga inicial del catálogo: 16""=649,00 · 17""=699,00 · 18""=799,00 · 19""=899,00 · 20""=999,00 · 21""=1.099,00 · 22""=1.249,00 · 23""=1.399,00 €. Fuente: exportación Shopify 19-09-2026, verificada de nuevo el 20-09-2026. No validado comercialmente.",SIN DATO,SIN DATO,"SIN DATO. Tarifa vigente sin tocar: 6,99 € y gratis desde 55 € de pedido, sin condición de peso.","SIN DATO. Hoy cae en la zona ""España"" con la misma tarifa que la península. Baleares sí está dentro del IVA y de la unión aduanera: solo falta el sobrecoste marítimo real.","SIN DATO. Canarias: dentro del territorio aduanero de la Unión pero fuera del IVA (IGIC/AIEM, DUA de introducción). Ceuta y Melilla: fuera del territorio aduanero de la Unión y del IVA (IPSI, importación). Hoy los tres se facturan como península.","SIN DATO: no hay constancia de arancel, IVA o IGIC/IPSI de importación, despacho, última milla ni seguro.",60.0,"Estimación calculada a partir del diámetro (40 kg a 17"" y +4 kg por pulgada). Fuente: exportación Shopify 2026-09-19. No es medición ni peso embalado.",NO CALCULABLE: falta el coste de proveedor,Coste de compra y divisa; incoterm; peso embalado real; plazo de entrega; tarifa de transporte por destino; impuestos y aranceles aplicables; si el PVP es precio final para el cliente; color real del código de acabado MG; compatibilidad de vehículos verificada
SJW-044,OYL260416144,22x11.5 5x112 ET47 buje 66.5 mm,MB,"PENDIENTE. Los títulos y descripciones originales decían ""juego de 4"", pero ese texto lo generó la carga inicial del catálogo, no el proveedor: ninguna nota, metafield ni campo del proveedor menciona unidades. Sin documentar hasta que lo confirme el proveedor o lo decida el propietario.",1249.00,"Escalera generada por diámetro en la carga inicial del catálogo: 16""=649,00 · 17""=699,00 · 18""=799,00 · 19""=899,00 · 20""=999,00 · 21""=1.099,00 · 22""=1.249,00 · 23""=1.399,00 €. Fuente: exportación Shopify 19-09-2026, verificada de nuevo el 20-09-2026. No validado comercialmente.",SIN DATO,SIN DATO,"SIN DATO. Tarifa vigente sin tocar: 6,99 € y gratis desde 55 € de pedido, sin condición de peso.","SIN DATO. Hoy cae en la zona ""España"" con la misma tarifa que la península. Baleares sí está dentro del IVA y de la unión aduanera: solo falta el sobrecoste marítimo real.","SIN DATO. Canarias: dentro del territorio aduanero de la Unión pero fuera del IVA (IGIC/AIEM, DUA de introducción). Ceuta y Melilla: fuera del territorio aduanero de la Unión y del IVA (IPSI, importación). Hoy los tres se facturan como península.","SIN DATO: no hay constancia de arancel, IVA o IGIC/IPSI de importación, despacho, última milla ni seguro.",60.0,"Estimación calculada a partir del diámetro (40 kg a 17"" y +4 kg por pulgada). Fuente: exportación Shopify 2026-09-19. No es medición ni peso embalado.",NO CALCULABLE: falta el coste de proveedor,Coste de compra y divisa; incoterm; peso embalado real; plazo de entrega; tarifa de transporte por destino; impuestos y aranceles aplicables; si el PVP es precio final para el cliente; color real del código de acabado MB; compatibilidad de vehículos verificada
SJW-048,OYL260416157,19x8.5 5x112 ET30 buje 66.5 mm,MB,"PENDIENTE. Los títulos y descripciones originales decían ""juego de 4"", pero ese texto lo generó la carga inicial del catálogo, no el proveedor: ninguna nota, metafield ni campo del proveedor menciona unidades. Sin documentar hasta que lo confirme el proveedor o lo decida el propietario.",899.00,"Escalera generada por diámetro en la carga inicial del catálogo: 16""=649,00 · 17""=699,00 · 18""=799,00 · 19""=899,00 · 20""=999,00 · 21""=1.099,00 · 22""=1.249,00 · 23""=1.399,00 €. Fuente: exportación Shopify 19-09-2026, verificada de nuevo el 20-09-2026. No validado comercialmente.",SIN DATO,SIN DATO,"SIN DATO. Tarifa vigente sin tocar: 6,99 € y gratis desde 55 € de pedido, sin condición de peso.","SIN DATO. Hoy cae en la zona ""España"" con la misma tarifa que la península. Baleares sí está dentro del IVA y de la unión aduanera: solo falta el sobrecoste marítimo real.","SIN DATO. Canarias: dentro del territorio aduanero de la Unión pero fuera del IVA (IGIC/AIEM, DUA de introducción). Ceuta y Melilla: fuera del territorio aduanero de la Unión y del IVA (IPSI, importación). Hoy los tres se facturan como península.","SIN DATO: no hay constancia de arancel, IVA o IGIC/IPSI de importación, despacho, última milla ni seguro.",48.0,"Estimación calculada a partir del diámetro (40 kg a 17"" y +4 kg por pulgada). Fuente: exportación Shopify 2026-09-19. No es medición ni peso embalado.",NO CALCULABLE: falta el coste de proveedor,Coste de compra y divisa; incoterm; peso embalado real; plazo de entrega; tarifa de transporte por destino; impuestos y aranceles aplicables; si el PVP es precio final para el cliente; color real del código de acabado MB; compatibilidad de vehículos verificada
SJW-048,OYL260416159,19x8.5 5x120 ET30 buje 72.6 mm,MB,"PENDIENTE. Los títulos y descripciones originales decían ""juego de 4"", pero ese texto lo generó la carga inicial del catálogo, no el proveedor: ninguna nota, metafield ni campo del proveedor menciona unidades. Sin documentar hasta que lo confirme el proveedor o lo decida el propietario.",899.00,"Escalera generada por diámetro en la carga inicial del catálogo: 16""=649,00 · 17""=699,00 · 18""=799,00 · 19""=899,00 · 20""=999,00 · 21""=1.099,00 · 22""=1.249,00 · 23""=1.399,00 €. Fuente: exportación Shopify 19-09-2026, verificada de nuevo el 20-09-2026. No validado comercialmente.",SIN DATO,SIN DATO,"SIN DATO. Tarifa vigente sin tocar: 6,99 € y gratis desde 55 € de pedido, sin condición de peso.","SIN DATO. Hoy cae en la zona ""España"" con la misma tarifa que la península. Baleares sí está dentro del IVA y de la unión aduanera: solo falta el sobrecoste marítimo real.","SIN DATO. Canarias: dentro del territorio aduanero de la Unión pero fuera del IVA (IGIC/AIEM, DUA de introducción). Ceuta y Melilla: fuera del territorio aduanero de la Unión y del IVA (IPSI, importación). Hoy los tres se facturan como península.","SIN DATO: no hay constancia de arancel, IVA o IGIC/IPSI de importación, despacho, última milla ni seguro.",48.0,"Estimación calculada a partir del diámetro (40 kg a 17"" y +4 kg por pulgada). Fuente: exportación Shopify 2026-09-19. No es medición ni peso embalado.",NO CALCULABLE: falta el coste de proveedor,Coste de compra y divisa; incoterm; peso embalado real; plazo de entrega; tarifa de transporte por destino; impuestos y aranceles aplicables; si el PVP es precio final para el cliente; color real del código de acabado MB; compatibilidad de vehículos verificada
SJW-048,OYL260416158,19x9.5 5x112 ET35 buje 66.5 mm,MB,"PENDIENTE. Los títulos y descripciones originales decían ""juego de 4"", pero ese texto lo generó la carga inicial del catálogo, no el proveedor: ninguna nota, metafield ni campo del proveedor menciona unidades. Sin documentar hasta que lo confirme el proveedor o lo decida el propietario.",899.00,"Escalera generada por diámetro en la carga inicial del catálogo: 16""=649,00 · 17""=699,00 · 18""=799,00 · 19""=899,00 · 20""=999,00 · 21""=1.099,00 · 22""=1.249,00 · 23""=1.399,00 €. Fuente: exportación Shopify 19-09-2026, verificada de nuevo el 20-09-2026. No validado comercialmente.",SIN DATO,SIN DATO,"SIN DATO. Tarifa vigente sin tocar: 6,99 € y gratis desde 55 € de pedido, sin condición de peso.","SIN DATO. Hoy cae en la zona ""España"" con la misma tarifa que la península. Baleares sí está dentro del IVA y de la unión aduanera: solo falta el sobrecoste marítimo real.","SIN DATO. Canarias: dentro del territorio aduanero de la Unión pero fuera del IVA (IGIC/AIEM, DUA de introducción). Ceuta y Melilla: fuera del territorio aduanero de la Unión y del IVA (IPSI, importación). Hoy los tres se facturan como península.","SIN DATO: no hay constancia de arancel, IVA o IGIC/IPSI de importación, despacho, última milla ni seguro.",48.0,"Estimación calculada a partir del diámetro (40 kg a 17"" y +4 kg por pulgada). Fuente: exportación Shopify 2026-09-19. No es medición ni peso embalado.",NO CALCULABLE: falta el coste de proveedor,Coste de compra y divisa; incoterm; peso embalado real; plazo de entrega; tarifa de transporte por destino; impuestos y aranceles aplicables; si el PVP es precio final para el cliente; color real del código de acabado MB; compatibilidad de vehículos verificada
SJW-048,OYL260416160,19x9.5 5x120 ET35 buje 72.6 mm,MB,"PENDIENTE. Los títulos y descripciones originales decían ""juego de 4"", pero ese texto lo generó la carga inicial del catálogo, no el proveedor: ninguna nota, metafield ni campo del proveedor menciona unidades. Sin documentar hasta que lo confirme el proveedor o lo decida el propietario.",899.00,"Escalera generada por diámetro en la carga inicial del catálogo: 16""=649,00 · 17""=699,00 · 18""=799,00 · 19""=899,00 · 20""=999,00 · 21""=1.099,00 · 22""=1.249,00 · 23""=1.399,00 €. Fuente: exportación Shopify 19-09-2026, verificada de nuevo el 20-09-2026. No validado comercialmente.",SIN DATO,SIN DATO,"SIN DATO. Tarifa vigente sin tocar: 6,99 € y gratis desde 55 € de pedido, sin condición de peso.","SIN DATO. Hoy cae en la zona ""España"" con la misma tarifa que la península. Baleares sí está dentro del IVA y de la unión aduanera: solo falta el sobrecoste marítimo real.","SIN DATO. Canarias: dentro del territorio aduanero de la Unión pero fuera del IVA (IGIC/AIEM, DUA de introducción). Ceuta y Melilla: fuera del territorio aduanero de la Unión y del IVA (IPSI, importación). Hoy los tres se facturan como península.","SIN DATO: no hay constancia de arancel, IVA o IGIC/IPSI de importación, despacho, última milla ni seguro.",48.0,"Estimación calculada a partir del diámetro (40 kg a 17"" y +4 kg por pulgada). Fuente: exportación Shopify 2026-09-19. No es medición ni peso embalado.",NO CALCULABLE: falta el coste de proveedor,Coste de compra y divisa; incoterm; peso embalado real; plazo de entrega; tarifa de transporte por destino; impuestos y aranceles aplicables; si el PVP es precio final para el cliente; color real del código de acabado MB; compatibilidad de vehículos verificada
SJW-048,OYL260416161,20x8.5 5x112 ET25 buje 66.5 mm,MB,"PENDIENTE. Los títulos y descripciones originales decían ""juego de 4"", pero ese texto lo generó la carga inicial del catálogo, no el proveedor: ninguna nota, metafield ni campo del proveedor menciona unidades. Sin documentar hasta que lo confirme el proveedor o lo decida el propietario.",999.00,"Escalera generada por diámetro en la carga inicial del catálogo: 16""=649,00 · 17""=699,00 · 18""=799,00 · 19""=899,00 · 20""=999,00 · 21""=1.099,00 · 22""=1.249,00 · 23""=1.399,00 €. Fuente: exportación Shopify 19-09-2026, verificada de nuevo el 20-09-2026. No validado comercialmente.",SIN DATO,SIN DATO,"SIN DATO. Tarifa vigente sin tocar: 6,99 € y gratis desde 55 € de pedido, sin condición de peso.","SIN DATO. Hoy cae en la zona ""España"" con la misma tarifa que la península. Baleares sí está dentro del IVA y de la unión aduanera: solo falta el sobrecoste marítimo real.","SIN DATO. Canarias: dentro del territorio aduanero de la Unión pero fuera del IVA (IGIC/AIEM, DUA de introducción). Ceuta y Melilla: fuera del territorio aduanero de la Unión y del IVA (IPSI, importación). Hoy los tres se facturan como península.","SIN DATO: no hay constancia de arancel, IVA o IGIC/IPSI de importación, despacho, última milla ni seguro.",52.0,"Estimación calculada a partir del diámetro (40 kg a 17"" y +4 kg por pulgada). Fuente: exportación Shopify 2026-09-19. No es medición ni peso embalado.",NO CALCULABLE: falta el coste de proveedor,Coste de compra y divisa; incoterm; peso embalado real; plazo de entrega; tarifa de transporte por destino; impuestos y aranceles aplicables; si el PVP es precio final para el cliente; color real del código de acabado MB; compatibilidad de vehículos verificada
SJW-048,OYL260416162,20x8.5 5x120 ET25 buje 72.6 mm,MB,"PENDIENTE. Los títulos y descripciones originales decían ""juego de 4"", pero ese texto lo generó la carga inicial del catálogo, no el proveedor: ninguna nota, metafield ni campo del proveedor menciona unidades. Sin documentar hasta que lo confirme el proveedor o lo decida el propietario.",999.00,"Escalera generada por diámetro en la carga inicial del catálogo: 16""=649,00 · 17""=699,00 · 18""=799,00 · 19""=899,00 · 20""=999,00 · 21""=1.099,00 · 22""=1.249,00 · 23""=1.399,00 €. Fuente: exportación Shopify 19-09-2026, verificada de nuevo el 20-09-2026. No validado comercialmente.",SIN DATO,SIN DATO,"SIN DATO. Tarifa vigente sin tocar: 6,99 € y gratis desde 55 € de pedido, sin condición de peso.","SIN DATO. Hoy cae en la zona ""España"" con la misma tarifa que la península. Baleares sí está dentro del IVA y de la unión aduanera: solo falta el sobrecoste marítimo real.","SIN DATO. Canarias: dentro del territorio aduanero de la Unión pero fuera del IVA (IGIC/AIEM, DUA de introducción). Ceuta y Melilla: fuera del territorio aduanero de la Unión y del IVA (IPSI, importación). Hoy los tres se facturan como península.","SIN DATO: no hay constancia de arancel, IVA o IGIC/IPSI de importación, despacho, última milla ni seguro.",52.0,"Estimación calculada a partir del diámetro (40 kg a 17"" y +4 kg por pulgada). Fuente: exportación Shopify 2026-09-19. No es medición ni peso embalado.",NO CALCULABLE: falta el coste de proveedor,Coste de compra y divisa; incoterm; peso embalado real; plazo de entrega; tarifa de transporte por destino; impuestos y aranceles aplicables; si el PVP es precio final para el cliente; color real del código de acabado MB; compatibilidad de vehículos verificada
SJW-048,OYL260416163,20x9.5 5x120 ET35 buje 72.6 mm,MB,"PENDIENTE. Los títulos y descripciones originales decían ""juego de 4"", pero ese texto lo generó la carga inicial del catálogo, no el proveedor: ninguna nota, metafield ni campo del proveedor menciona unidades. Sin documentar hasta que lo confirme el proveedor o lo decida el propietario.",999.00,"Escalera generada por diámetro en la carga inicial del catálogo: 16""=649,00 · 17""=699,00 · 18""=799,00 · 19""=899,00 · 20""=999,00 · 21""=1.099,00 · 22""=1.249,00 · 23""=1.399,00 €. Fuente: exportación Shopify 19-09-2026, verificada de nuevo el 20-09-2026. No validado comercialmente.",SIN DATO,SIN DATO,"SIN DATO. Tarifa vigente sin tocar: 6,99 € y gratis desde 55 € de pedido, sin condición de peso.","SIN DATO. Hoy cae en la zona ""España"" con la misma tarifa que la península. Baleares sí está dentro del IVA y de la unión aduanera: solo falta el sobrecoste marítimo real.","SIN DATO. Canarias: dentro del territorio aduanero de la Unión pero fuera del IVA (IGIC/AIEM, DUA de introducción). Ceuta y Melilla: fuera del territorio aduanero de la Unión y del IVA (IPSI, importación). Hoy los tres se facturan como península.","SIN DATO: no hay constancia de arancel, IVA o IGIC/IPSI de importación, despacho, última milla ni seguro.",52.0,"Estimación calculada a partir del diámetro (40 kg a 17"" y +4 kg por pulgada). Fuente: exportación Shopify 2026-09-19. No es medición ni peso embalado.",NO CALCULABLE: falta el coste de proveedor,Coste de compra y divisa; incoterm; peso embalado real; plazo de entrega; tarifa de transporte por destino; impuestos y aranceles aplicables; si el PVP es precio final para el cliente; color real del código de acabado MB; compatibilidad de vehículos verificada
SJW-049,OYL260416165,20x8.5 5x120 ET25 buje 72.6 mm,MB,"PENDIENTE. Los títulos y descripciones originales decían ""juego de 4"", pero ese texto lo generó la carga inicial del catálogo, no el proveedor: ninguna nota, metafield ni campo del proveedor menciona unidades. Sin documentar hasta que lo confirme el proveedor o lo decida el propietario.",999.00,"Escalera generada por diámetro en la carga inicial del catálogo: 16""=649,00 · 17""=699,00 · 18""=799,00 · 19""=899,00 · 20""=999,00 · 21""=1.099,00 · 22""=1.249,00 · 23""=1.399,00 €. Fuente: exportación Shopify 19-09-2026, verificada de nuevo el 20-09-2026. No validado comercialmente.",SIN DATO,SIN DATO,"SIN DATO. Tarifa vigente sin tocar: 6,99 € y gratis desde 55 € de pedido, sin condición de peso.","SIN DATO. Hoy cae en la zona ""España"" con la misma tarifa que la península. Baleares sí está dentro del IVA y de la unión aduanera: solo falta el sobrecoste marítimo real.","SIN DATO. Canarias: dentro del territorio aduanero de la Unión pero fuera del IVA (IGIC/AIEM, DUA de introducción). Ceuta y Melilla: fuera del territorio aduanero de la Unión y del IVA (IPSI, importación). Hoy los tres se facturan como península.","SIN DATO: no hay constancia de arancel, IVA o IGIC/IPSI de importación, despacho, última milla ni seguro.",52.0,"Estimación calculada a partir del diámetro (40 kg a 17"" y +4 kg por pulgada). Fuente: exportación Shopify 2026-09-19. No es medición ni peso embalado.",NO CALCULABLE: falta el coste de proveedor,Coste de compra y divisa; incoterm; peso embalado real; plazo de entrega; tarifa de transporte por destino; impuestos y aranceles aplicables; si el PVP es precio final para el cliente; color real del código de acabado MB; compatibilidad de vehículos verificada
SJW-049,OYL260416164,20x9.5 5x112 ET40 buje 66.5 mm,MB,"PENDIENTE. Los títulos y descripciones originales decían ""juego de 4"", pero ese texto lo generó la carga inicial del catálogo, no el proveedor: ninguna nota, metafield ni campo del proveedor menciona unidades. Sin documentar hasta que lo confirme el proveedor o lo decida el propietario.",999.00,"Escalera generada por diámetro en la carga inicial del catálogo: 16""=649,00 · 17""=699,00 · 18""=799,00 · 19""=899,00 · 20""=999,00 · 21""=1.099,00 · 22""=1.249,00 · 23""=1.399,00 €. Fuente: exportación Shopify 19-09-2026, verificada de nuevo el 20-09-2026. No validado comercialmente.",SIN DATO,SIN DATO,"SIN DATO. Tarifa vigente sin tocar: 6,99 € y gratis desde 55 € de pedido, sin condición de peso.","SIN DATO. Hoy cae en la zona ""España"" con la misma tarifa que la península. Baleares sí está dentro del IVA y de la unión aduanera: solo falta el sobrecoste marítimo real.","SIN DATO. Canarias: dentro del territorio aduanero de la Unión pero fuera del IVA (IGIC/AIEM, DUA de introducción). Ceuta y Melilla: fuera del territorio aduanero de la Unión y del IVA (IPSI, importación). Hoy los tres se facturan como península.","SIN DATO: no hay constancia de arancel, IVA o IGIC/IPSI de importación, despacho, última milla ni seguro.",52.0,"Estimación calculada a partir del diámetro (40 kg a 17"" y +4 kg por pulgada). Fuente: exportación Shopify 2026-09-19. No es medición ni peso embalado.",NO CALCULABLE: falta el coste de proveedor,Coste de compra y divisa; incoterm; peso embalado real; plazo de entrega; tarifa de transporte por destino; impuestos y aranceles aplicables; si el PVP es precio final para el cliente; color real del código de acabado MB; compatibilidad de vehículos verificada
SJW-049,OYL260416166,20x9.5 5x120 ET40 buje 72.6 mm,MB,"PENDIENTE. Los títulos y descripciones originales decían ""juego de 4"", pero ese texto lo generó la carga inicial del catálogo, no el proveedor: ninguna nota, metafield ni campo del proveedor menciona unidades. Sin documentar hasta que lo confirme el proveedor o lo decida el propietario.",999.00,"Escalera generada por diámetro en la carga inicial del catálogo: 16""=649,00 · 17""=699,00 · 18""=799,00 · 19""=899,00 · 20""=999,00 · 21""=1.099,00 · 22""=1.249,00 · 23""=1.399,00 €. Fuente: exportación Shopify 19-09-2026, verificada de nuevo el 20-09-2026. No validado comercialmente.",SIN DATO,SIN DATO,"SIN DATO. Tarifa vigente sin tocar: 6,99 € y gratis desde 55 € de pedido, sin condición de peso.","SIN DATO. Hoy cae en la zona ""España"" con la misma tarifa que la península. Baleares sí está dentro del IVA y de la unión aduanera: solo falta el sobrecoste marítimo real.","SIN DATO. Canarias: dentro del territorio aduanero de la Unión pero fuera del IVA (IGIC/AIEM, DUA de introducción). Ceuta y Melilla: fuera del territorio aduanero de la Unión y del IVA (IPSI, importación). Hoy los tres se facturan como península.","SIN DATO: no hay constancia de arancel, IVA o IGIC/IPSI de importación, despacho, última milla ni seguro.",52.0,"Estimación calculada a partir del diámetro (40 kg a 17"" y +4 kg por pulgada). Fuente: exportación Shopify 2026-09-19. No es medición ni peso embalado.",NO CALCULABLE: falta el coste de proveedor,Coste de compra y divisa; incoterm; peso embalado real; plazo de entrega; tarifa de transporte por destino; impuestos y aranceles aplicables; si el PVP es precio final para el cliente; color real del código de acabado MB; compatibilidad de vehículos verificada
SJW-049,OYL260416167,21x9.0 5x112 ET24 buje 66.5 mm,MB,"PENDIENTE. Los títulos y descripciones originales decían ""juego de 4"", pero ese texto lo generó la carga inicial del catálogo, no el proveedor: ninguna nota, metafield ni campo del proveedor menciona unidades. Sin documentar hasta que lo confirme el proveedor o lo decida el propietario.",1099.00,"Escalera generada por diámetro en la carga inicial del catálogo: 16""=649,00 · 17""=699,00 · 18""=799,00 · 19""=899,00 · 20""=999,00 · 21""=1.099,00 · 22""=1.249,00 · 23""=1.399,00 €. Fuente: exportación Shopify 19-09-2026, verificada de nuevo el 20-09-2026. No validado comercialmente.",SIN DATO,SIN DATO,"SIN DATO. Tarifa vigente sin tocar: 6,99 € y gratis desde 55 € de pedido, sin condición de peso.","SIN DATO. Hoy cae en la zona ""España"" con la misma tarifa que la península. Baleares sí está dentro del IVA y de la unión aduanera: solo falta el sobrecoste marítimo real.","SIN DATO. Canarias: dentro del territorio aduanero de la Unión pero fuera del IVA (IGIC/AIEM, DUA de introducción). Ceuta y Melilla: fuera del territorio aduanero de la Unión y del IVA (IPSI, importación). Hoy los tres se facturan como península.","SIN DATO: no hay constancia de arancel, IVA o IGIC/IPSI de importación, despacho, última milla ni seguro.",56.0,"Estimación calculada a partir del diámetro (40 kg a 17"" y +4 kg por pulgada). Fuente: exportación Shopify 2026-09-19. No es medición ni peso embalado.",NO CALCULABLE: falta el coste de proveedor,Coste de compra y divisa; incoterm; peso embalado real; plazo de entrega; tarifa de transporte por destino; impuestos y aranceles aplicables; si el PVP es precio final para el cliente; color real del código de acabado MB; compatibilidad de vehículos verificada
SJW-049,OYL260416169,21x9.0 5x120 ET24 buje 72.6 mm,MB,"PENDIENTE. Los títulos y descripciones originales decían ""juego de 4"", pero ese texto lo generó la carga inicial del catálogo, no el proveedor: ninguna nota, metafield ni campo del proveedor menciona unidades. Sin documentar hasta que lo confirme el proveedor o lo decida el propietario.",1099.00,"Escalera generada por diámetro en la carga inicial del catálogo: 16""=649,00 · 17""=699,00 · 18""=799,00 · 19""=899,00 · 20""=999,00 · 21""=1.099,00 · 22""=1.249,00 · 23""=1.399,00 €. Fuente: exportación Shopify 19-09-2026, verificada de nuevo el 20-09-2026. No validado comercialmente.",SIN DATO,SIN DATO,"SIN DATO. Tarifa vigente sin tocar: 6,99 € y gratis desde 55 € de pedido, sin condición de peso.","SIN DATO. Hoy cae en la zona ""España"" con la misma tarifa que la península. Baleares sí está dentro del IVA y de la unión aduanera: solo falta el sobrecoste marítimo real.","SIN DATO. Canarias: dentro del territorio aduanero de la Unión pero fuera del IVA (IGIC/AIEM, DUA de introducción). Ceuta y Melilla: fuera del territorio aduanero de la Unión y del IVA (IPSI, importación). Hoy los tres se facturan como península.","SIN DATO: no hay constancia de arancel, IVA o IGIC/IPSI de importación, despacho, última milla ni seguro.",56.0,"Estimación calculada a partir del diámetro (40 kg a 17"" y +4 kg por pulgada). Fuente: exportación Shopify 2026-09-19. No es medición ni peso embalado.",NO CALCULABLE: falta el coste de proveedor,Coste de compra y divisa; incoterm; peso embalado real; plazo de entrega; tarifa de transporte por destino; impuestos y aranceles aplicables; si el PVP es precio final para el cliente; color real del código de acabado MB; compatibilidad de vehículos verificada
SJW-049,OYL260416168,21x10.5 5x112 ET44 buje 66.5 mm,MB,"PENDIENTE. Los títulos y descripciones originales decían ""juego de 4"", pero ese texto lo generó la carga inicial del catálogo, no el proveedor: ninguna nota, metafield ni campo del proveedor menciona unidades. Sin documentar hasta que lo confirme el proveedor o lo decida el propietario.",1099.00,"Escalera generada por diámetro en la carga inicial del catálogo: 16""=649,00 · 17""=699,00 · 18""=799,00 · 19""=899,00 · 20""=999,00 · 21""=1.099,00 · 22""=1.249,00 · 23""=1.399,00 €. Fuente: exportación Shopify 19-09-2026, verificada de nuevo el 20-09-2026. No validado comercialmente.",SIN DATO,SIN DATO,"SIN DATO. Tarifa vigente sin tocar: 6,99 € y gratis desde 55 € de pedido, sin condición de peso.","SIN DATO. Hoy cae en la zona ""España"" con la misma tarifa que la península. Baleares sí está dentro del IVA y de la unión aduanera: solo falta el sobrecoste marítimo real.","SIN DATO. Canarias: dentro del territorio aduanero de la Unión pero fuera del IVA (IGIC/AIEM, DUA de introducción). Ceuta y Melilla: fuera del territorio aduanero de la Unión y del IVA (IPSI, importación). Hoy los tres se facturan como península.","SIN DATO: no hay constancia de arancel, IVA o IGIC/IPSI de importación, despacho, última milla ni seguro.",56.0,"Estimación calculada a partir del diámetro (40 kg a 17"" y +4 kg por pulgada). Fuente: exportación Shopify 2026-09-19. No es medición ni peso embalado.",NO CALCULABLE: falta el coste de proveedor,Coste de compra y divisa; incoterm; peso embalado real; plazo de entrega; tarifa de transporte por destino; impuestos y aranceles aplicables; si el PVP es precio final para el cliente; color real del código de acabado MB; compatibilidad de vehículos verificada
SJW-049,OYL260416170,21x10.5 5x120 ET44 buje 72.6 mm,MB,"PENDIENTE. Los títulos y descripciones originales decían ""juego de 4"", pero ese texto lo generó la carga inicial del catálogo, no el proveedor: ninguna nota, metafield ni campo del proveedor menciona unidades. Sin documentar hasta que lo confirme el proveedor o lo decida el propietario.",1099.00,"Escalera generada por diámetro en la carga inicial del catálogo: 16""=649,00 · 17""=699,00 · 18""=799,00 · 19""=899,00 · 20""=999,00 · 21""=1.099,00 · 22""=1.249,00 · 23""=1.399,00 €. Fuente: exportación Shopify 19-09-2026, verificada de nuevo el 20-09-2026. No validado comercialmente.",SIN DATO,SIN DATO,"SIN DATO. Tarifa vigente sin tocar: 6,99 € y gratis desde 55 € de pedido, sin condición de peso.","SIN DATO. Hoy cae en la zona ""España"" con la misma tarifa que la península. Baleares sí está dentro del IVA y de la unión aduanera: solo falta el sobrecoste marítimo real.","SIN DATO. Canarias: dentro del territorio aduanero de la Unión pero fuera del IVA (IGIC/AIEM, DUA de introducción). Ceuta y Melilla: fuera del territorio aduanero de la Unión y del IVA (IPSI, importación). Hoy los tres se facturan como península.","SIN DATO: no hay constancia de arancel, IVA o IGIC/IPSI de importación, despacho, última milla ni seguro.",56.0,"Estimación calculada a partir del diámetro (40 kg a 17"" y +4 kg por pulgada). Fuente: exportación Shopify 2026-09-19. No es medición ni peso embalado.",NO CALCULABLE: falta el coste de proveedor,Coste de compra y divisa; incoterm; peso embalado real; plazo de entrega; tarifa de transporte por destino; impuestos y aranceles aplicables; si el PVP es precio final para el cliente; color real del código de acabado MB; compatibilidad de vehículos verificada
SJW-059,OYL260416201,19x8.0 5x112 ET30 buje 66.5 mm,B,"PENDIENTE. Los títulos y descripciones originales decían ""juego de 4"", pero ese texto lo generó la carga inicial del catálogo, no el proveedor: ninguna nota, metafield ni campo del proveedor menciona unidades. Sin documentar hasta que lo confirme el proveedor o lo decida el propietario.",899.00,"Escalera generada por diámetro en la carga inicial del catálogo: 16""=649,00 · 17""=699,00 · 18""=799,00 · 19""=899,00 · 20""=999,00 · 21""=1.099,00 · 22""=1.249,00 · 23""=1.399,00 €. Fuente: exportación Shopify 19-09-2026, verificada de nuevo el 20-09-2026. No validado comercialmente.",SIN DATO,SIN DATO,"SIN DATO. Tarifa vigente sin tocar: 6,99 € y gratis desde 55 € de pedido, sin condición de peso.","SIN DATO. Hoy cae en la zona ""España"" con la misma tarifa que la península. Baleares sí está dentro del IVA y de la unión aduanera: solo falta el sobrecoste marítimo real.","SIN DATO. Canarias: dentro del territorio aduanero de la Unión pero fuera del IVA (IGIC/AIEM, DUA de introducción). Ceuta y Melilla: fuera del territorio aduanero de la Unión y del IVA (IPSI, importación). Hoy los tres se facturan como península.","SIN DATO: no hay constancia de arancel, IVA o IGIC/IPSI de importación, despacho, última milla ni seguro.",48.0,"Estimación calculada a partir del diámetro (40 kg a 17"" y +4 kg por pulgada). Fuente: exportación Shopify 2026-09-19. No es medición ni peso embalado.",NO CALCULABLE: falta el coste de proveedor,Coste de compra y divisa; incoterm; peso embalado real; plazo de entrega; tarifa de transporte por destino; impuestos y aranceles aplicables; si el PVP es precio final para el cliente; color real del código de acabado B; compatibilidad de vehículos verificada
SJW-059,OYL260416202,19x9.0 5x120 ET35 buje 72.5 mm,B,"PENDIENTE. Los títulos y descripciones originales decían ""juego de 4"", pero ese texto lo generó la carga inicial del catálogo, no el proveedor: ninguna nota, metafield ni campo del proveedor menciona unidades. Sin documentar hasta que lo confirme el proveedor o lo decida el propietario.",899.00,"Escalera generada por diámetro en la carga inicial del catálogo: 16""=649,00 · 17""=699,00 · 18""=799,00 · 19""=899,00 · 20""=999,00 · 21""=1.099,00 · 22""=1.249,00 · 23""=1.399,00 €. Fuente: exportación Shopify 19-09-2026, verificada de nuevo el 20-09-2026. No validado comercialmente.",SIN DATO,SIN DATO,"SIN DATO. Tarifa vigente sin tocar: 6,99 € y gratis desde 55 € de pedido, sin condición de peso.","SIN DATO. Hoy cae en la zona ""España"" con la misma tarifa que la península. Baleares sí está dentro del IVA y de la unión aduanera: solo falta el sobrecoste marítimo real.","SIN DATO. Canarias: dentro del territorio aduanero de la Unión pero fuera del IVA (IGIC/AIEM, DUA de introducción). Ceuta y Melilla: fuera del territorio aduanero de la Unión y del IVA (IPSI, importación). Hoy los tres se facturan como península.","SIN DATO: no hay constancia de arancel, IVA o IGIC/IPSI de importación, despacho, última milla ni seguro.",48.0,"Estimación calculada a partir del diámetro (40 kg a 17"" y +4 kg por pulgada). Fuente: exportación Shopify 2026-09-19. No es medición ni peso embalado.",NO CALCULABLE: falta el coste de proveedor,Coste de compra y divisa; incoterm; peso embalado real; plazo de entrega; tarifa de transporte por destino; impuestos y aranceles aplicables; si el PVP es precio final para el cliente; color real del código de acabado B; compatibilidad de vehículos verificada
SJW-059,OYL260416203,20x8.5 5x112 ET30 buje 66.5 mm,B,"PENDIENTE. Los títulos y descripciones originales decían ""juego de 4"", pero ese texto lo generó la carga inicial del catálogo, no el proveedor: ninguna nota, metafield ni campo del proveedor menciona unidades. Sin documentar hasta que lo confirme el proveedor o lo decida el propietario.",999.00,"Escalera generada por diámetro en la carga inicial del catálogo: 16""=649,00 · 17""=699,00 · 18""=799,00 · 19""=899,00 · 20""=999,00 · 21""=1.099,00 · 22""=1.249,00 · 23""=1.399,00 €. Fuente: exportación Shopify 19-09-2026, verificada de nuevo el 20-09-2026. No validado comercialmente.",SIN DATO,SIN DATO,"SIN DATO. Tarifa vigente sin tocar: 6,99 € y gratis desde 55 € de pedido, sin condición de peso.","SIN DATO. Hoy cae en la zona ""España"" con la misma tarifa que la península. Baleares sí está dentro del IVA y de la unión aduanera: solo falta el sobrecoste marítimo real.","SIN DATO. Canarias: dentro del territorio aduanero de la Unión pero fuera del IVA (IGIC/AIEM, DUA de introducción). Ceuta y Melilla: fuera del territorio aduanero de la Unión y del IVA (IPSI, importación). Hoy los tres se facturan como península.","SIN DATO: no hay constancia de arancel, IVA o IGIC/IPSI de importación, despacho, última milla ni seguro.",52.0,"Estimación calculada a partir del diámetro (40 kg a 17"" y +4 kg por pulgada). Fuente: exportación Shopify 2026-09-19. No es medición ni peso embalado.",NO CALCULABLE: falta el coste de proveedor,Coste de compra y divisa; incoterm; peso embalado real; plazo de entrega; tarifa de transporte por destino; impuestos y aranceles aplicables; si el PVP es precio final para el cliente; color real del código de acabado B; compatibilidad de vehículos verificada
SJW-059,OYL260416207,20x8.5 5x120 ET30 buje 72.56 mm,B,"PENDIENTE. Los títulos y descripciones originales decían ""juego de 4"", pero ese texto lo generó la carga inicial del catálogo, no el proveedor: ninguna nota, metafield ni campo del proveedor menciona unidades. Sin documentar hasta que lo confirme el proveedor o lo decida el propietario.",999.00,"Escalera generada por diámetro en la carga inicial del catálogo: 16""=649,00 · 17""=699,00 · 18""=799,00 · 19""=899,00 · 20""=999,00 · 21""=1.099,00 · 22""=1.249,00 · 23""=1.399,00 €. Fuente: exportación Shopify 19-09-2026, verificada de nuevo el 20-09-2026. No validado comercialmente.",SIN DATO,SIN DATO,"SIN DATO. Tarifa vigente sin tocar: 6,99 € y gratis desde 55 € de pedido, sin condición de peso.","SIN DATO. Hoy cae en la zona ""España"" con la misma tarifa que la península. Baleares sí está dentro del IVA y de la unión aduanera: solo falta el sobrecoste marítimo real.","SIN DATO. Canarias: dentro del territorio aduanero de la Unión pero fuera del IVA (IGIC/AIEM, DUA de introducción). Ceuta y Melilla: fuera del territorio aduanero de la Unión y del IVA (IPSI, importación). Hoy los tres se facturan como península.","SIN DATO: no hay constancia de arancel, IVA o IGIC/IPSI de importación, despacho, última milla ni seguro.",52.0,"Estimación calculada a partir del diámetro (40 kg a 17"" y +4 kg por pulgada). Fuente: exportación Shopify 2026-09-19. No es medición ni peso embalado.",NO CALCULABLE: falta el coste de proveedor,Coste de compra y divisa; incoterm; peso embalado real; plazo de entrega; tarifa de transporte por destino; impuestos y aranceles aplicables; si el PVP es precio final para el cliente; color real del código de acabado B; compatibilidad de vehículos verificada
SJW-059,OYL260416205,20x8.5 5x112 ET30 buje 66.5 mm,MB,"PENDIENTE. Los títulos y descripciones originales decían ""juego de 4"", pero ese texto lo generó la carga inicial del catálogo, no el proveedor: ninguna nota, metafield ni campo del proveedor menciona unidades. Sin documentar hasta que lo confirme el proveedor o lo decida el propietario.",999.00,"Escalera generada por diámetro en la carga inicial del catálogo: 16""=649,00 · 17""=699,00 · 18""=799,00 · 19""=899,00 · 20""=999,00 · 21""=1.099,00 · 22""=1.249,00 · 23""=1.399,00 €. Fuente: exportación Shopify 19-09-2026, verificada de nuevo el 20-09-2026. No validado comercialmente.",SIN DATO,SIN DATO,"SIN DATO. Tarifa vigente sin tocar: 6,99 € y gratis desde 55 € de pedido, sin condición de peso.","SIN DATO. Hoy cae en la zona ""España"" con la misma tarifa que la península. Baleares sí está dentro del IVA y de la unión aduanera: solo falta el sobrecoste marítimo real.","SIN DATO. Canarias: dentro del territorio aduanero de la Unión pero fuera del IVA (IGIC/AIEM, DUA de introducción). Ceuta y Melilla: fuera del territorio aduanero de la Unión y del IVA (IPSI, importación). Hoy los tres se facturan como península.","SIN DATO: no hay constancia de arancel, IVA o IGIC/IPSI de importación, despacho, última milla ni seguro.",52.0,"Estimación calculada a partir del diámetro (40 kg a 17"" y +4 kg por pulgada). Fuente: exportación Shopify 2026-09-19. No es medición ni peso embalado.",NO CALCULABLE: falta el coste de proveedor,Coste de compra y divisa; incoterm; peso embalado real; plazo de entrega; tarifa de transporte por destino; impuestos y aranceles aplicables; si el PVP es precio final para el cliente; color real del código de acabado MB; compatibilidad de vehículos verificada
SJW-059,OYL260416204,20x9.5 5x112 ET35 buje 66.5 mm,B,"PENDIENTE. Los títulos y descripciones originales decían ""juego de 4"", pero ese texto lo generó la carga inicial del catálogo, no el proveedor: ninguna nota, metafield ni campo del proveedor menciona unidades. Sin documentar hasta que lo confirme el proveedor o lo decida el propietario.",999.00,"Escalera generada por diámetro en la carga inicial del catálogo: 16""=649,00 · 17""=699,00 · 18""=799,00 · 19""=899,00 · 20""=999,00 · 21""=1.099,00 · 22""=1.249,00 · 23""=1.399,00 €. Fuente: exportación Shopify 19-09-2026, verificada de nuevo el 20-09-2026. No validado comercialmente.",SIN DATO,SIN DATO,"SIN DATO. Tarifa vigente sin tocar: 6,99 € y gratis desde 55 € de pedido, sin condición de peso.","SIN DATO. Hoy cae en la zona ""España"" con la misma tarifa que la península. Baleares sí está dentro del IVA y de la unión aduanera: solo falta el sobrecoste marítimo real.","SIN DATO. Canarias: dentro del territorio aduanero de la Unión pero fuera del IVA (IGIC/AIEM, DUA de introducción). Ceuta y Melilla: fuera del territorio aduanero de la Unión y del IVA (IPSI, importación). Hoy los tres se facturan como península.","SIN DATO: no hay constancia de arancel, IVA o IGIC/IPSI de importación, despacho, última milla ni seguro.",52.0,"Estimación calculada a partir del diámetro (40 kg a 17"" y +4 kg por pulgada). Fuente: exportación Shopify 2026-09-19. No es medición ni peso embalado.",NO CALCULABLE: falta el coste de proveedor,Coste de compra y divisa; incoterm; peso embalado real; plazo de entrega; tarifa de transporte por destino; impuestos y aranceles aplicables; si el PVP es precio final para el cliente; color real del código de acabado B; compatibilidad de vehículos verificada
SJW-059,OYL260416208,20x9.5 5x120 ET35 buje 72.56 mm,B,"PENDIENTE. Los títulos y descripciones originales decían ""juego de 4"", pero ese texto lo generó la carga inicial del catálogo, no el proveedor: ninguna nota, metafield ni campo del proveedor menciona unidades. Sin documentar hasta que lo confirme el proveedor o lo decida el propietario.",999.00,"Escalera generada por diámetro en la carga inicial del catálogo: 16""=649,00 · 17""=699,00 · 18""=799,00 · 19""=899,00 · 20""=999,00 · 21""=1.099,00 · 22""=1.249,00 · 23""=1.399,00 €. Fuente: exportación Shopify 19-09-2026, verificada de nuevo el 20-09-2026. No validado comercialmente.",SIN DATO,SIN DATO,"SIN DATO. Tarifa vigente sin tocar: 6,99 € y gratis desde 55 € de pedido, sin condición de peso.","SIN DATO. Hoy cae en la zona ""España"" con la misma tarifa que la península. Baleares sí está dentro del IVA y de la unión aduanera: solo falta el sobrecoste marítimo real.","SIN DATO. Canarias: dentro del territorio aduanero de la Unión pero fuera del IVA (IGIC/AIEM, DUA de introducción). Ceuta y Melilla: fuera del territorio aduanero de la Unión y del IVA (IPSI, importación). Hoy los tres se facturan como península.","SIN DATO: no hay constancia de arancel, IVA o IGIC/IPSI de importación, despacho, última milla ni seguro.",52.0,"Estimación calculada a partir del diámetro (40 kg a 17"" y +4 kg por pulgada). Fuente: exportación Shopify 2026-09-19. No es medición ni peso embalado.",NO CALCULABLE: falta el coste de proveedor,Coste de compra y divisa; incoterm; peso embalado real; plazo de entrega; tarifa de transporte por destino; impuestos y aranceles aplicables; si el PVP es precio final para el cliente; color real del código de acabado B; compatibilidad de vehículos verificada
SJW-059,OYL260416206,20x9.5 5x112 ET35 buje 66.5 mm,MB,"PENDIENTE. Los títulos y descripciones originales decían ""juego de 4"", pero ese texto lo generó la carga inicial del catálogo, no el proveedor: ninguna nota, metafield ni campo del proveedor menciona unidades. Sin documentar hasta que lo confirme el proveedor o lo decida el propietario.",999.00,"Escalera generada por diámetro en la carga inicial del catálogo: 16""=649,00 · 17""=699,00 · 18""=799,00 · 19""=899,00 · 20""=999,00 · 21""=1.099,00 · 22""=1.249,00 · 23""=1.399,00 €. Fuente: exportación Shopify 19-09-2026, verificada de nuevo el 20-09-2026. No validado comercialmente.",SIN DATO,SIN DATO,"SIN DATO. Tarifa vigente sin tocar: 6,99 € y gratis desde 55 € de pedido, sin condición de peso.","SIN DATO. Hoy cae en la zona ""España"" con la misma tarifa que la península. Baleares sí está dentro del IVA y de la unión aduanera: solo falta el sobrecoste marítimo real.","SIN DATO. Canarias: dentro del territorio aduanero de la Unión pero fuera del IVA (IGIC/AIEM, DUA de introducción). Ceuta y Melilla: fuera del territorio aduanero de la Unión y del IVA (IPSI, importación). Hoy los tres se facturan como península.","SIN DATO: no hay constancia de arancel, IVA o IGIC/IPSI de importación, despacho, última milla ni seguro.",52.0,"Estimación calculada a partir del diámetro (40 kg a 17"" y +4 kg por pulgada). Fuente: exportación Shopify 2026-09-19. No es medición ni peso embalado.",NO CALCULABLE: falta el coste de proveedor,Coste de compra y divisa; incoterm; peso embalado real; plazo de entrega; tarifa de transporte por destino; impuestos y aranceles aplicables; si el PVP es precio final para el cliente; color real del código de acabado MB; compatibilidad de vehículos verificada
SJW-074,OYL260416285,18x8.5 5x112 ET30 buje 66.56 mm,B,"PENDIENTE. Los títulos y descripciones originales decían ""juego de 4"", pero ese texto lo generó la carga inicial del catálogo, no el proveedor: ninguna nota, metafield ni campo del proveedor menciona unidades. Sin documentar hasta que lo confirme el proveedor o lo decida el propietario.",799.00,"Escalera generada por diámetro en la carga inicial del catálogo: 16""=649,00 · 17""=699,00 · 18""=799,00 · 19""=899,00 · 20""=999,00 · 21""=1.099,00 · 22""=1.249,00 · 23""=1.399,00 €. Fuente: exportación Shopify 19-09-2026, verificada de nuevo el 20-09-2026. No validado comercialmente.",SIN DATO,SIN DATO,"SIN DATO. Tarifa vigente sin tocar: 6,99 € y gratis desde 55 € de pedido, sin condición de peso.","SIN DATO. Hoy cae en la zona ""España"" con la misma tarifa que la península. Baleares sí está dentro del IVA y de la unión aduanera: solo falta el sobrecoste marítimo real.","SIN DATO. Canarias: dentro del territorio aduanero de la Unión pero fuera del IVA (IGIC/AIEM, DUA de introducción). Ceuta y Melilla: fuera del territorio aduanero de la Unión y del IVA (IPSI, importación). Hoy los tres se facturan como península.","SIN DATO: no hay constancia de arancel, IVA o IGIC/IPSI de importación, despacho, última milla ni seguro.",44.0,"Estimación calculada a partir del diámetro (40 kg a 17"" y +4 kg por pulgada). Fuente: exportación Shopify 2026-09-19. No es medición ni peso embalado.",NO CALCULABLE: falta el coste de proveedor,Coste de compra y divisa; incoterm; peso embalado real; plazo de entrega; tarifa de transporte por destino; impuestos y aranceles aplicables; si el PVP es precio final para el cliente; color real del código de acabado B; compatibilidad de vehículos verificada
SJW-074,OYL260416284,18x8.5 5x112 ET30 buje 66.56 mm,MB,"PENDIENTE. Los títulos y descripciones originales decían ""juego de 4"", pero ese texto lo generó la carga inicial del catálogo, no el proveedor: ninguna nota, metafield ni campo del proveedor menciona unidades. Sin documentar hasta que lo confirme el proveedor o lo decida el propietario.",799.00,"Escalera generada por diámetro en la carga inicial del catálogo: 16""=649,00 · 17""=699,00 · 18""=799,00 · 19""=899,00 · 20""=999,00 · 21""=1.099,00 · 22""=1.249,00 · 23""=1.399,00 €. Fuente: exportación Shopify 19-09-2026, verificada de nuevo el 20-09-2026. No validado comercialmente.",SIN DATO,SIN DATO,"SIN DATO. Tarifa vigente sin tocar: 6,99 € y gratis desde 55 € de pedido, sin condición de peso.","SIN DATO. Hoy cae en la zona ""España"" con la misma tarifa que la península. Baleares sí está dentro del IVA y de la unión aduanera: solo falta el sobrecoste marítimo real.","SIN DATO. Canarias: dentro del territorio aduanero de la Unión pero fuera del IVA (IGIC/AIEM, DUA de introducción). Ceuta y Melilla: fuera del territorio aduanero de la Unión y del IVA (IPSI, importación). Hoy los tres se facturan como península.","SIN DATO: no hay constancia de arancel, IVA o IGIC/IPSI de importación, despacho, última milla ni seguro.",44.0,"Estimación calculada a partir del diámetro (40 kg a 17"" y +4 kg por pulgada). Fuente: exportación Shopify 2026-09-19. No es medición ni peso embalado.",NO CALCULABLE: falta el coste de proveedor,Coste de compra y divisa; incoterm; peso embalado real; plazo de entrega; tarifa de transporte por destino; impuestos y aranceles aplicables; si el PVP es precio final para el cliente; color real del código de acabado MB; compatibilidad de vehículos verificada
SJW-074,OYL260416283,18x9.0 5x120 ET35 buje 72.56 mm,B,"PENDIENTE. Los títulos y descripciones originales decían ""juego de 4"", pero ese texto lo generó la carga inicial del catálogo, no el proveedor: ninguna nota, metafield ni campo del proveedor menciona unidades. Sin documentar hasta que lo confirme el proveedor o lo decida el propietario.",799.00,"Escalera generada por diámetro en la carga inicial del catálogo: 16""=649,00 · 17""=699,00 · 18""=799,00 · 19""=899,00 · 20""=999,00 · 21""=1.099,00 · 22""=1.249,00 · 23""=1.399,00 €. Fuente: exportación Shopify 19-09-2026, verificada de nuevo el 20-09-2026. No validado comercialmente.",SIN DATO,SIN DATO,"SIN DATO. Tarifa vigente sin tocar: 6,99 € y gratis desde 55 € de pedido, sin condición de peso.","SIN DATO. Hoy cae en la zona ""España"" con la misma tarifa que la península. Baleares sí está dentro del IVA y de la unión aduanera: solo falta el sobrecoste marítimo real.","SIN DATO. Canarias: dentro del territorio aduanero de la Unión pero fuera del IVA (IGIC/AIEM, DUA de introducción). Ceuta y Melilla: fuera del territorio aduanero de la Unión y del IVA (IPSI, importación). Hoy los tres se facturan como península.","SIN DATO: no hay constancia de arancel, IVA o IGIC/IPSI de importación, despacho, última milla ni seguro.",44.0,"Estimación calculada a partir del diámetro (40 kg a 17"" y +4 kg por pulgada). Fuente: exportación Shopify 2026-09-19. No es medición ni peso embalado.",NO CALCULABLE: falta el coste de proveedor,Coste de compra y divisa; incoterm; peso embalado real; plazo de entrega; tarifa de transporte por destino; impuestos y aranceles aplicables; si el PVP es precio final para el cliente; color real del código de acabado B; compatibilidad de vehículos verificada
SJW-074,OYL260416282,18x9.0 5x112 ET35 buje 66.5 mm,MB,"PENDIENTE. Los títulos y descripciones originales decían ""juego de 4"", pero ese texto lo generó la carga inicial del catálogo, no el proveedor: ninguna nota, metafield ni campo del proveedor menciona unidades. Sin documentar hasta que lo confirme el proveedor o lo decida el propietario.",799.00,"Escalera generada por diámetro en la carga inicial del catálogo: 16""=649,00 · 17""=699,00 · 18""=799,00 · 19""=899,00 · 20""=999,00 · 21""=1.099,00 · 22""=1.249,00 · 23""=1.399,00 €. Fuente: exportación Shopify 19-09-2026, verificada de nuevo el 20-09-2026. No validado comercialmente.",SIN DATO,SIN DATO,"SIN DATO. Tarifa vigente sin tocar: 6,99 € y gratis desde 55 € de pedido, sin condición de peso.","SIN DATO. Hoy cae en la zona ""España"" con la misma tarifa que la península. Baleares sí está dentro del IVA y de la unión aduanera: solo falta el sobrecoste marítimo real.","SIN DATO. Canarias: dentro del territorio aduanero de la Unión pero fuera del IVA (IGIC/AIEM, DUA de introducción). Ceuta y Melilla: fuera del territorio aduanero de la Unión y del IVA (IPSI, importación). Hoy los tres se facturan como península.","SIN DATO: no hay constancia de arancel, IVA o IGIC/IPSI de importación, despacho, última milla ni seguro.",44.0,"Estimación calculada a partir del diámetro (40 kg a 17"" y +4 kg por pulgada). Fuente: exportación Shopify 2026-09-19. No es medición ni peso embalado.",NO CALCULABLE: falta el coste de proveedor,Coste de compra y divisa; incoterm; peso embalado real; plazo de entrega; tarifa de transporte por destino; impuestos y aranceles aplicables; si el PVP es precio final para el cliente; color real del código de acabado MB; compatibilidad de vehículos verificada
SJW-074,OYL260416287,19x8.5 5x120 ET30 buje 72.6 mm,MB,"PENDIENTE. Los títulos y descripciones originales decían ""juego de 4"", pero ese texto lo generó la carga inicial del catálogo, no el proveedor: ninguna nota, metafield ni campo del proveedor menciona unidades. Sin documentar hasta que lo confirme el proveedor o lo decida el propietario.",899.00,"Escalera generada por diámetro en la carga inicial del catálogo: 16""=649,00 · 17""=699,00 · 18""=799,00 · 19""=899,00 · 20""=999,00 · 21""=1.099,00 · 22""=1.249,00 · 23""=1.399,00 €. Fuente: exportación Shopify 19-09-2026, verificada de nuevo el 20-09-2026. No validado comercialmente.",SIN DATO,SIN DATO,"SIN DATO. Tarifa vigente sin tocar: 6,99 € y gratis desde 55 € de pedido, sin condición de peso.","SIN DATO. Hoy cae en la zona ""España"" con la misma tarifa que la península. Baleares sí está dentro del IVA y de la unión aduanera: solo falta el sobrecoste marítimo real.","SIN DATO. Canarias: dentro del territorio aduanero de la Unión pero fuera del IVA (IGIC/AIEM, DUA de introducción). Ceuta y Melilla: fuera del territorio aduanero de la Unión y del IVA (IPSI, importación). Hoy los tres se facturan como península.","SIN DATO: no hay constancia de arancel, IVA o IGIC/IPSI de importación, despacho, última milla ni seguro.",48.0,"Estimación calculada a partir del diámetro (40 kg a 17"" y +4 kg por pulgada). Fuente: exportación Shopify 2026-09-19. No es medición ni peso embalado.",NO CALCULABLE: falta el coste de proveedor,Coste de compra y divisa; incoterm; peso embalado real; plazo de entrega; tarifa de transporte por destino; impuestos y aranceles aplicables; si el PVP es precio final para el cliente; color real del código de acabado MB; compatibilidad de vehículos verificada
SJW-074,OYL260416289,19x9.5 5x120 ET35 buje 72.6 mm,B,"PENDIENTE. Los títulos y descripciones originales decían ""juego de 4"", pero ese texto lo generó la carga inicial del catálogo, no el proveedor: ninguna nota, metafield ni campo del proveedor menciona unidades. Sin documentar hasta que lo confirme el proveedor o lo decida el propietario.",899.00,"Escalera generada por diámetro en la carga inicial del catálogo: 16""=649,00 · 17""=699,00 · 18""=799,00 · 19""=899,00 · 20""=999,00 · 21""=1.099,00 · 22""=1.249,00 · 23""=1.399,00 €. Fuente: exportación Shopify 19-09-2026, verificada de nuevo el 20-09-2026. No validado comercialmente.",SIN DATO,SIN DATO,"SIN DATO. Tarifa vigente sin tocar: 6,99 € y gratis desde 55 € de pedido, sin condición de peso.","SIN DATO. Hoy cae en la zona ""España"" con la misma tarifa que la península. Baleares sí está dentro del IVA y de la unión aduanera: solo falta el sobrecoste marítimo real.","SIN DATO. Canarias: dentro del territorio aduanero de la Unión pero fuera del IVA (IGIC/AIEM, DUA de introducción). Ceuta y Melilla: fuera del territorio aduanero de la Unión y del IVA (IPSI, importación). Hoy los tres se facturan como península.","SIN DATO: no hay constancia de arancel, IVA o IGIC/IPSI de importación, despacho, última milla ni seguro.",48.0,"Estimación calculada a partir del diámetro (40 kg a 17"" y +4 kg por pulgada). Fuente: exportación Shopify 2026-09-19. No es medición ni peso embalado.",NO CALCULABLE: falta el coste de proveedor,Coste de compra y divisa; incoterm; peso embalado real; plazo de entrega; tarifa de transporte por destino; impuestos y aranceles aplicables; si el PVP es precio final para el cliente; color real del código de acabado B; compatibilidad de vehículos verificada
SJW-074,OYL260416286,19x9.5 5x112 ET35 buje 66.5 mm,MB,"PENDIENTE. Los títulos y descripciones originales decían ""juego de 4"", pero ese texto lo generó la carga inicial del catálogo, no el proveedor: ninguna nota, metafield ni campo del proveedor menciona unidades. Sin documentar hasta que lo confirme el proveedor o lo decida el propietario.",899.00,"Escalera generada por diámetro en la carga inicial del catálogo: 16""=649,00 · 17""=699,00 · 18""=799,00 · 19""=899,00 · 20""=999,00 · 21""=1.099,00 · 22""=1.249,00 · 23""=1.399,00 €. Fuente: exportación Shopify 19-09-2026, verificada de nuevo el 20-09-2026. No validado comercialmente.",SIN DATO,SIN DATO,"SIN DATO. Tarifa vigente sin tocar: 6,99 € y gratis desde 55 € de pedido, sin condición de peso.","SIN DATO. Hoy cae en la zona ""España"" con la misma tarifa que la península. Baleares sí está dentro del IVA y de la unión aduanera: solo falta el sobrecoste marítimo real.","SIN DATO. Canarias: dentro del territorio aduanero de la Unión pero fuera del IVA (IGIC/AIEM, DUA de introducción). Ceuta y Melilla: fuera del territorio aduanero de la Unión y del IVA (IPSI, importación). Hoy los tres se facturan como península.","SIN DATO: no hay constancia de arancel, IVA o IGIC/IPSI de importación, despacho, última milla ni seguro.",48.0,"Estimación calculada a partir del diámetro (40 kg a 17"" y +4 kg por pulgada). Fuente: exportación Shopify 2026-09-19. No es medición ni peso embalado.",NO CALCULABLE: falta el coste de proveedor,Coste de compra y divisa; incoterm; peso embalado real; plazo de entrega; tarifa de transporte por destino; impuestos y aranceles aplicables; si el PVP es precio final para el cliente; color real del código de acabado MB; compatibilidad de vehículos verificada
SJW-074,OYL260416288,19x9.5 5x120 ET35 buje 72.6 mm,MB,"PENDIENTE. Los títulos y descripciones originales decían ""juego de 4"", pero ese texto lo generó la carga inicial del catálogo, no el proveedor: ninguna nota, metafield ni campo del proveedor menciona unidades. Sin documentar hasta que lo confirme el proveedor o lo decida el propietario.",899.00,"Escalera generada por diámetro en la carga inicial del catálogo: 16""=649,00 · 17""=699,00 · 18""=799,00 · 19""=899,00 · 20""=999,00 · 21""=1.099,00 · 22""=1.249,00 · 23""=1.399,00 €. Fuente: exportación Shopify 19-09-2026, verificada de nuevo el 20-09-2026. No validado comercialmente.",SIN DATO,SIN DATO,"SIN DATO. Tarifa vigente sin tocar: 6,99 € y gratis desde 55 € de pedido, sin condición de peso.","SIN DATO. Hoy cae en la zona ""España"" con la misma tarifa que la península. Baleares sí está dentro del IVA y de la unión aduanera: solo falta el sobrecoste marítimo real.","SIN DATO. Canarias: dentro del territorio aduanero de la Unión pero fuera del IVA (IGIC/AIEM, DUA de introducción). Ceuta y Melilla: fuera del territorio aduanero de la Unión y del IVA (IPSI, importación). Hoy los tres se facturan como península.","SIN DATO: no hay constancia de arancel, IVA o IGIC/IPSI de importación, despacho, última milla ni seguro.",48.0,"Estimación calculada a partir del diámetro (40 kg a 17"" y +4 kg por pulgada). Fuente: exportación Shopify 2026-09-19. No es medición ni peso embalado.",NO CALCULABLE: falta el coste de proveedor,Coste de compra y divisa; incoterm; peso embalado real; plazo de entrega; tarifa de transporte por destino; impuestos y aranceles aplicables; si el PVP es precio final para el cliente; color real del código de acabado MB; compatibilidad de vehículos verificada
SJW-074,OYL260416290,20x8.5 5x112 ET25 buje 66.5 mm,B,"PENDIENTE. Los títulos y descripciones originales decían ""juego de 4"", pero ese texto lo generó la carga inicial del catálogo, no el proveedor: ninguna nota, metafield ni campo del proveedor menciona unidades. Sin documentar hasta que lo confirme el proveedor o lo decida el propietario.",999.00,"Escalera generada por diámetro en la carga inicial del catálogo: 16""=649,00 · 17""=699,00 · 18""=799,00 · 19""=899,00 · 20""=999,00 · 21""=1.099,00 · 22""=1.249,00 · 23""=1.399,00 €. Fuente: exportación Shopify 19-09-2026, verificada de nuevo el 20-09-2026. No validado comercialmente.",SIN DATO,SIN DATO,"SIN DATO. Tarifa vigente sin tocar: 6,99 € y gratis desde 55 € de pedido, sin condición de peso.","SIN DATO. Hoy cae en la zona ""España"" con la misma tarifa que la península. Baleares sí está dentro del IVA y de la unión aduanera: solo falta el sobrecoste marítimo real.","SIN DATO. Canarias: dentro del territorio aduanero de la Unión pero fuera del IVA (IGIC/AIEM, DUA de introducción). Ceuta y Melilla: fuera del territorio aduanero de la Unión y del IVA (IPSI, importación). Hoy los tres se facturan como península.","SIN DATO: no hay constancia de arancel, IVA o IGIC/IPSI de importación, despacho, última milla ni seguro.",52.0,"Estimación calculada a partir del diámetro (40 kg a 17"" y +4 kg por pulgada). Fuente: exportación Shopify 2026-09-19. No es medición ni peso embalado.",NO CALCULABLE: falta el coste de proveedor,Coste de compra y divisa; incoterm; peso embalado real; plazo de entrega; tarifa de transporte por destino; impuestos y aranceles aplicables; si el PVP es precio final para el cliente; color real del código de acabado B; compatibilidad de vehículos verificada
SJW-074,OYL260416292,20x8.5 5x120 ET30 buje 72.56 mm,B,"PENDIENTE. Los títulos y descripciones originales decían ""juego de 4"", pero ese texto lo generó la carga inicial del catálogo, no el proveedor: ninguna nota, metafield ni campo del proveedor menciona unidades. Sin documentar hasta que lo confirme el proveedor o lo decida el propietario.",999.00,"Escalera generada por diámetro en la carga inicial del catálogo: 16""=649,00 · 17""=699,00 · 18""=799,00 · 19""=899,00 · 20""=999,00 · 21""=1.099,00 · 22""=1.249,00 · 23""=1.399,00 €. Fuente: exportación Shopify 19-09-2026, verificada de nuevo el 20-09-2026. No validado comercialmente.",SIN DATO,SIN DATO,"SIN DATO. Tarifa vigente sin tocar: 6,99 € y gratis desde 55 € de pedido, sin condición de peso.","SIN DATO. Hoy cae en la zona ""España"" con la misma tarifa que la península. Baleares sí está dentro del IVA y de la unión aduanera: solo falta el sobrecoste marítimo real.","SIN DATO. Canarias: dentro del territorio aduanero de la Unión pero fuera del IVA (IGIC/AIEM, DUA de introducción). Ceuta y Melilla: fuera del territorio aduanero de la Unión y del IVA (IPSI, importación). Hoy los tres se facturan como península.","SIN DATO: no hay constancia de arancel, IVA o IGIC/IPSI de importación, despacho, última milla ni seguro.",52.0,"Estimación calculada a partir del diámetro (40 kg a 17"" y +4 kg por pulgada). Fuente: exportación Shopify 2026-09-19. No es medición ni peso embalado.",NO CALCULABLE: falta el coste de proveedor,Coste de compra y divisa; incoterm; peso embalado real; plazo de entrega; tarifa de transporte por destino; impuestos y aranceles aplicables; si el PVP es precio final para el cliente; color real del código de acabado B; compatibilidad de vehículos verificada
SJW-074,OYL260416291,20x9.5 5x112 ET35 buje 66.5 mm,B,"PENDIENTE. Los títulos y descripciones originales decían ""juego de 4"", pero ese texto lo generó la carga inicial del catálogo, no el proveedor: ninguna nota, metafield ni campo del proveedor menciona unidades. Sin documentar hasta que lo confirme el proveedor o lo decida el propietario.",999.00,"Escalera generada por diámetro en la carga inicial del catálogo: 16""=649,00 · 17""=699,00 · 18""=799,00 · 19""=899,00 · 20""=999,00 · 21""=1.099,00 · 22""=1.249,00 · 23""=1.399,00 €. Fuente: exportación Shopify 19-09-2026, verificada de nuevo el 20-09-2026. No validado comercialmente.",SIN DATO,SIN DATO,"SIN DATO. Tarifa vigente sin tocar: 6,99 € y gratis desde 55 € de pedido, sin condición de peso.","SIN DATO. Hoy cae en la zona ""España"" con la misma tarifa que la península. Baleares sí está dentro del IVA y de la unión aduanera: solo falta el sobrecoste marítimo real.","SIN DATO. Canarias: dentro del territorio aduanero de la Unión pero fuera del IVA (IGIC/AIEM, DUA de introducción). Ceuta y Melilla: fuera del territorio aduanero de la Unión y del IVA (IPSI, importación). Hoy los tres se facturan como península.","SIN DATO: no hay constancia de arancel, IVA o IGIC/IPSI de importación, despacho, última milla ni seguro.",52.0,"Estimación calculada a partir del diámetro (40 kg a 17"" y +4 kg por pulgada). Fuente: exportación Shopify 2026-09-19. No es medición ni peso embalado.",NO CALCULABLE: falta el coste de proveedor,Coste de compra y divisa; incoterm; peso embalado real; plazo de entrega; tarifa de transporte por destino; impuestos y aranceles aplicables; si el PVP es precio final para el cliente; color real del código de acabado B; compatibilidad de vehículos verificada
SJW-074,OYL260416293,20x9.5 5x120 ET35 buje 72.56 mm,B,"PENDIENTE. Los títulos y descripciones originales decían ""juego de 4"", pero ese texto lo generó la carga inicial del catálogo, no el proveedor: ninguna nota, metafield ni campo del proveedor menciona unidades. Sin documentar hasta que lo confirme el proveedor o lo decida el propietario.",999.00,"Escalera generada por diámetro en la carga inicial del catálogo: 16""=649,00 · 17""=699,00 · 18""=799,00 · 19""=899,00 · 20""=999,00 · 21""=1.099,00 · 22""=1.249,00 · 23""=1.399,00 €. Fuente: exportación Shopify 19-09-2026, verificada de nuevo el 20-09-2026. No validado comercialmente.",SIN DATO,SIN DATO,"SIN DATO. Tarifa vigente sin tocar: 6,99 € y gratis desde 55 € de pedido, sin condición de peso.","SIN DATO. Hoy cae en la zona ""España"" con la misma tarifa que la península. Baleares sí está dentro del IVA y de la unión aduanera: solo falta el sobrecoste marítimo real.","SIN DATO. Canarias: dentro del territorio aduanero de la Unión pero fuera del IVA (IGIC/AIEM, DUA de introducción). Ceuta y Melilla: fuera del territorio aduanero de la Unión y del IVA (IPSI, importación). Hoy los tres se facturan como península.","SIN DATO: no hay constancia de arancel, IVA o IGIC/IPSI de importación, despacho, última milla ni seguro.",52.0,"Estimación calculada a partir del diámetro (40 kg a 17"" y +4 kg por pulgada). Fuente: exportación Shopify 2026-09-19. No es medición ni peso embalado.",NO CALCULABLE: falta el coste de proveedor,Coste de compra y divisa; incoterm; peso embalado real; plazo de entrega; tarifa de transporte por destino; impuestos y aranceles aplicables; si el PVP es precio final para el cliente; color real del código de acabado B; compatibilidad de vehículos verificada
SJW-124,OYL260416426,19x8.5 5x112 ET36 buje 66.5 mm,MG,"PENDIENTE. Los títulos y descripciones originales decían ""juego de 4"", pero ese texto lo generó la carga inicial del catálogo, no el proveedor: ninguna nota, metafield ni campo del proveedor menciona unidades. Sin documentar hasta que lo confirme el proveedor o lo decida el propietario.",899.00,"Escalera generada por diámetro en la carga inicial del catálogo: 16""=649,00 · 17""=699,00 · 18""=799,00 · 19""=899,00 · 20""=999,00 · 21""=1.099,00 · 22""=1.249,00 · 23""=1.399,00 €. Fuente: exportación Shopify 19-09-2026, verificada de nuevo el 20-09-2026. No validado comercialmente.",SIN DATO,SIN DATO,"SIN DATO. Tarifa vigente sin tocar: 6,99 € y gratis desde 55 € de pedido, sin condición de peso.","SIN DATO. Hoy cae en la zona ""España"" con la misma tarifa que la península. Baleares sí está dentro del IVA y de la unión aduanera: solo falta el sobrecoste marítimo real.","SIN DATO. Canarias: dentro del territorio aduanero de la Unión pero fuera del IVA (IGIC/AIEM, DUA de introducción). Ceuta y Melilla: fuera del territorio aduanero de la Unión y del IVA (IPSI, importación). Hoy los tres se facturan como península.","SIN DATO: no hay constancia de arancel, IVA o IGIC/IPSI de importación, despacho, última milla ni seguro.",48.0,"Estimación calculada a partir del diámetro (40 kg a 17"" y +4 kg por pulgada). Fuente: exportación Shopify 2026-09-19. No es medición ni peso embalado.",NO CALCULABLE: falta el coste de proveedor,Coste de compra y divisa; incoterm; peso embalado real; plazo de entrega; tarifa de transporte por destino; impuestos y aranceles aplicables; si el PVP es precio final para el cliente; color real del código de acabado MG; compatibilidad de vehículos verificada
SJW-124,OYL260416427,19x9.5 5x112 ET43 buje 66.5 mm,MG,"PENDIENTE. Los títulos y descripciones originales decían ""juego de 4"", pero ese texto lo generó la carga inicial del catálogo, no el proveedor: ninguna nota, metafield ni campo del proveedor menciona unidades. Sin documentar hasta que lo confirme el proveedor o lo decida el propietario.",899.00,"Escalera generada por diámetro en la carga inicial del catálogo: 16""=649,00 · 17""=699,00 · 18""=799,00 · 19""=899,00 · 20""=999,00 · 21""=1.099,00 · 22""=1.249,00 · 23""=1.399,00 €. Fuente: exportación Shopify 19-09-2026, verificada de nuevo el 20-09-2026. No validado comercialmente.",SIN DATO,SIN DATO,"SIN DATO. Tarifa vigente sin tocar: 6,99 € y gratis desde 55 € de pedido, sin condición de peso.","SIN DATO. Hoy cae en la zona ""España"" con la misma tarifa que la península. Baleares sí está dentro del IVA y de la unión aduanera: solo falta el sobrecoste marítimo real.","SIN DATO. Canarias: dentro del territorio aduanero de la Unión pero fuera del IVA (IGIC/AIEM, DUA de introducción). Ceuta y Melilla: fuera del territorio aduanero de la Unión y del IVA (IPSI, importación). Hoy los tres se facturan como península.","SIN DATO: no hay constancia de arancel, IVA o IGIC/IPSI de importación, despacho, última milla ni seguro.",48.0,"Estimación calculada a partir del diámetro (40 kg a 17"" y +4 kg por pulgada). Fuente: exportación Shopify 2026-09-19. No es medición ni peso embalado.",NO CALCULABLE: falta el coste de proveedor,Coste de compra y divisa; incoterm; peso embalado real; plazo de entrega; tarifa de transporte por destino; impuestos y aranceles aplicables; si el PVP es precio final para el cliente; color real del código de acabado MG; compatibilidad de vehículos verificada
SJW-124,OYL260416428,20x8.5 5x112 ET36 buje 66.5 mm,MG,"PENDIENTE. Los títulos y descripciones originales decían ""juego de 4"", pero ese texto lo generó la carga inicial del catálogo, no el proveedor: ninguna nota, metafield ni campo del proveedor menciona unidades. Sin documentar hasta que lo confirme el proveedor o lo decida el propietario.",999.00,"Escalera generada por diámetro en la carga inicial del catálogo: 16""=649,00 · 17""=699,00 · 18""=799,00 · 19""=899,00 · 20""=999,00 · 21""=1.099,00 · 22""=1.249,00 · 23""=1.399,00 €. Fuente: exportación Shopify 19-09-2026, verificada de nuevo el 20-09-2026. No validado comercialmente.",SIN DATO,SIN DATO,"SIN DATO. Tarifa vigente sin tocar: 6,99 € y gratis desde 55 € de pedido, sin condición de peso.","SIN DATO. Hoy cae en la zona ""España"" con la misma tarifa que la península. Baleares sí está dentro del IVA y de la unión aduanera: solo falta el sobrecoste marítimo real.","SIN DATO. Canarias: dentro del territorio aduanero de la Unión pero fuera del IVA (IGIC/AIEM, DUA de introducción). Ceuta y Melilla: fuera del territorio aduanero de la Unión y del IVA (IPSI, importación). Hoy los tres se facturan como península.","SIN DATO: no hay constancia de arancel, IVA o IGIC/IPSI de importación, despacho, última milla ni seguro.",52.0,"Estimación calculada a partir del diámetro (40 kg a 17"" y +4 kg por pulgada). Fuente: exportación Shopify 2026-09-19. No es medición ni peso embalado.",NO CALCULABLE: falta el coste de proveedor,Coste de compra y divisa; incoterm; peso embalado real; plazo de entrega; tarifa de transporte por destino; impuestos y aranceles aplicables; si el PVP es precio final para el cliente; color real del código de acabado MG; compatibilidad de vehículos verificada
SJW-124,OYL260416429,20x9.5 5x112 ET43 buje 66.5 mm,MG,"PENDIENTE. Los títulos y descripciones originales decían ""juego de 4"", pero ese texto lo generó la carga inicial del catálogo, no el proveedor: ninguna nota, metafield ni campo del proveedor menciona unidades. Sin documentar hasta que lo confirme el proveedor o lo decida el propietario.",999.00,"Escalera generada por diámetro en la carga inicial del catálogo: 16""=649,00 · 17""=699,00 · 18""=799,00 · 19""=899,00 · 20""=999,00 · 21""=1.099,00 · 22""=1.249,00 · 23""=1.399,00 €. Fuente: exportación Shopify 19-09-2026, verificada de nuevo el 20-09-2026. No validado comercialmente.",SIN DATO,SIN DATO,"SIN DATO. Tarifa vigente sin tocar: 6,99 € y gratis desde 55 € de pedido, sin condición de peso.","SIN DATO. Hoy cae en la zona ""España"" con la misma tarifa que la península. Baleares sí está dentro del IVA y de la unión aduanera: solo falta el sobrecoste marítimo real.","SIN DATO. Canarias: dentro del territorio aduanero de la Unión pero fuera del IVA (IGIC/AIEM, DUA de introducción). Ceuta y Melilla: fuera del territorio aduanero de la Unión y del IVA (IPSI, importación). Hoy los tres se facturan como península.","SIN DATO: no hay constancia de arancel, IVA o IGIC/IPSI de importación, despacho, última milla ni seguro.",52.0,"Estimación calculada a partir del diámetro (40 kg a 17"" y +4 kg por pulgada). Fuente: exportación Shopify 2026-09-19. No es medición ni peso embalado.",NO CALCULABLE: falta el coste de proveedor,Coste de compra y divisa; incoterm; peso embalado real; plazo de entrega; tarifa de transporte por destino; impuestos y aranceles aplicables; si el PVP es precio final para el cliente; color real del código de acabado MG; compatibilidad de vehículos verificada
